Training images: is_ellipse, center_x, center_y, angle, axis_1, axis_2
images/train/0000.jpg False, 0, 0, 0, 0, 0
images/train/0001.jpg True, 34, 32, 25, 16, 17
images/train/0002.jpg False, 0, 0, 0, 0, 0
images/train/0003.jpg False, 0, 0, 0, 0, 0
images/train/0004.jpg True, 18, 19, 150, 20, 15
images/train/0005.jpg True, 33, 29, 327, 14, 8
images/train/0006.jpg False, 0, 0, 0, 0, 0
images/train/0007.jpg False, 0, 0, 0, 0, 0
images/train/0008.jpg False, 0, 0, 0, 0, 0
images/train/0009.jpg True, 20, 19, 261, 15, 16
images/train/0010.jpg True, 26, 27, 61, 15, 24
images/train/0011.jpg True, 20, 17, 216, 18, 8
images/train/0012.jpg True, 15, 25, 42, 8, 6
images/train/0013.jpg True, 23, 18, 95, 10, 10
images/train/0014.jpg False, 0, 0, 0, 0, 0
images/train/0015.jpg True, 26, 28, 357, 15, 18
images/train/0016.jpg True, 24, 25, 160, 4, 13
images/train/0017.jpg False, 0, 0, 0, 0, 0
images/train/0018.jpg True, 18, 26, 112, 7, 10
images/train/0019.jpg False, 0, 0, 0, 0, 0
images/train/0020.jpg False, 0, 0, 0, 0, 0
images/train/0021.jpg True, 27, 28, 63, 17, 4
images/train/0022.jpg True, 26, 29, 342, 18, 20
images/train/0023.jpg True, 20, 23, 250, 12, 7
images/train/0024.jpg True, 32, 32, 314, 12, 3
images/train/0025.jpg False, 0, 0, 0, 0, 0
images/train/0026.jpg True, 16, 30, 138, 19, 5
images/train/0027.jpg False, 0, 0, 0, 0, 0
images/train/0028.jpg False, 0, 0, 0, 0, 0
images/train/0029.jpg False, 0, 0, 0, 0, 0
images/train/0030.jpg True, 26, 16, 349, 6, 7
images/train/0031.jpg True, 16, 19, 135, 18, 16
images/train/0032.jpg True, 27, 25, 294, 8, 13
images/train/0033.jpg True, 30, 16, 154, 16, 17
images/train/0034.jpg False, 0, 0, 0, 0, 0
images/train/0035.jpg True, 20, 25, 112, 8, 12
images/train/0036.jpg True, 22, 17, 118, 23, 22
images/train/0037.jpg True, 20, 18, 111, 14, 14
images/train/0038.jpg False, 0, 0, 0, 0, 0
images/train/0039.jpg True, 25, 31, 194, 22, 21
images/train/0040.jpg True, 20, 18, 74, 18, 12
images/train/0041.jpg False, 0, 0, 0, 0, 0
images/train/0042.jpg True, 29, 29, 268, 4, 20
images/train/0043.jpg True, 23, 33, 251, 20, 13
images/train/0044.jpg True, 29, 16, 230, 14, 18
images/train/0045.jpg True, 16, 30, 324, 13, 24
images/train/0046.jpg False, 0, 0, 0, 0, 0
images/train/0047.jpg False, 0, 0, 0, 0, 0
images/train/0048.jpg True, 34, 28, 61, 16, 10
images/train/0049.jpg True, 27, 26, 73, 12, 15
images/train/0050.jpg True, 15, 17, 170, 23, 11
images/train/0051.jpg False, 0, 0, 0, 0, 0
images/train/0052.jpg False, 0, 0, 0, 0, 0
images/train/0053.jpg True, 30, 15, 270, 5, 8
images/train/0054.jpg True, 19, 20, 77, 8, 4
images/train/0055.jpg True, 18, 26, 284, 6, 3
images/train/0056.jpg False, 0, 0, 0, 0, 0
images/train/0057.jpg True, 25, 32, 8, 18, 6
images/train/0058.jpg False, 0, 0, 0, 0, 0
images/train/0059.jpg False, 0, 0, 0, 0, 0
images/train/0060.jpg True, 20, 27, 110, 17, 19
images/train/0061.jpg True, 27, 23, 349, 11, 20
images/train/0062.jpg True, 18, 27, 143, 3, 22
images/train/0063.jpg False, 0, 0, 0, 0, 0
images/train/0064.jpg True, 23, 25, 341, 10, 8
images/train/0065.jpg True, 19, 20, 198, 15, 16
images/train/0066.jpg True, 29, 28, 10, 4, 9
images/train/0067.jpg False, 0, 0, 0, 0, 0
images/train/0068.jpg True, 17, 30, 342, 22, 11
images/train/0069.jpg True, 26, 18, 95, 15, 17
images/train/0070.jpg False, 0, 0, 0, 0, 0
images/train/0071.jpg True, 16, 20, 318, 6, 6
images/train/0072.jpg True, 31, 32, 125, 11, 19
images/train/0073.jpg True, 20, 18, 304, 9, 14
images/train/0074.jpg True, 32, 34, 128, 14, 6
images/train/0075.jpg True, 27, 29, 5, 9, 20
images/train/0076.jpg True, 33, 24, 308, 9, 14
images/train/0077.jpg False, 0, 0, 0, 0, 0
images/train/0078.jpg True, 18, 18, 196, 7, 5
images/train/0079.jpg True, 29, 17, 116, 12, 11
images/train/0080.jpg True, 22, 17, 196, 14, 4
images/train/0081.jpg False, 0, 0, 0, 0, 0
images/train/0082.jpg True, 19, 22, 133, 18, 14
images/train/0083.jpg True, 20, 23, 308, 23, 3
images/train/0084.jpg True, 31, 34, 303, 17, 23
images/train/0085.jpg True, 26, 15, 171, 12, 19
images/train/0086.jpg False, 0, 0, 0, 0, 0
images/train/0087.jpg True, 15, 24, 43, 12, 20
images/train/0088.jpg False, 0, 0, 0, 0, 0
images/train/0089.jpg True, 17, 23, 132, 22, 15
images/train/0090.jpg False, 0, 0, 0, 0, 0
images/train/0091.jpg False, 0, 0, 0, 0, 0
images/train/0092.jpg False, 0, 0, 0, 0, 0
images/train/0093.jpg True, 29, 32, 100, 16, 16
images/train/0094.jpg False, 0, 0, 0, 0, 0
images/train/0095.jpg True, 18, 24, 257, 23, 13
images/train/0096.jpg False, 0, 0, 0, 0, 0
images/train/0097.jpg False, 0, 0, 0, 0, 0
images/train/0098.jpg True, 32, 22, 285, 23, 4
images/train/0099.jpg False, 0, 0, 0, 0, 0
images/train/0100.jpg True, 23, 18, 187, 13, 16
images/train/0101.jpg False, 0, 0, 0, 0, 0
images/train/0102.jpg True, 19, 16, 354, 8, 9
images/train/0103.jpg True, 25, 29, 249, 13, 11
images/train/0104.jpg True, 25, 33, 165, 6, 5
images/train/0105.jpg True, 31, 32, 321, 12, 19
images/train/0106.jpg False, 0, 0, 0, 0, 0
images/train/0107.jpg True, 24, 22, 44, 23, 18
images/train/0108.jpg True, 30, 31, 258, 17, 13
images/train/0109.jpg True, 26, 16, 234, 11, 11
images/train/0110.jpg True, 31, 22, 231, 16, 16
images/train/0111.jpg True, 20, 21, 168, 12, 17
images/train/0112.jpg True, 16, 22, 243, 18, 22
images/train/0113.jpg True, 30, 23, 327, 13, 24
images/train/0114.jpg True, 19, 24, 0, 13, 18
images/train/0115.jpg False, 0, 0, 0, 0, 0
images/train/0116.jpg True, 15, 33, 342, 17, 7
images/train/0117.jpg True, 23, 26, 170, 23, 4
images/train/0118.jpg True, 16, 26, 162, 7, 10
images/train/0119.jpg True, 27, 33, 334, 10, 21
images/train/0120.jpg True, 33, 24, 315, 13, 22
images/train/0121.jpg True, 28, 20, 63, 16, 4
images/train/0122.jpg False, 0, 0, 0, 0, 0
images/train/0123.jpg False, 0, 0, 0, 0, 0
images/train/0124.jpg True, 23, 21, 341, 22, 8
images/train/0125.jpg True, 31, 18, 124, 14, 20
images/train/0126.jpg True, 24, 32, 223, 3, 24
images/train/0127.jpg True, 26, 20, 63, 16, 12
images/train/0128.jpg True, 32, 32, 172, 21, 11
images/train/0129.jpg False, 0, 0, 0, 0, 0
images/train/0130.jpg True, 26, 18, 203, 23, 6
images/train/0131.jpg False, 0, 0, 0, 0, 0
images/train/0132.jpg True, 22, 18, 262, 8, 16
images/train/0133.jpg True, 27, 26, 70, 9, 12
images/train/0134.jpg True, 19, 19, 39, 21, 14
images/train/0135.jpg True, 28, 16, 351, 17, 5
images/train/0136.jpg False, 0, 0, 0, 0, 0
images/train/0137.jpg True, 34, 16, 78, 6, 8
images/train/0138.jpg True, 23, 19, 217, 11, 23
images/train/0139.jpg True, 24, 32, 79, 15, 21
images/train/0140.jpg True, 22, 33, 17, 3, 14
images/train/0141.jpg True, 30, 27, 148, 8, 23
images/train/0142.jpg False, 0, 0, 0, 0, 0
images/train/0143.jpg False, 0, 0, 0, 0, 0
images/train/0144.jpg True, 25, 18, 234, 8, 23
images/train/0145.jpg True, 16, 23, 257, 12, 13
images/train/0146.jpg False, 0, 0, 0, 0, 0
images/train/0147.jpg True, 32, 34, 250, 7, 18
images/train/0148.jpg True, 15, 22, 37, 21, 11
images/train/0149.jpg False, 0, 0, 0, 0, 0
images/train/0150.jpg True, 34, 16, 318, 20, 9
images/train/0151.jpg False, 0, 0, 0, 0, 0
images/train/0152.jpg True, 24, 24, 169, 10, 24
images/train/0153.jpg True, 24, 32, 359, 24, 15
images/train/0154.jpg True, 17, 20, 107, 14, 14
images/train/0155.jpg True, 34, 18, 287, 15, 9
images/train/0156.jpg False, 0, 0, 0, 0, 0
images/train/0157.jpg False, 0, 0, 0, 0, 0
images/train/0158.jpg False, 0, 0, 0, 0, 0
images/train/0159.jpg False, 0, 0, 0, 0, 0
images/train/0160.jpg False, 0, 0, 0, 0, 0
images/train/0161.jpg True, 15, 17, 258, 11, 15
images/train/0162.jpg True, 28, 34, 336, 6, 14
images/train/0163.jpg True, 31, 23, 355, 19, 13
images/train/0164.jpg True, 31, 19, 116, 14, 15
images/train/0165.jpg False, 0, 0, 0, 0, 0
images/train/0166.jpg True, 25, 34, 208, 10, 17
images/train/0167.jpg True, 26, 33, 81, 5, 10
images/train/0168.jpg True, 24, 31, 183, 13, 8
images/train/0169.jpg True, 27, 17, 163, 11, 3
images/train/0170.jpg True, 19, 18, 125, 22, 19
images/train/0171.jpg True, 16, 27, 218, 3, 15
images/train/0172.jpg True, 30, 29, 15, 5, 8
images/train/0173.jpg True, 19, 31, 310, 22, 19
images/train/0174.jpg True, 15, 31, 200, 11, 11
images/train/0175.jpg True, 16, 25, 158, 8, 3
images/train/0176.jpg True, 28, 34, 274, 10, 24
images/train/0177.jpg False, 0, 0, 0, 0, 0
images/train/0178.jpg False, 0, 0, 0, 0, 0
images/train/0179.jpg False, 0, 0, 0, 0, 0
images/train/0180.jpg True, 20, 21, 78, 16, 12
images/train/0181.jpg True, 19, 34, 249, 13, 13
images/train/0182.jpg True, 26, 25, 97, 15, 16
images/train/0183.jpg True, 16, 20, 215, 4, 8
images/train/0184.jpg True, 29, 23, 22, 11, 22
images/train/0185.jpg False, 0, 0, 0, 0, 0
images/train/0186.jpg False, 0, 0, 0, 0, 0
images/train/0187.jpg True, 31, 27, 320, 16, 10
images/train/0188.jpg True, 20, 32, 260, 21, 17
images/train/0189.jpg False, 0, 0, 0, 0, 0
images/train/0190.jpg True, 22, 25, 135, 10, 15
images/train/0191.jpg True, 29, 16, 77, 13, 12
images/train/0192.jpg False, 0, 0, 0, 0, 0
images/train/0193.jpg True, 24, 25, 46, 22, 7
images/train/0194.jpg True, 32, 20, 184, 21, 10
images/train/0195.jpg True, 31, 33, 9, 6, 3
images/train/0196.jpg False, 0, 0, 0, 0, 0
images/train/0197.jpg True, 34, 16, 216, 10, 20
images/train/0198.jpg False, 0, 0, 0, 0, 0
images/train/0199.jpg False, 0, 0, 0, 0, 0
images/train/0200.jpg True, 28, 32, 101, 24, 15
images/train/0201.jpg True, 22, 32, 297, 17, 19
images/train/0202.jpg False, 0, 0, 0, 0, 0
images/train/0203.jpg True, 31, 29, 41, 14, 21
images/train/0204.jpg False, 0, 0, 0, 0, 0
images/train/0205.jpg True, 31, 23, 282, 12, 8
images/train/0206.jpg True, 21, 25, 148, 9, 5
images/train/0207.jpg False, 0, 0, 0, 0, 0
images/train/0208.jpg False, 0, 0, 0, 0, 0
images/train/0209.jpg True, 25, 24, 304, 19, 20
images/train/0210.jpg True, 28, 16, 201, 20, 23
images/train/0211.jpg True, 15, 25, 227, 23, 8
images/train/0212.jpg True, 18, 23, 38, 18, 13
images/train/0213.jpg True, 31, 15, 180, 19, 11
images/train/0214.jpg True, 21, 27, 294, 22, 12
images/train/0215.jpg False, 0, 0, 0, 0, 0
images/train/0216.jpg True, 24, 31, 253, 6, 10
images/train/0217.jpg False, 0, 0, 0, 0, 0
images/train/0218.jpg True, 30, 19, 282, 13, 24
images/train/0219.jpg True, 23, 21, 166, 17, 23
images/train/0220.jpg True, 19, 31, 36, 9, 4
images/train/0221.jpg True, 22, 26, 12, 3, 5
images/train/0222.jpg True, 15, 32, 330, 3, 15
images/train/0223.jpg True, 32, 21, 231, 11, 23
images/train/0224.jpg True, 31, 16, 323, 18, 24
images/train/0225.jpg True, 18, 24, 184, 24, 12
images/train/0226.jpg True, 20, 31, 120, 24, 3
images/train/0227.jpg True, 19, 33, 186, 10, 14
images/train/0228.jpg True, 15, 20, 190, 20, 17
images/train/0229.jpg False, 0, 0, 0, 0, 0
images/train/0230.jpg True, 17, 18, 352, 4, 4
images/train/0231.jpg True, 25, 23, 111, 22, 19
images/train/0232.jpg True, 15, 20, 276, 13, 24
images/train/0233.jpg True, 31, 28, 106, 3, 17
images/train/0234.jpg True, 25, 28, 284, 17, 10
images/train/0235.jpg False, 0, 0, 0, 0, 0
images/train/0236.jpg True, 15, 34, 12, 22, 15
images/train/0237.jpg False, 0, 0, 0, 0, 0
images/train/0238.jpg True, 17, 28, 155, 14, 8
images/train/0239.jpg True, 18, 29, 78, 17, 21
images/train/0240.jpg False, 0, 0, 0, 0, 0
images/train/0241.jpg True, 22, 29, 262, 14, 8
images/train/0242.jpg False, 0, 0, 0, 0, 0
images/train/0243.jpg True, 18, 33, 291, 24, 10
images/train/0244.jpg True, 30, 15, 219, 8, 15
images/train/0245.jpg True, 34, 20, 326, 11, 15
images/train/0246.jpg True, 17, 18, 187, 4, 14
images/train/0247.jpg True, 33, 34, 242, 17, 19
images/train/0248.jpg True, 16, 29, 148, 7, 14
images/train/0249.jpg True, 21, 28, 48, 22, 12
images/train/0250.jpg True, 26, 32, 28, 3, 10
images/train/0251.jpg True, 16, 23, 271, 23, 6
images/train/0252.jpg True, 21, 15, 0, 4, 18
images/train/0253.jpg True, 31, 31, 206, 15, 17
images/train/0254.jpg True, 18, 28, 190, 4, 9
images/train/0255.jpg True, 21, 18, 21, 6, 5
images/train/0256.jpg False, 0, 0, 0, 0, 0
images/train/0257.jpg True, 30, 26, 178, 13, 17
images/train/0258.jpg True, 29, 27, 358, 5, 18
images/train/0259.jpg True, 16, 22, 70, 4, 21
images/train/0260.jpg True, 28, 22, 195, 9, 13
images/train/0261.jpg False, 0, 0, 0, 0, 0
images/train/0262.jpg True, 26, 22, 88, 11, 5
images/train/0263.jpg True, 23, 23, 216, 23, 3
images/train/0264.jpg True, 26, 29, 151, 24, 12
images/train/0265.jpg True, 34, 31, 192, 13, 19
images/train/0266.jpg True, 16, 34, 296, 19, 16
images/train/0267.jpg True, 33, 23, 77, 19, 12
images/train/0268.jpg True, 31, 18, 137, 22, 23
images/train/0269.jpg True, 24, 15, 139, 16, 4
images/train/0270.jpg True, 33, 31, 96, 3, 11
images/train/0271.jpg True, 26, 31, 332, 16, 5
images/train/0272.jpg True, 29, 20, 54, 17, 18
images/train/0273.jpg True, 27, 17, 342, 13, 6
images/train/0274.jpg True, 32, 32, 164, 18, 12
images/train/0275.jpg False, 0, 0, 0, 0, 0
images/train/0276.jpg False, 0, 0, 0, 0, 0
images/train/0277.jpg True, 28, 30, 35, 21, 24
images/train/0278.jpg True, 27, 21, 278, 20, 11
images/train/0279.jpg True, 26, 30, 145, 16, 14
images/train/0280.jpg True, 15, 31, 231, 3, 22
images/train/0281.jpg True, 16, 28, 267, 16, 19
images/train/0282.jpg True, 20, 27, 47, 13, 17
images/train/0283.jpg True, 23, 33, 62, 8, 22
images/train/0284.jpg True, 31, 34, 48, 19, 12
images/train/0285.jpg True, 19, 26, 107, 14, 15
images/train/0286.jpg True, 32, 15, 72, 12, 13
images/train/0287.jpg True, 33, 16, 16, 17, 6
images/train/0288.jpg False, 0, 0, 0, 0, 0
images/train/0289.jpg True, 19, 34, 341, 12, 6
images/train/0290.jpg True, 19, 21, 287, 17, 12
images/train/0291.jpg True, 33, 23, 336, 8, 9
images/train/0292.jpg True, 28, 19, 94, 8, 11
images/train/0293.jpg False, 0, 0, 0, 0, 0
images/train/0294.jpg True, 15, 18, 86, 11, 21
images/train/0295.jpg False, 0, 0, 0, 0, 0
images/train/0296.jpg True, 33, 19, 174, 6, 19
images/train/0297.jpg True, 28, 28, 219, 6, 6
images/train/0298.jpg True, 18, 25, 114, 18, 12
images/train/0299.jpg True, 19, 20, 126, 21, 16
images/train/0300.jpg True, 27, 21, 340, 17, 7
images/train/0301.jpg False, 0, 0, 0, 0, 0
images/train/0302.jpg False, 0, 0, 0, 0, 0
images/train/0303.jpg True, 25, 25, 111, 13, 7
images/train/0304.jpg True, 21, 21, 304, 4, 21
images/train/0305.jpg True, 22, 34, 227, 17, 13
images/train/0306.jpg True, 27, 16, 0, 17, 6
images/train/0307.jpg True, 28, 31, 355, 5, 7
images/train/0308.jpg False, 0, 0, 0, 0, 0
images/train/0309.jpg False, 0, 0, 0, 0, 0
images/train/0310.jpg True, 19, 34, 127, 19, 9
images/train/0311.jpg True, 31, 19, 165, 18, 3
images/train/0312.jpg False, 0, 0, 0, 0, 0
images/train/0313.jpg True, 29, 30, 192, 6, 20
images/train/0314.jpg False, 0, 0, 0, 0, 0
images/train/0315.jpg True, 33, 29, 211, 21, 9
images/train/0316.jpg True, 22, 32, 99, 4, 16
images/train/0317.jpg True, 20, 25, 102, 20, 20
images/train/0318.jpg True, 32, 23, 317, 4, 18
images/train/0319.jpg True, 34, 34, 158, 5, 18
images/train/0320.jpg False, 0, 0, 0, 0, 0
images/train/0321.jpg True, 15, 26, 48, 16, 9
images/train/0322.jpg False, 0, 0, 0, 0, 0
images/train/0323.jpg False, 0, 0, 0, 0, 0
images/train/0324.jpg True, 19, 28, 288, 19, 15
images/train/0325.jpg True, 22, 18, 166, 17, 10
images/train/0326.jpg False, 0, 0, 0, 0, 0
images/train/0327.jpg True, 21, 19, 258, 23, 16
images/train/0328.jpg True, 32, 27, 216, 13, 3
images/train/0329.jpg True, 17, 30, 304, 22, 23
images/train/0330.jpg True, 28, 16, 13, 16, 24
images/train/0331.jpg True, 17, 15, 184, 4, 6
images/train/0332.jpg True, 25, 16, 198, 11, 5
images/train/0333.jpg False, 0, 0, 0, 0, 0
images/train/0334.jpg True, 31, 28, 156, 8, 15
images/train/0335.jpg True, 25, 30, 245, 24, 12
images/train/0336.jpg True, 18, 18, 96, 5, 16
images/train/0337.jpg True, 16, 24, 81, 16, 22
images/train/0338.jpg True, 27, 32, 277, 14, 4
images/train/0339.jpg True, 30, 27, 307, 4, 6
images/train/0340.jpg False, 0, 0, 0, 0, 0
images/train/0341.jpg True, 29, 23, 136, 17, 15
images/train/0342.jpg True, 25, 25, 70, 16, 4
images/train/0343.jpg True, 28, 34, 270, 17, 4
images/train/0344.jpg True, 18, 15, 318, 4, 3
images/train/0345.jpg True, 29, 27, 177, 14, 3
images/train/0346.jpg True, 20, 31, 263, 11, 17
images/train/0347.jpg True, 27, 27, 181, 8, 7
images/train/0348.jpg True, 19, 30, 218, 24, 5
images/train/0349.jpg True, 27, 33, 204, 20, 24
images/train/0350.jpg True, 15, 18, 51, 23, 10
images/train/0351.jpg False, 0, 0, 0, 0, 0
images/train/0352.jpg False, 0, 0, 0, 0, 0
images/train/0353.jpg True, 28, 24, 211, 14, 22
images/train/0354.jpg True, 24, 21, 2, 5, 14
images/train/0355.jpg True, 30, 30, 57, 21, 14
images/train/0356.jpg True, 18, 28, 182, 4, 13
images/train/0357.jpg False, 0, 0, 0, 0, 0
images/train/0358.jpg True, 26, 24, 309, 13, 12
images/train/0359.jpg True, 16, 29, 247, 19, 16
images/train/0360.jpg True, 16, 27, 193, 10, 24
images/train/0361.jpg False, 0, 0, 0, 0, 0
images/train/0362.jpg True, 23, 24, 309, 10, 3
images/train/0363.jpg True, 19, 26, 18, 18, 21
images/train/0364.jpg True, 25, 16, 36, 24, 19
images/train/0365.jpg True, 32, 33, 249, 7, 9
images/train/0366.jpg True, 18, 16, 18, 24, 15
images/train/0367.jpg True, 15, 23, 12, 22, 17
images/train/0368.jpg False, 0, 0, 0, 0, 0
images/train/0369.jpg True, 34, 26, 161, 18, 3
images/train/0370.jpg True, 32, 30, 315, 11, 10
images/train/0371.jpg False, 0, 0, 0, 0, 0
images/train/0372.jpg True, 23, 34, 50, 13, 21
images/train/0373.jpg True, 34, 25, 48, 5, 8
images/train/0374.jpg True, 26, 31, 4, 22, 10
images/train/0375.jpg False, 0, 0, 0, 0, 0
images/train/0376.jpg True, 20, 27, 144, 9, 18
images/train/0377.jpg True, 17, 22, 77, 3, 24
images/train/0378.jpg True, 31, 21, 268, 5, 8
images/train/0379.jpg False, 0, 0, 0, 0, 0
images/train/0380.jpg True, 18, 17, 11, 7, 19
images/train/0381.jpg True, 17, 19, 235, 11, 7
images/train/0382.jpg False, 0, 0, 0, 0, 0
images/train/0383.jpg False, 0, 0, 0, 0, 0
images/train/0384.jpg True, 18, 15, 195, 11, 13
images/train/0385.jpg True, 30, 20, 232, 5, 8
images/train/0386.jpg True, 33, 32, 272, 16, 22
images/train/0387.jpg True, 25, 21, 299, 16, 12
images/train/0388.jpg False, 0, 0, 0, 0, 0
images/train/0389.jpg False, 0, 0, 0, 0, 0
images/train/0390.jpg False, 0, 0, 0, 0, 0
images/train/0391.jpg False, 0, 0, 0, 0, 0
images/train/0392.jpg False, 0, 0, 0, 0, 0
images/train/0393.jpg True, 15, 16, 54, 13, 5
images/train/0394.jpg True, 34, 16, 4, 20, 15
images/train/0395.jpg True, 31, 31, 135, 4, 4
images/train/0396.jpg False, 0, 0, 0, 0, 0
images/train/0397.jpg False, 0, 0, 0, 0, 0
images/train/0398.jpg True, 22, 29, 356, 13, 9
images/train/0399.jpg True, 15, 24, 252, 14, 21
images/train/0400.jpg False, 0, 0, 0, 0, 0
images/train/0401.jpg False, 0, 0, 0, 0, 0
images/train/0402.jpg True, 17, 22, 254, 8, 10
images/train/0403.jpg True, 30, 29, 121, 22, 21
images/train/0404.jpg True, 19, 28, 350, 7, 14
images/train/0405.jpg True, 20, 33, 78, 19, 20
images/train/0406.jpg True, 23, 22, 99, 17, 6
images/train/0407.jpg True, 23, 18, 170, 10, 3
images/train/0408.jpg True, 20, 20, 69, 23, 8
images/train/0409.jpg True, 30, 29, 348, 3, 19
images/train/0410.jpg True, 28, 20, 188, 6, 4
images/train/0411.jpg True, 25, 16, 71, 14, 6
images/train/0412.jpg True, 18, 25, 188, 4, 16
images/train/0413.jpg True, 21, 20, 91, 4, 13
images/train/0414.jpg True, 26, 33, 264, 6, 12
images/train/0415.jpg True, 18, 24, 293, 5, 24
images/train/0416.jpg True, 27, 24, 170, 22, 16
images/train/0417.jpg True, 16, 32, 77, 22, 3
images/train/0418.jpg True, 28, 16, 204, 3, 7
images/train/0419.jpg True, 33, 28, 301, 18, 5
images/train/0420.jpg False, 0, 0, 0, 0, 0
images/train/0421.jpg False, 0, 0, 0, 0, 0
images/train/0422.jpg True, 32, 19, 88, 8, 22
images/train/0423.jpg False, 0, 0, 0, 0, 0
images/train/0424.jpg True, 21, 28, 322, 6, 8
images/train/0425.jpg False, 0, 0, 0, 0, 0
images/train/0426.jpg True, 21, 23, 284, 12, 6
images/train/0427.jpg True, 16, 34, 306, 8, 4
images/train/0428.jpg True, 19, 31, 273, 14, 21
images/train/0429.jpg False, 0, 0, 0, 0, 0
images/train/0430.jpg True, 26, 25, 318, 15, 23
images/train/0431.jpg False, 0, 0, 0, 0, 0
images/train/0432.jpg True, 22, 32, 338, 11, 6
images/train/0433.jpg False, 0, 0, 0, 0, 0
images/train/0434.jpg False, 0, 0, 0, 0, 0
images/train/0435.jpg True, 23, 16, 322, 6, 20
images/train/0436.jpg False, 0, 0, 0, 0, 0
images/train/0437.jpg True, 26, 26, 318, 18, 20
images/train/0438.jpg False, 0, 0, 0, 0, 0
images/train/0439.jpg True, 19, 29, 140, 15, 20
images/train/0440.jpg True, 28, 21, 337, 16, 9
images/train/0441.jpg False, 0, 0, 0, 0, 0
images/train/0442.jpg True, 25, 15, 34, 3, 20
images/train/0443.jpg True, 26, 34, 152, 20, 14
images/train/0444.jpg True, 33, 19, 306, 17, 21
images/train/0445.jpg False, 0, 0, 0, 0, 0
images/train/0446.jpg True, 27, 31, 162, 12, 4
images/train/0447.jpg True, 22, 29, 143, 22, 7
images/train/0448.jpg False, 0, 0, 0, 0, 0
images/train/0449.jpg True, 20, 21, 342, 6, 24
images/train/0450.jpg True, 33, 25, 122, 11, 11
images/train/0451.jpg False, 0, 0, 0, 0, 0
images/train/0452.jpg True, 22, 21, 61, 4, 24
images/train/0453.jpg True, 27, 28, 29, 12, 22
images/train/0454.jpg True, 19, 34, 124, 11, 9
images/train/0455.jpg True, 18, 17, 73, 14, 20
images/train/0456.jpg True, 33, 34, 4, 12, 11
images/train/0457.jpg True, 17, 25, 12, 22, 6
images/train/0458.jpg True, 21, 19, 123, 14, 4
images/train/0459.jpg True, 22, 22, 198, 14, 18
images/train/0460.jpg True, 19, 16, 272, 3, 20
images/train/0461.jpg False, 0, 0, 0, 0, 0
images/train/0462.jpg True, 32, 17, 300, 4, 19
images/train/0463.jpg True, 17, 24, 196, 10, 4
images/train/0464.jpg False, 0, 0, 0, 0, 0
images/train/0465.jpg True, 29, 23, 137, 19, 23
images/train/0466.jpg True, 20, 22, 278, 21, 22
images/train/0467.jpg True, 18, 30, 297, 11, 6
images/train/0468.jpg True, 29, 21, 260, 20, 5
images/train/0469.jpg True, 32, 25, 52, 13, 19
images/train/0470.jpg True, 15, 20, 122, 7, 15
images/train/0471.jpg False, 0, 0, 0, 0, 0
images/train/0472.jpg False, 0, 0, 0, 0, 0
images/train/0473.jpg True, 34, 34, 324, 23, 16
images/train/0474.jpg False, 0, 0, 0, 0, 0
images/train/0475.jpg True, 31, 31, 33, 12, 22
images/train/0476.jpg False, 0, 0, 0, 0, 0
images/train/0477.jpg True, 16, 29, 281, 6, 9
images/train/0478.jpg True, 34, 20, 73, 17, 15
images/train/0479.jpg True, 27, 16, 335, 5, 14
images/train/0480.jpg True, 23, 26, 272, 5, 6
images/train/0481.jpg True, 22, 33, 282, 17, 9
images/train/0482.jpg True, 32, 26, 104, 10, 17
images/train/0483.jpg True, 15, 20, 144, 4, 11
images/train/0484.jpg True, 33, 26, 311, 9, 13
images/train/0485.jpg True, 33, 27, 173, 24, 23
images/train/0486.jpg True, 17, 33, 21, 13, 14
images/train/0487.jpg True, 26, 32, 123, 4, 10
images/train/0488.jpg True, 26, 25, 327, 6, 11
images/train/0489.jpg True, 16, 15, 165, 6, 4
images/train/0490.jpg True, 22, 15, 228, 19, 15
images/train/0491.jpg True, 34, 25, 272, 23, 13
images/train/0492.jpg True, 26, 30, 123, 11, 7
images/train/0493.jpg True, 15, 29, 131, 3, 5
images/train/0494.jpg True, 24, 29, 200, 24, 6
images/train/0495.jpg False, 0, 0, 0, 0, 0
images/train/0496.jpg False, 0, 0, 0, 0, 0
images/train/0497.jpg False, 0, 0, 0, 0, 0
images/train/0498.jpg True, 19, 20, 324, 8, 11
images/train/0499.jpg True, 27, 34, 155, 18, 20
images/train/0500.jpg True, 28, 20, 166, 4, 14
images/train/0501.jpg True, 30, 29, 198, 18, 11
images/train/0502.jpg True, 29, 31, 94, 16, 20
images/train/0503.jpg True, 19, 20, 209, 5, 11
images/train/0504.jpg True, 28, 21, 189, 19, 10
images/train/0505.jpg True, 21, 17, 341, 19, 6
images/train/0506.jpg False, 0, 0, 0, 0, 0
images/train/0507.jpg True, 15, 29, 119, 8, 4
images/train/0508.jpg True, 29, 34, 67, 18, 6
images/train/0509.jpg True, 32, 21, 224, 22, 12
images/train/0510.jpg True, 22, 16, 229, 21, 24
images/train/0511.jpg True, 17, 34, 219, 5, 14
images/train/0512.jpg True, 34, 20, 357, 19, 10
images/train/0513.jpg True, 24, 21, 354, 7, 9
images/train/0514.jpg False, 0, 0, 0, 0, 0
images/train/0515.jpg True, 26, 31, 100, 22, 4
images/train/0516.jpg True, 30, 18, 158, 4, 19
images/train/0517.jpg True, 29, 31, 28, 4, 4
images/train/0518.jpg True, 19, 19, 327, 19, 17
images/train/0519.jpg True, 29, 28, 159, 18, 5
images/train/0520.jpg False, 0, 0, 0, 0, 0
images/train/0521.jpg False, 0, 0, 0, 0, 0
images/train/0522.jpg True, 28, 19, 3, 20, 21
images/train/0523.jpg True, 22, 15, 150, 14, 22
images/train/0524.jpg False, 0, 0, 0, 0, 0
images/train/0525.jpg True, 24, 20, 82, 24, 8
images/train/0526.jpg True, 17, 32, 31, 4, 13
images/train/0527.jpg True, 20, 17, 307, 16, 7
images/train/0528.jpg True, 21, 23, 273, 19, 5
images/train/0529.jpg True, 19, 29, 95, 5, 17
images/train/0530.jpg True, 31, 19, 85, 9, 7
images/train/0531.jpg True, 32, 34, 351, 6, 19
images/train/0532.jpg True, 20, 31, 94, 11, 17
images/train/0533.jpg False, 0, 0, 0, 0, 0
images/train/0534.jpg True, 24, 32, 11, 7, 17
images/train/0535.jpg True, 28, 20, 115, 9, 11
images/train/0536.jpg True, 23, 16, 170, 11, 4
images/train/0537.jpg False, 0, 0, 0, 0, 0
images/train/0538.jpg False, 0, 0, 0, 0, 0
images/train/0539.jpg True, 28, 15, 308, 20, 8
images/train/0540.jpg False, 0, 0, 0, 0, 0
images/train/0541.jpg True, 31, 24, 151, 22, 14
images/train/0542.jpg False, 0, 0, 0, 0, 0
images/train/0543.jpg False, 0, 0, 0, 0, 0
images/train/0544.jpg False, 0, 0, 0, 0, 0
images/train/0545.jpg True, 31, 32, 37, 4, 5
images/train/0546.jpg True, 15, 32, 145, 17, 8
images/train/0547.jpg True, 33, 30, 90, 20, 15
images/train/0548.jpg False, 0, 0, 0, 0, 0
images/train/0549.jpg False, 0, 0, 0, 0, 0
images/train/0550.jpg True, 21, 16, 287, 23, 22
images/train/0551.jpg False, 0, 0, 0, 0, 0
images/train/0552.jpg True, 27, 31, 128, 12, 23
images/train/0553.jpg True, 29, 16, 346, 19, 9
images/train/0554.jpg False, 0, 0, 0, 0, 0
images/train/0555.jpg False, 0, 0, 0, 0, 0
images/train/0556.jpg True, 17, 30, 266, 23, 17
images/train/0557.jpg True, 21, 34, 82, 5, 17
images/train/0558.jpg True, 29, 20, 225, 17, 19
images/train/0559.jpg True, 17, 19, 189, 18, 22
images/train/0560.jpg True, 33, 30, 137, 11, 10
images/train/0561.jpg True, 23, 34, 355, 21, 24
images/train/0562.jpg True, 20, 24, 352, 11, 23
images/train/0563.jpg True, 21, 30, 62, 23, 20
images/train/0564.jpg True, 34, 19, 203, 23, 21
images/train/0565.jpg True, 23, 33, 165, 13, 22
images/train/0566.jpg False, 0, 0, 0, 0, 0
images/train/0567.jpg True, 22, 24, 244, 4, 23
images/train/0568.jpg False, 0, 0, 0, 0, 0
images/train/0569.jpg False, 0, 0, 0, 0, 0
images/train/0570.jpg True, 29, 27, 90, 7, 24
images/train/0571.jpg True, 18, 28, 113, 17, 5
images/train/0572.jpg False, 0, 0, 0, 0, 0
images/train/0573.jpg False, 0, 0, 0, 0, 0
images/train/0574.jpg True, 28, 31, 319, 22, 12
images/train/0575.jpg True, 18, 15, 45, 24, 13
images/train/0576.jpg True, 30, 28, 30, 8, 23
images/train/0577.jpg True, 34, 30, 259, 24, 24
images/train/0578.jpg False, 0, 0, 0, 0, 0
images/train/0579.jpg True, 31, 16, 73, 4, 7
images/train/0580.jpg True, 20, 30, 196, 4, 19
images/train/0581.jpg True, 17, 25, 168, 15, 6
images/train/0582.jpg True, 16, 33, 207, 10, 5
images/train/0583.jpg True, 34, 32, 7, 11, 11
images/train/0584.jpg True, 17, 34, 28, 22, 13
images/train/0585.jpg False, 0, 0, 0, 0, 0
images/train/0586.jpg True, 19, 28, 135, 13, 22
images/train/0587.jpg False, 0, 0, 0, 0, 0
images/train/0588.jpg True, 27, 21, 110, 21, 14
images/train/0589.jpg False, 0, 0, 0, 0, 0
images/train/0590.jpg True, 31, 19, 238, 10, 23
images/train/0591.jpg True, 20, 20, 96, 22, 16
images/train/0592.jpg False, 0, 0, 0, 0, 0
images/train/0593.jpg False, 0, 0, 0, 0, 0
images/train/0594.jpg True, 28, 17, 87, 17, 5
images/train/0595.jpg False, 0, 0, 0, 0, 0
images/train/0596.jpg False, 0, 0, 0, 0, 0
images/train/0597.jpg True, 22, 29, 61, 19, 20
images/train/0598.jpg False, 0, 0, 0, 0, 0
images/train/0599.jpg True, 23, 18, 203, 8, 9
images/train/0600.jpg True, 27, 28, 357, 8, 11
images/train/0601.jpg True, 30, 28, 105, 22, 20
images/train/0602.jpg True, 33, 16, 28, 10, 12
images/train/0603.jpg False, 0, 0, 0, 0, 0
images/train/0604.jpg False, 0, 0, 0, 0, 0
images/train/0605.jpg True, 29, 17, 71, 8, 3
images/train/0606.jpg False, 0, 0, 0, 0, 0
images/train/0607.jpg True, 23, 19, 269, 13, 18
images/train/0608.jpg True, 18, 34, 149, 5, 15
images/train/0609.jpg True, 26, 15, 236, 21, 17
images/train/0610.jpg True, 28, 27, 42, 6, 10
images/train/0611.jpg True, 26, 19, 97, 4, 21
images/train/0612.jpg False, 0, 0, 0, 0, 0
images/train/0613.jpg True, 16, 19, 323, 23, 13
images/train/0614.jpg True, 26, 30, 95, 22, 8
images/train/0615.jpg True, 20, 29, 251, 13, 3
images/train/0616.jpg False, 0, 0, 0, 0, 0
images/train/0617.jpg True, 19, 20, 217, 16, 3
images/train/0618.jpg True, 23, 16, 113, 18, 23
images/train/0619.jpg True, 32, 22, 41, 16, 20
images/train/0620.jpg True, 24, 24, 245, 14, 16
images/train/0621.jpg False, 0, 0, 0, 0, 0
images/train/0622.jpg True, 26, 33, 127, 10, 9
images/train/0623.jpg True, 25, 16, 317, 9, 5
images/train/0624.jpg True, 26, 34, 160, 20, 3
images/train/0625.jpg True, 31, 28, 121, 8, 11
images/train/0626.jpg False, 0, 0, 0, 0, 0
images/train/0627.jpg False, 0, 0, 0, 0, 0
images/train/0628.jpg True, 34, 30, 160, 14, 24
images/train/0629.jpg True, 33, 33, 352, 5, 16
images/train/0630.jpg True, 27, 33, 29, 18, 4
images/train/0631.jpg False, 0, 0, 0, 0, 0
images/train/0632.jpg False, 0, 0, 0, 0, 0
images/train/0633.jpg False, 0, 0, 0, 0, 0
images/train/0634.jpg False, 0, 0, 0, 0, 0
images/train/0635.jpg True, 25, 21, 193, 3, 10
images/train/0636.jpg True, 16, 25, 318, 21, 3
images/train/0637.jpg True, 29, 23, 192, 22, 17
images/train/0638.jpg True, 18, 16, 99, 11, 10
images/train/0639.jpg True, 20, 18, 95, 15, 21
images/train/0640.jpg False, 0, 0, 0, 0, 0
images/train/0641.jpg False, 0, 0, 0, 0, 0
images/train/0642.jpg False, 0, 0, 0, 0, 0
images/train/0643.jpg True, 15, 34, 192, 21, 11
images/train/0644.jpg True, 19, 16, 208, 20, 24
images/train/0645.jpg False, 0, 0, 0, 0, 0
images/train/0646.jpg False, 0, 0, 0, 0, 0
images/train/0647.jpg False, 0, 0, 0, 0, 0
images/train/0648.jpg True, 17, 22, 305, 24, 16
images/train/0649.jpg True, 23, 20, 264, 22, 21
images/train/0650.jpg True, 33, 34, 240, 12, 24
images/train/0651.jpg False, 0, 0, 0, 0, 0
images/train/0652.jpg True, 17, 25, 237, 23, 5
images/train/0653.jpg True, 23, 33, 156, 9, 11
images/train/0654.jpg True, 33, 25, 283, 9, 21
images/train/0655.jpg False, 0, 0, 0, 0, 0
images/train/0656.jpg True, 15, 25, 353, 7, 7
images/train/0657.jpg False, 0, 0, 0, 0, 0
images/train/0658.jpg True, 18, 17, 89, 19, 20
images/train/0659.jpg True, 20, 16, 285, 19, 13
images/train/0660.jpg False, 0, 0, 0, 0, 0
images/train/0661.jpg True, 23, 20, 173, 16, 19
images/train/0662.jpg True, 15, 25, 229, 12, 14
images/train/0663.jpg False, 0, 0, 0, 0, 0
images/train/0664.jpg True, 18, 33, 79, 18, 16
images/train/0665.jpg True, 22, 18, 193, 8, 9
images/train/0666.jpg False, 0, 0, 0, 0, 0
images/train/0667.jpg False, 0, 0, 0, 0, 0
images/train/0668.jpg True, 24, 34, 354, 6, 17
images/train/0669.jpg False, 0, 0, 0, 0, 0
images/train/0670.jpg True, 15, 19, 302, 15, 3
images/train/0671.jpg True, 31, 29, 289, 6, 12
images/train/0672.jpg True, 27, 17, 90, 5, 15
images/train/0673.jpg True, 34, 17, 94, 15, 13
images/train/0674.jpg False, 0, 0, 0, 0, 0
images/train/0675.jpg False, 0, 0, 0, 0, 0
images/train/0676.jpg False, 0, 0, 0, 0, 0
images/train/0677.jpg True, 33, 34, 292, 6, 5
images/train/0678.jpg False, 0, 0, 0, 0, 0
images/train/0679.jpg False, 0, 0, 0, 0, 0
images/train/0680.jpg True, 29, 24, 110, 4, 22
images/train/0681.jpg True, 18, 33, 124, 18, 7
images/train/0682.jpg True, 30, 17, 277, 16, 12
images/train/0683.jpg False, 0, 0, 0, 0, 0
images/train/0684.jpg True, 16, 26, 154, 18, 11
images/train/0685.jpg True, 15, 18, 340, 19, 18
images/train/0686.jpg True, 29, 29, 200, 7, 4
images/train/0687.jpg True, 15, 31, 79, 14, 9
images/train/0688.jpg True, 26, 24, 205, 21, 19
images/train/0689.jpg True, 29, 20, 86, 15, 6
images/train/0690.jpg True, 34, 21, 283, 12, 6
images/train/0691.jpg True, 15, 29, 184, 8, 10
images/train/0692.jpg True, 28, 31, 269, 3, 14
images/train/0693.jpg True, 30, 29, 155, 17, 9
images/train/0694.jpg True, 17, 15, 280, 18, 21
images/train/0695.jpg True, 25, 17, 29, 18, 20
images/train/0696.jpg False, 0, 0, 0, 0, 0
images/train/0697.jpg False, 0, 0, 0, 0, 0
images/train/0698.jpg True, 25, 15, 136, 16, 7
images/train/0699.jpg True, 20, 22, 299, 11, 5
images/train/0700.jpg True, 21, 17, 262, 17, 9
images/train/0701.jpg True, 24, 27, 271, 23, 17
images/train/0702.jpg False, 0, 0, 0, 0, 0
images/train/0703.jpg True, 17, 30, 334, 16, 3
images/train/0704.jpg True, 21, 24, 97, 21, 9
images/train/0705.jpg True, 30, 19, 310, 10, 21
images/train/0706.jpg False, 0, 0, 0, 0, 0
images/train/0707.jpg True, 21, 15, 127, 12, 6
images/train/0708.jpg False, 0, 0, 0, 0, 0
images/train/0709.jpg False, 0, 0, 0, 0, 0
images/train/0710.jpg False, 0, 0, 0, 0, 0
images/train/0711.jpg False, 0, 0, 0, 0, 0
images/train/0712.jpg True, 16, 30, 294, 9, 13
images/train/0713.jpg True, 33, 22, 213, 24, 9
images/train/0714.jpg True, 34, 16, 208, 9, 10
images/train/0715.jpg True, 20, 34, 112, 24, 20
images/train/0716.jpg True, 21, 31, 133, 18, 12
images/train/0717.jpg False, 0, 0, 0, 0, 0
images/train/0718.jpg True, 25, 24, 25, 21, 15
images/train/0719.jpg True, 30, 19, 293, 21, 14
images/train/0720.jpg True, 26, 19, 308, 19, 14
images/train/0721.jpg True, 22, 31, 137, 21, 17
images/train/0722.jpg True, 20, 20, 279, 8, 12
images/train/0723.jpg True, 27, 33, 307, 3, 12
images/train/0724.jpg False, 0, 0, 0, 0, 0
images/train/0725.jpg False, 0, 0, 0, 0, 0
images/train/0726.jpg False, 0, 0, 0, 0, 0
images/train/0727.jpg True, 31, 23, 71, 6, 10
images/train/0728.jpg True, 23, 19, 211, 5, 3
images/train/0729.jpg True, 30, 23, 151, 10, 12
images/train/0730.jpg True, 24, 15, 169, 14, 4
images/train/0731.jpg True, 19, 25, 325, 12, 4
images/train/0732.jpg True, 29, 24, 36, 23, 18
images/train/0733.jpg True, 29, 23, 183, 23, 7
images/train/0734.jpg True, 32, 17, 59, 24, 9
images/train/0735.jpg True, 32, 32, 110, 14, 21
images/train/0736.jpg False, 0, 0, 0, 0, 0
images/train/0737.jpg True, 34, 30, 346, 15, 22
images/train/0738.jpg True, 24, 22, 78, 3, 11
images/train/0739.jpg True, 16, 27, 26, 9, 15
images/train/0740.jpg True, 22, 24, 352, 6, 3
images/train/0741.jpg True, 19, 21, 182, 13, 23
images/train/0742.jpg True, 19, 25, 59, 11, 15
images/train/0743.jpg True, 27, 25, 99, 10, 12
images/train/0744.jpg False, 0, 0, 0, 0, 0
images/train/0745.jpg False, 0, 0, 0, 0, 0
images/train/0746.jpg True, 27, 17, 76, 22, 14
images/train/0747.jpg True, 22, 31, 266, 3, 19
images/train/0748.jpg True, 15, 27, 16, 5, 21
images/train/0749.jpg True, 16, 19, 27, 20, 12
images/train/0750.jpg True, 20, 15, 276, 13, 23
images/train/0751.jpg True, 32, 29, 17, 12, 15
images/train/0752.jpg False, 0, 0, 0, 0, 0
images/train/0753.jpg True, 28, 33, 304, 4, 19
images/train/0754.jpg False, 0, 0, 0, 0, 0
images/train/0755.jpg True, 20, 25, 204, 19, 12
images/train/0756.jpg True, 31, 21, 138, 17, 21
images/train/0757.jpg True, 28, 33, 251, 19, 18
images/train/0758.jpg False, 0, 0, 0, 0, 0
images/train/0759.jpg False, 0, 0, 0, 0, 0
images/train/0760.jpg True, 28, 34, 275, 7, 18
images/train/0761.jpg True, 21, 24, 178, 5, 14
images/train/0762.jpg True, 33, 30, 82, 6, 3
images/train/0763.jpg True, 15, 27, 58, 20, 17
images/train/0764.jpg True, 26, 29, 268, 12, 10
images/train/0765.jpg True, 27, 34, 56, 15, 15
images/train/0766.jpg True, 31, 21, 130, 10, 16
images/train/0767.jpg False, 0, 0, 0, 0, 0
images/train/0768.jpg True, 27, 22, 293, 10, 12
images/train/0769.jpg False, 0, 0, 0, 0, 0
images/train/0770.jpg True, 30, 19, 166, 21, 23
images/train/0771.jpg True, 28, 20, 35, 12, 22
images/train/0772.jpg False, 0, 0, 0, 0, 0
images/train/0773.jpg True, 34, 26, 190, 10, 21
images/train/0774.jpg False, 0, 0, 0, 0, 0
images/train/0775.jpg True, 31, 15, 351, 16, 5
images/train/0776.jpg True, 26, 25, 288, 16, 16
images/train/0777.jpg True, 16, 30, 267, 9, 23
images/train/0778.jpg True, 27, 26, 349, 6, 12
images/train/0779.jpg True, 31, 27, 305, 12, 18
images/train/0780.jpg False, 0, 0, 0, 0, 0
images/train/0781.jpg True, 31, 28, 6, 4, 22
images/train/0782.jpg True, 19, 33, 14, 7, 4
images/train/0783.jpg True, 20, 26, 178, 6, 16
images/train/0784.jpg False, 0, 0, 0, 0, 0
images/train/0785.jpg True, 32, 34, 40, 16, 21
images/train/0786.jpg True, 26, 19, 71, 13, 18
images/train/0787.jpg False, 0, 0, 0, 0, 0
images/train/0788.jpg True, 18, 18, 58, 23, 20
images/train/0789.jpg False, 0, 0, 0, 0, 0
images/train/0790.jpg False, 0, 0, 0, 0, 0
images/train/0791.jpg True, 32, 22, 0, 18, 17
images/train/0792.jpg True, 21, 18, 68, 6, 18
images/train/0793.jpg False, 0, 0, 0, 0, 0
images/train/0794.jpg True, 32, 15, 219, 16, 11
images/train/0795.jpg False, 0, 0, 0, 0, 0
images/train/0796.jpg False, 0, 0, 0, 0, 0
images/train/0797.jpg False, 0, 0, 0, 0, 0
images/train/0798.jpg True, 23, 19, 10, 21, 23
images/train/0799.jpg True, 29, 28, 276, 3, 12
images/train/0800.jpg True, 22, 34, 225, 4, 10
images/train/0801.jpg True, 26, 28, 178, 16, 22
images/train/0802.jpg True, 24, 15, 157, 10, 11
images/train/0803.jpg True, 23, 23, 36, 22, 17
images/train/0804.jpg True, 21, 20, 245, 19, 5
images/train/0805.jpg False, 0, 0, 0, 0, 0
images/train/0806.jpg True, 31, 28, 194, 24, 22
images/train/0807.jpg True, 28, 31, 268, 13, 20
images/train/0808.jpg False, 0, 0, 0, 0, 0
images/train/0809.jpg True, 17, 25, 137, 7, 15
images/train/0810.jpg True, 28, 21, 297, 10, 17
images/train/0811.jpg False, 0, 0, 0, 0, 0
images/train/0812.jpg True, 34, 19, 7, 15, 20
images/train/0813.jpg True, 30, 33, 309, 6, 18
images/train/0814.jpg True, 27, 22, 143, 24, 9
images/train/0815.jpg True, 34, 24, 315, 15, 12
images/train/0816.jpg True, 21, 23, 54, 13, 9
images/train/0817.jpg True, 24, 30, 101, 22, 16
images/train/0818.jpg True, 27, 29, 249, 8, 10
images/train/0819.jpg False, 0, 0, 0, 0, 0
images/train/0820.jpg False, 0, 0, 0, 0, 0
images/train/0821.jpg True, 18, 27, 102, 23, 16
images/train/0822.jpg False, 0, 0, 0, 0, 0
images/train/0823.jpg True, 22, 22, 6, 10, 4
images/train/0824.jpg True, 24, 34, 339, 24, 17
images/train/0825.jpg False, 0, 0, 0, 0, 0
images/train/0826.jpg False, 0, 0, 0, 0, 0
images/train/0827.jpg True, 20, 31, 251, 23, 4
images/train/0828.jpg True, 16, 34, 80, 9, 18
images/train/0829.jpg False, 0, 0, 0, 0, 0
images/train/0830.jpg True, 18, 15, 310, 17, 12
images/train/0831.jpg True, 26, 15, 194, 12, 22
images/train/0832.jpg True, 15, 23, 308, 3, 12
images/train/0833.jpg True, 28, 25, 0, 9, 15
images/train/0834.jpg True, 20, 34, 11, 10, 18
images/train/0835.jpg True, 25, 30, 305, 24, 4
images/train/0836.jpg False, 0, 0, 0, 0, 0
images/train/0837.jpg True, 20, 27, 295, 6, 14
images/train/0838.jpg True, 21, 27, 12, 5, 22
images/train/0839.jpg True, 34, 27, 133, 14, 8
images/train/0840.jpg True, 29, 34, 176, 3, 3
images/train/0841.jpg False, 0, 0, 0, 0, 0
images/train/0842.jpg True, 19, 19, 166, 6, 16
images/train/0843.jpg True, 25, 25, 82, 8, 20
images/train/0844.jpg True, 25, 15, 244, 9, 12
images/train/0845.jpg False, 0, 0, 0, 0, 0
images/train/0846.jpg False, 0, 0, 0, 0, 0
images/train/0847.jpg True, 25, 18, 159, 6, 24
images/train/0848.jpg False, 0, 0, 0, 0, 0
images/train/0849.jpg True, 30, 24, 119, 9, 10
images/train/0850.jpg True, 23, 33, 28, 3, 22
images/train/0851.jpg True, 31, 20, 147, 8, 9
images/train/0852.jpg True, 22, 34, 133, 23, 8
images/train/0853.jpg True, 25, 16, 8, 23, 24
images/train/0854.jpg True, 25, 24, 224, 16, 13
images/train/0855.jpg True, 33, 28, 358, 20, 5
images/train/0856.jpg False, 0, 0, 0, 0, 0
images/train/0857.jpg False, 0, 0, 0, 0, 0
images/train/0858.jpg True, 21, 19, 262, 23, 15
images/train/0859.jpg True, 26, 18, 153, 24, 11
images/train/0860.jpg True, 24, 30, 342, 7, 10
images/train/0861.jpg True, 17, 19, 306, 24, 21
images/train/0862.jpg False, 0, 0, 0, 0, 0
images/train/0863.jpg True, 34, 18, 292, 7, 3
images/train/0864.jpg True, 24, 23, 351, 3, 12
images/train/0865.jpg True, 17, 23, 345, 10, 17
images/train/0866.jpg True, 17, 17, 303, 19, 18
images/train/0867.jpg True, 18, 15, 313, 6, 22
images/train/0868.jpg True, 28, 32, 353, 7, 23
images/train/0869.jpg False, 0, 0, 0, 0, 0
images/train/0870.jpg True, 28, 26, 37, 14, 11
images/train/0871.jpg True, 21, 16, 34, 18, 22
images/train/0872.jpg True, 33, 34, 112, 20, 24
images/train/0873.jpg True, 20, 27, 332, 13, 21
images/train/0874.jpg True, 28, 21, 327, 7, 8
images/train/0875.jpg True, 33, 25, 324, 22, 23
images/train/0876.jpg False, 0, 0, 0, 0, 0
images/train/0877.jpg True, 31, 32, 51, 17, 6
images/train/0878.jpg False, 0, 0, 0, 0, 0
images/train/0879.jpg True, 22, 15, 180, 22, 16
images/train/0880.jpg True, 31, 18, 121, 4, 3
images/train/0881.jpg True, 15, 19, 108, 17, 15
images/train/0882.jpg True, 29, 24, 55, 4, 10
images/train/0883.jpg True, 30, 33, 66, 8, 12
images/train/0884.jpg True, 24, 17, 16, 22, 20
images/train/0885.jpg True, 30, 25, 345, 9, 12
images/train/0886.jpg False, 0, 0, 0, 0, 0
images/train/0887.jpg True, 29, 29, 11, 3, 17
images/train/0888.jpg True, 29, 24, 201, 17, 8
images/train/0889.jpg True, 19, 25, 51, 24, 20
images/train/0890.jpg True, 30, 26, 263, 10, 19
images/train/0891.jpg True, 19, 27, 89, 24, 6
images/train/0892.jpg False, 0, 0, 0, 0, 0
images/train/0893.jpg False, 0, 0, 0, 0, 0
images/train/0894.jpg False, 0, 0, 0, 0, 0
images/train/0895.jpg True, 16, 23, 236, 10, 21
images/train/0896.jpg True, 29, 29, 359, 17, 20
images/train/0897.jpg True, 32, 20, 200, 7, 7
images/train/0898.jpg True, 30, 27, 346, 11, 19
images/train/0899.jpg False, 0, 0, 0, 0, 0
images/train/0900.jpg False, 0, 0, 0, 0, 0
images/train/0901.jpg True, 29, 25, 98, 14, 14
images/train/0902.jpg True, 33, 20, 312, 7, 3
images/train/0903.jpg True, 32, 29, 153, 10, 18
images/train/0904.jpg True, 33, 18, 234, 4, 4
images/train/0905.jpg True, 28, 20, 51, 7, 15
images/train/0906.jpg True, 18, 34, 64, 12, 12
images/train/0907.jpg True, 17, 20, 211, 11, 20
images/train/0908.jpg True, 22, 34, 359, 15, 17
images/train/0909.jpg False, 0, 0, 0, 0, 0
images/train/0910.jpg False, 0, 0, 0, 0, 0
images/train/0911.jpg True, 21, 33, 244, 5, 11
images/train/0912.jpg True, 18, 34, 2, 7, 7
images/train/0913.jpg True, 18, 17, 300, 5, 24
images/train/0914.jpg True, 28, 30, 284, 21, 19
images/train/0915.jpg False, 0, 0, 0, 0, 0
images/train/0916.jpg False, 0, 0, 0, 0, 0
images/train/0917.jpg True, 18, 22, 223, 18, 13
images/train/0918.jpg True, 18, 21, 306, 8, 24
images/train/0919.jpg True, 29, 25, 263, 11, 15
images/train/0920.jpg False, 0, 0, 0, 0, 0
images/train/0921.jpg False, 0, 0, 0, 0, 0
images/train/0922.jpg True, 24, 25, 219, 7, 17
images/train/0923.jpg True, 31, 15, 110, 23, 4
images/train/0924.jpg True, 18, 32, 172, 21, 3
images/train/0925.jpg True, 25, 25, 136, 4, 10
images/train/0926.jpg True, 18, 26, 145, 11, 3
images/train/0927.jpg True, 30, 23, 31, 6, 8
images/train/0928.jpg True, 28, 34, 195, 5, 23
images/train/0929.jpg True, 32, 29, 30, 23, 13
images/train/0930.jpg True, 27, 31, 1, 18, 5
images/train/0931.jpg True, 19, 24, 27, 20, 13
images/train/0932.jpg False, 0, 0, 0, 0, 0
images/train/0933.jpg True, 25, 15, 45, 19, 17
images/train/0934.jpg False, 0, 0, 0, 0, 0
images/train/0935.jpg False, 0, 0, 0, 0, 0
images/train/0936.jpg True, 21, 23, 131, 20, 8
images/train/0937.jpg True, 25, 17, 172, 21, 6
images/train/0938.jpg True, 15, 31, 138, 7, 15
images/train/0939.jpg False, 0, 0, 0, 0, 0
images/train/0940.jpg True, 31, 15, 193, 15, 4
images/train/0941.jpg False, 0, 0, 0, 0, 0
images/train/0942.jpg True, 23, 26, 37, 13, 11
images/train/0943.jpg True, 29, 20, 197, 13, 9
images/train/0944.jpg True, 25, 20, 190, 6, 3
images/train/0945.jpg True, 18, 23, 82, 4, 17
images/train/0946.jpg False, 0, 0, 0, 0, 0
images/train/0947.jpg False, 0, 0, 0, 0, 0
images/train/0948.jpg True, 18, 19, 156, 7, 16
images/train/0949.jpg False, 0, 0, 0, 0, 0
images/train/0950.jpg True, 25, 27, 345, 20, 12
images/train/0951.jpg False, 0, 0, 0, 0, 0
images/train/0952.jpg True, 26, 30, 311, 3, 7
images/train/0953.jpg True, 26, 20, 131, 24, 15
images/train/0954.jpg True, 32, 23, 198, 17, 19
images/train/0955.jpg True, 21, 32, 17, 15, 9
images/train/0956.jpg True, 34, 22, 8, 16, 7
images/train/0957.jpg False, 0, 0, 0, 0, 0
images/train/0958.jpg True, 23, 23, 94, 4, 23
images/train/0959.jpg False, 0, 0, 0, 0, 0
images/train/0960.jpg False, 0, 0, 0, 0, 0
images/train/0961.jpg False, 0, 0, 0, 0, 0
images/train/0962.jpg True, 22, 25, 196, 19, 10
images/train/0963.jpg True, 24, 15, 11, 15, 19
images/train/0964.jpg True, 33, 21, 20, 23, 21
images/train/0965.jpg False, 0, 0, 0, 0, 0
images/train/0966.jpg True, 32, 20, 145, 8, 15
images/train/0967.jpg True, 22, 25, 351, 23, 7
images/train/0968.jpg True, 18, 30, 188, 15, 11
images/train/0969.jpg False, 0, 0, 0, 0, 0
images/train/0970.jpg True, 25, 16, 320, 19, 15
images/train/0971.jpg True, 26, 21, 267, 17, 16
images/train/0972.jpg False, 0, 0, 0, 0, 0
images/train/0973.jpg False, 0, 0, 0, 0, 0
images/train/0974.jpg True, 19, 17, 157, 24, 13
images/train/0975.jpg True, 27, 20, 340, 16, 24
images/train/0976.jpg True, 30, 22, 79, 10, 23
images/train/0977.jpg True, 22, 24, 2, 11, 24
images/train/0978.jpg True, 19, 30, 55, 17, 5
images/train/0979.jpg True, 34, 19, 213, 22, 10
images/train/0980.jpg True, 32, 19, 348, 20, 22
images/train/0981.jpg False, 0, 0, 0, 0, 0
images/train/0982.jpg True, 19, 26, 250, 23, 4
images/train/0983.jpg False, 0, 0, 0, 0, 0
images/train/0984.jpg True, 16, 32, 272, 14, 18
images/train/0985.jpg True, 31, 19, 259, 7, 6
images/train/0986.jpg True, 20, 31, 66, 14, 17
images/train/0987.jpg False, 0, 0, 0, 0, 0
images/train/0988.jpg True, 22, 16, 222, 16, 18
images/train/0989.jpg True, 18, 30, 5, 21, 11
images/train/0990.jpg True, 26, 22, 342, 9, 3
images/train/0991.jpg False, 0, 0, 0, 0, 0
images/train/0992.jpg True, 15, 33, 104, 12, 18
images/train/0993.jpg False, 0, 0, 0, 0, 0
images/train/0994.jpg True, 24, 23, 311, 12, 13
images/train/0995.jpg True, 32, 16, 201, 24, 19
images/train/0996.jpg True, 19, 15, 138, 17, 10
images/train/0997.jpg False, 0, 0, 0, 0, 0
images/train/0998.jpg True, 33, 21, 19, 19, 4
images/train/0999.jpg True, 24, 33, 289, 9, 5
images/train/1000.jpg True, 23, 34, 83, 9, 12
images/train/1001.jpg True, 32, 20, 305, 14, 18
images/train/1002.jpg True, 34, 15, 209, 11, 11
images/train/1003.jpg True, 33, 22, 278, 13, 17
images/train/1004.jpg True, 30, 32, 336, 20, 18
images/train/1005.jpg True, 17, 27, 195, 12, 19
images/train/1006.jpg True, 25, 21, 117, 12, 13
images/train/1007.jpg False, 0, 0, 0, 0, 0
images/train/1008.jpg True, 34, 28, 118, 22, 5
images/train/1009.jpg True, 18, 17, 134, 21, 11
images/train/1010.jpg True, 16, 32, 320, 7, 16
images/train/1011.jpg True, 26, 24, 253, 9, 18
images/train/1012.jpg True, 23, 24, 243, 20, 3
images/train/1013.jpg True, 29, 15, 53, 18, 7
images/train/1014.jpg False, 0, 0, 0, 0, 0
images/train/1015.jpg True, 34, 18, 129, 19, 19
images/train/1016.jpg True, 24, 15, 293, 13, 10
images/train/1017.jpg True, 20, 25, 325, 21, 20
images/train/1018.jpg False, 0, 0, 0, 0, 0
images/train/1019.jpg False, 0, 0, 0, 0, 0
images/train/1020.jpg True, 27, 33, 338, 14, 20
images/train/1021.jpg True, 26, 33, 257, 7, 21
images/train/1022.jpg True, 20, 32, 263, 7, 4
images/train/1023.jpg True, 18, 17, 73, 7, 5
images/train/1024.jpg False, 0, 0, 0, 0, 0
images/train/1025.jpg False, 0, 0, 0, 0, 0
images/train/1026.jpg True, 17, 16, 101, 15, 23
images/train/1027.jpg True, 21, 27, 39, 4, 4
images/train/1028.jpg True, 15, 27, 186, 21, 18
images/train/1029.jpg True, 25, 19, 234, 16, 12
images/train/1030.jpg True, 20, 16, 12, 10, 21
images/train/1031.jpg True, 25, 18, 246, 18, 12
images/train/1032.jpg True, 33, 24, 328, 22, 12
images/train/1033.jpg True, 31, 18, 284, 9, 16
images/train/1034.jpg True, 30, 26, 92, 15, 16
images/train/1035.jpg True, 31, 20, 217, 17, 11
images/train/1036.jpg False, 0, 0, 0, 0, 0
images/train/1037.jpg False, 0, 0, 0, 0, 0
images/train/1038.jpg False, 0, 0, 0, 0, 0
images/train/1039.jpg True, 27, 31, 36, 12, 12
images/train/1040.jpg True, 33, 27, 338, 4, 15
images/train/1041.jpg True, 27, 31, 238, 10, 9
images/train/1042.jpg True, 21, 26, 239, 17, 9
images/train/1043.jpg True, 34, 24, 335, 5, 20
images/train/1044.jpg True, 30, 30, 265, 19, 23
images/train/1045.jpg True, 23, 26, 182, 24, 6
images/train/1046.jpg True, 22, 22, 272, 24, 22
images/train/1047.jpg True, 18, 27, 59, 6, 13
images/train/1048.jpg True, 27, 34, 64, 18, 10
images/train/1049.jpg True, 31, 20, 95, 15, 18
images/train/1050.jpg True, 18, 27, 321, 22, 3
images/train/1051.jpg True, 15, 31, 191, 20, 10
images/train/1052.jpg True, 18, 17, 235, 14, 4
images/train/1053.jpg True, 22, 27, 35, 14, 8
images/train/1054.jpg False, 0, 0, 0, 0, 0
images/train/1055.jpg True, 15, 29, 236, 8, 12
images/train/1056.jpg True, 28, 22, 157, 8, 14
images/train/1057.jpg True, 17, 21, 167, 12, 23
images/train/1058.jpg False, 0, 0, 0, 0, 0
images/train/1059.jpg True, 22, 15, 270, 6, 5
images/train/1060.jpg True, 30, 20, 141, 19, 13
images/train/1061.jpg True, 26, 26, 84, 11, 24
images/train/1062.jpg False, 0, 0, 0, 0, 0
images/train/1063.jpg True, 28, 23, 322, 3, 11
images/train/1064.jpg False, 0, 0, 0, 0, 0
images/train/1065.jpg False, 0, 0, 0, 0, 0
images/train/1066.jpg True, 26, 18, 283, 20, 5
images/train/1067.jpg True, 21, 21, 240, 6, 20
images/train/1068.jpg True, 23, 32, 234, 5, 10
images/train/1069.jpg True, 23, 25, 302, 6, 8
images/train/1070.jpg False, 0, 0, 0, 0, 0
images/train/1071.jpg True, 33, 34, 274, 20, 23
images/train/1072.jpg True, 30, 18, 227, 20, 9
images/train/1073.jpg True, 34, 27, 306, 9, 17
images/train/1074.jpg True, 18, 25, 290, 14, 20
images/train/1075.jpg True, 34, 24, 0, 19, 16
images/train/1076.jpg True, 22, 23, 142, 23, 24
images/train/1077.jpg True, 29, 31, 317, 22, 24
images/train/1078.jpg True, 30, 32, 343, 4, 4
images/train/1079.jpg True, 28, 16, 204, 19, 22
images/train/1080.jpg True, 19, 30, 203, 12, 11
images/train/1081.jpg False, 0, 0, 0, 0, 0
images/train/1082.jpg True, 25, 22, 194, 19, 24
images/train/1083.jpg False, 0, 0, 0, 0, 0
images/train/1084.jpg True, 31, 17, 18, 9, 20
images/train/1085.jpg False, 0, 0, 0, 0, 0
images/train/1086.jpg True, 17, 16, 334, 3, 20
images/train/1087.jpg True, 30, 26, 165, 24, 14
images/train/1088.jpg True, 28, 32, 285, 22, 23
images/train/1089.jpg True, 31, 21, 324, 20, 12
images/train/1090.jpg True, 16, 20, 221, 16, 21
images/train/1091.jpg True, 33, 32, 146, 11, 21
images/train/1092.jpg True, 26, 22, 193, 11, 10
images/train/1093.jpg False, 0, 0, 0, 0, 0
images/train/1094.jpg True, 20, 28, 28, 24, 22
images/train/1095.jpg True, 32, 33, 226, 3, 9
images/train/1096.jpg True, 32, 21, 180, 12, 24
images/train/1097.jpg True, 26, 21, 78, 8, 18
images/train/1098.jpg False, 0, 0, 0, 0, 0
images/train/1099.jpg True, 29, 31, 143, 22, 12
images/train/1100.jpg False, 0, 0, 0, 0, 0
images/train/1101.jpg True, 18, 16, 36, 5, 8
images/train/1102.jpg False, 0, 0, 0, 0, 0
images/train/1103.jpg False, 0, 0, 0, 0, 0
images/train/1104.jpg False, 0, 0, 0, 0, 0
images/train/1105.jpg True, 33, 21, 216, 14, 13
images/train/1106.jpg True, 23, 19, 342, 24, 17
images/train/1107.jpg False, 0, 0, 0, 0, 0
images/train/1108.jpg True, 20, 16, 300, 7, 5
images/train/1109.jpg True, 20, 23, 192, 14, 22
images/train/1110.jpg False, 0, 0, 0, 0, 0
images/train/1111.jpg True, 24, 18, 341, 22, 11
images/train/1112.jpg False, 0, 0, 0, 0, 0
images/train/1113.jpg True, 23, 22, 134, 22, 20
images/train/1114.jpg True, 23, 29, 0, 17, 12
images/train/1115.jpg True, 23, 17, 304, 8, 6
images/train/1116.jpg True, 28, 15, 343, 22, 19
images/train/1117.jpg True, 26, 21, 142, 7, 9
images/train/1118.jpg False, 0, 0, 0, 0, 0
images/train/1119.jpg False, 0, 0, 0, 0, 0
images/train/1120.jpg False, 0, 0, 0, 0, 0
images/train/1121.jpg False, 0, 0, 0, 0, 0
images/train/1122.jpg False, 0, 0, 0, 0, 0
images/train/1123.jpg True, 31, 32, 303, 4, 5
images/train/1124.jpg True, 22, 21, 330, 10, 6
images/train/1125.jpg True, 28, 29, 2, 13, 9
images/train/1126.jpg True, 17, 15, 244, 12, 16
images/train/1127.jpg False, 0, 0, 0, 0, 0
images/train/1128.jpg False, 0, 0, 0, 0, 0
images/train/1129.jpg True, 18, 30, 57, 14, 17
images/train/1130.jpg True, 31, 17, 330, 21, 4
images/train/1131.jpg True, 31, 27, 212, 9, 8
images/train/1132.jpg False, 0, 0, 0, 0, 0
images/train/1133.jpg True, 25, 18, 254, 14, 7
images/train/1134.jpg False, 0, 0, 0, 0, 0
images/train/1135.jpg False, 0, 0, 0, 0, 0
images/train/1136.jpg False, 0, 0, 0, 0, 0
images/train/1137.jpg True, 24, 25, 57, 6, 18
images/train/1138.jpg True, 32, 28, 263, 7, 10
images/train/1139.jpg False, 0, 0, 0, 0, 0
images/train/1140.jpg True, 20, 26, 304, 10, 19
images/train/1141.jpg True, 17, 28, 302, 3, 3
images/train/1142.jpg True, 30, 30, 239, 22, 21
images/train/1143.jpg True, 24, 15, 192, 18, 15
images/train/1144.jpg False, 0, 0, 0, 0, 0
images/train/1145.jpg False, 0, 0, 0, 0, 0
images/train/1146.jpg False, 0, 0, 0, 0, 0
images/train/1147.jpg True, 22, 28, 1, 10, 23
images/train/1148.jpg True, 30, 22, 71, 23, 5
images/train/1149.jpg True, 17, 15, 202, 7, 7
images/train/1150.jpg False, 0, 0, 0, 0, 0
images/train/1151.jpg True, 28, 21, 104, 14, 5
images/train/1152.jpg True, 25, 20, 353, 5, 23
images/train/1153.jpg True, 23, 21, 326, 5, 15
images/train/1154.jpg True, 25, 26, 225, 15, 11
images/train/1155.jpg False, 0, 0, 0, 0, 0
images/train/1156.jpg True, 21, 23, 169, 8, 12
images/train/1157.jpg True, 29, 21, 19, 8, 11
images/train/1158.jpg True, 17, 20, 231, 21, 18
images/train/1159.jpg True, 33, 16, 173, 14, 20
images/train/1160.jpg True, 21, 26, 249, 11, 13
images/train/1161.jpg True, 25, 19, 351, 10, 13
images/train/1162.jpg True, 22, 30, 258, 24, 24
images/train/1163.jpg True, 32, 15, 8, 3, 5
images/train/1164.jpg True, 31, 27, 106, 17, 24
images/train/1165.jpg False, 0, 0, 0, 0, 0
images/train/1166.jpg True, 29, 31, 249, 6, 21
images/train/1167.jpg False, 0, 0, 0, 0, 0
images/train/1168.jpg True, 21, 16, 226, 15, 14
images/train/1169.jpg True, 29, 32, 90, 11, 6
images/train/1170.jpg True, 15, 33, 255, 3, 14
images/train/1171.jpg False, 0, 0, 0, 0, 0
images/train/1172.jpg False, 0, 0, 0, 0, 0
images/train/1173.jpg False, 0, 0, 0, 0, 0
images/train/1174.jpg True, 24, 34, 94, 17, 19
images/train/1175.jpg True, 20, 33, 240, 17, 14
images/train/1176.jpg True, 25, 19, 68, 5, 9
images/train/1177.jpg True, 26, 17, 263, 19, 19
images/train/1178.jpg True, 26, 18, 92, 14, 11
images/train/1179.jpg False, 0, 0, 0, 0, 0
images/train/1180.jpg True, 15, 32, 299, 13, 11
images/train/1181.jpg True, 32, 27, 313, 13, 20
images/train/1182.jpg True, 17, 26, 42, 20, 14
images/train/1183.jpg True, 22, 31, 110, 17, 12
images/train/1184.jpg False, 0, 0, 0, 0, 0
images/train/1185.jpg True, 23, 23, 23, 22, 21
images/train/1186.jpg True, 28, 30, 269, 10, 17
images/train/1187.jpg False, 0, 0, 0, 0, 0
images/train/1188.jpg True, 24, 26, 355, 24, 7
images/train/1189.jpg True, 24, 19, 42, 7, 11
images/train/1190.jpg True, 32, 30, 125, 8, 14
images/train/1191.jpg False, 0, 0, 0, 0, 0
images/train/1192.jpg True, 28, 25, 205, 12, 14
images/train/1193.jpg True, 16, 26, 326, 18, 11
images/train/1194.jpg True, 33, 33, 348, 21, 20
images/train/1195.jpg True, 29, 23, 190, 5, 14
images/train/1196.jpg True, 17, 26, 347, 16, 18
images/train/1197.jpg True, 32, 17, 62, 7, 10
images/train/1198.jpg False, 0, 0, 0, 0, 0
images/train/1199.jpg False, 0, 0, 0, 0, 0
images/train/1200.jpg True, 19, 18, 323, 24, 22
images/train/1201.jpg True, 33, 27, 283, 10, 3
images/train/1202.jpg True, 29, 26, 97, 4, 23
images/train/1203.jpg True, 27, 26, 144, 20, 13
images/train/1204.jpg True, 22, 32, 356, 18, 19
images/train/1205.jpg True, 33, 25, 89, 6, 8
images/train/1206.jpg True, 29, 22, 49, 4, 16
images/train/1207.jpg False, 0, 0, 0, 0, 0
images/train/1208.jpg False, 0, 0, 0, 0, 0
images/train/1209.jpg True, 27, 27, 128, 7, 20
images/train/1210.jpg True, 31, 25, 153, 24, 7
images/train/1211.jpg True, 20, 15, 231, 23, 7
images/train/1212.jpg False, 0, 0, 0, 0, 0
images/train/1213.jpg True, 23, 27, 131, 23, 20
images/train/1214.jpg False, 0, 0, 0, 0, 0
images/train/1215.jpg True, 24, 34, 313, 12, 23
images/train/1216.jpg True, 17, 24, 349, 3, 17
images/train/1217.jpg True, 24, 15, 234, 16, 17
images/train/1218.jpg True, 31, 23, 71, 14, 15
images/train/1219.jpg True, 21, 23, 38, 15, 10
images/train/1220.jpg True, 23, 24, 254, 14, 6
images/train/1221.jpg True, 23, 19, 71, 7, 20
images/train/1222.jpg True, 27, 20, 150, 6, 23
images/train/1223.jpg True, 32, 32, 6, 8, 11
images/train/1224.jpg True, 32, 27, 285, 3, 24
images/train/1225.jpg False, 0, 0, 0, 0, 0
images/train/1226.jpg True, 30, 33, 150, 11, 22
images/train/1227.jpg True, 25, 32, 210, 5, 15
images/train/1228.jpg False, 0, 0, 0, 0, 0
images/train/1229.jpg False, 0, 0, 0, 0, 0
images/train/1230.jpg False, 0, 0, 0, 0, 0
images/train/1231.jpg True, 22, 24, 341, 17, 16
images/train/1232.jpg True, 24, 30, 230, 13, 21
images/train/1233.jpg False, 0, 0, 0, 0, 0
images/train/1234.jpg True, 16, 27, 355, 13, 9
images/train/1235.jpg False, 0, 0, 0, 0, 0
images/train/1236.jpg True, 34, 19, 81, 16, 4
images/train/1237.jpg False, 0, 0, 0, 0, 0
images/train/1238.jpg True, 34, 15, 158, 14, 21
images/train/1239.jpg True, 16, 17, 23, 11, 17
images/train/1240.jpg False, 0, 0, 0, 0, 0
images/train/1241.jpg False, 0, 0, 0, 0, 0
images/train/1242.jpg True, 17, 19, 172, 17, 5
images/train/1243.jpg True, 18, 18, 224, 11, 18
images/train/1244.jpg True, 26, 16, 175, 17, 18
images/train/1245.jpg False, 0, 0, 0, 0, 0
images/train/1246.jpg True, 25, 26, 326, 6, 4
images/train/1247.jpg True, 24, 26, 186, 6, 7
images/train/1248.jpg False, 0, 0, 0, 0, 0
images/train/1249.jpg False, 0, 0, 0, 0, 0
images/train/1250.jpg True, 34, 19, 342, 9, 18
images/train/1251.jpg False, 0, 0, 0, 0, 0
images/train/1252.jpg False, 0, 0, 0, 0, 0
images/train/1253.jpg True, 17, 20, 267, 10, 13
images/train/1254.jpg True, 28, 21, 159, 23, 21
images/train/1255.jpg True, 21, 18, 206, 11, 4
images/train/1256.jpg True, 22, 21, 262, 10, 9
images/train/1257.jpg False, 0, 0, 0, 0, 0
images/train/1258.jpg False, 0, 0, 0, 0, 0
images/train/1259.jpg False, 0, 0, 0, 0, 0
images/train/1260.jpg True, 16, 33, 0, 5, 24
images/train/1261.jpg False, 0, 0, 0, 0, 0
images/train/1262.jpg True, 27, 18, 338, 20, 16
images/train/1263.jpg True, 17, 22, 351, 9, 7
images/train/1264.jpg True, 21, 25, 69, 12, 7
images/train/1265.jpg True, 32, 17, 92, 12, 22
images/train/1266.jpg True, 20, 29, 36, 9, 16
images/train/1267.jpg True, 29, 24, 107, 5, 11
images/train/1268.jpg True, 31, 22, 237, 7, 8
images/train/1269.jpg True, 24, 29, 15, 13, 18
images/train/1270.jpg True, 32, 24, 273, 20, 6
images/train/1271.jpg True, 33, 17, 146, 22, 18
images/train/1272.jpg True, 23, 33, 117, 8, 14
images/train/1273.jpg True, 20, 15, 166, 17, 10
images/train/1274.jpg True, 16, 25, 11, 19, 21
images/train/1275.jpg False, 0, 0, 0, 0, 0
images/train/1276.jpg True, 17, 28, 167, 20, 17
images/train/1277.jpg False, 0, 0, 0, 0, 0
images/train/1278.jpg True, 27, 29, 196, 13, 5
images/train/1279.jpg True, 34, 20, 207, 4, 13
images/train/1280.jpg True, 23, 23, 313, 4, 6
images/train/1281.jpg True, 22, 18, 173, 5, 9
images/train/1282.jpg False, 0, 0, 0, 0, 0
images/train/1283.jpg True, 24, 22, 184, 24, 4
images/train/1284.jpg True, 29, 21, 266, 15, 8
images/train/1285.jpg True, 17, 18, 160, 12, 22
images/train/1286.jpg True, 22, 15, 48, 18, 21
images/train/1287.jpg True, 32, 34, 286, 13, 19
images/train/1288.jpg True, 17, 17, 339, 23, 19
images/train/1289.jpg True, 32, 33, 134, 20, 17
images/train/1290.jpg True, 34, 25, 51, 22, 7
images/train/1291.jpg True, 28, 23, 121, 5, 18
images/train/1292.jpg False, 0, 0, 0, 0, 0
images/train/1293.jpg True, 25, 19, 152, 7, 22
images/train/1294.jpg False, 0, 0, 0, 0, 0
images/train/1295.jpg False, 0, 0, 0, 0, 0
images/train/1296.jpg False, 0, 0, 0, 0, 0
images/train/1297.jpg False, 0, 0, 0, 0, 0
images/train/1298.jpg True, 19, 15, 343, 3, 22
images/train/1299.jpg True, 26, 23, 112, 4, 7
images/train/1300.jpg False, 0, 0, 0, 0, 0
images/train/1301.jpg True, 15, 29, 108, 14, 4
images/train/1302.jpg True, 31, 15, 289, 15, 4
images/train/1303.jpg True, 33, 30, 275, 12, 6
images/train/1304.jpg True, 16, 26, 112, 5, 7
images/train/1305.jpg False, 0, 0, 0, 0, 0
images/train/1306.jpg True, 25, 18, 257, 13, 20
images/train/1307.jpg True, 25, 30, 33, 17, 24
images/train/1308.jpg True, 24, 17, 50, 15, 8
images/train/1309.jpg True, 27, 21, 256, 14, 7
images/train/1310.jpg False, 0, 0, 0, 0, 0
images/train/1311.jpg False, 0, 0, 0, 0, 0
images/train/1312.jpg False, 0, 0, 0, 0, 0
images/train/1313.jpg True, 21, 26, 109, 11, 4
images/train/1314.jpg True, 27, 24, 309, 20, 15
images/train/1315.jpg True, 17, 34, 237, 18, 20
images/train/1316.jpg False, 0, 0, 0, 0, 0
images/train/1317.jpg True, 33, 15, 259, 19, 22
images/train/1318.jpg True, 27, 27, 331, 13, 20
images/train/1319.jpg False, 0, 0, 0, 0, 0
images/train/1320.jpg True, 33, 20, 195, 12, 9
images/train/1321.jpg True, 21, 34, 26, 4, 20
images/train/1322.jpg True, 25, 26, 60, 4, 21
images/train/1323.jpg True, 18, 33, 108, 3, 15
images/train/1324.jpg False, 0, 0, 0, 0, 0
images/train/1325.jpg False, 0, 0, 0, 0, 0
images/train/1326.jpg True, 28, 29, 148, 12, 11
images/train/1327.jpg True, 26, 17, 227, 18, 16
images/train/1328.jpg True, 21, 29, 276, 4, 6
images/train/1329.jpg True, 31, 18, 5, 19, 7
images/train/1330.jpg True, 32, 29, 292, 15, 13
images/train/1331.jpg True, 18, 20, 322, 16, 18
images/train/1332.jpg True, 22, 31, 0, 10, 9
images/train/1333.jpg True, 26, 15, 130, 3, 23
images/train/1334.jpg True, 31, 17, 1, 13, 23
images/train/1335.jpg False, 0, 0, 0, 0, 0
images/train/1336.jpg True, 15, 25, 298, 14, 11
images/train/1337.jpg False, 0, 0, 0, 0, 0
images/train/1338.jpg True, 24, 19, 192, 4, 15
images/train/1339.jpg False, 0, 0, 0, 0, 0
images/train/1340.jpg True, 15, 19, 296, 20, 19
images/train/1341.jpg True, 30, 17, 242, 4, 5
images/train/1342.jpg False, 0, 0, 0, 0, 0
images/train/1343.jpg True, 16, 15, 149, 14, 10
images/train/1344.jpg False, 0, 0, 0, 0, 0
images/train/1345.jpg True, 23, 32, 30, 16, 23
images/train/1346.jpg True, 19, 27, 25, 20, 18
images/train/1347.jpg True, 29, 34, 183, 6, 19
images/train/1348.jpg False, 0, 0, 0, 0, 0
images/train/1349.jpg True, 27, 20, 139, 18, 10
images/train/1350.jpg False, 0, 0, 0, 0, 0
images/train/1351.jpg True, 27, 31, 65, 18, 10
images/train/1352.jpg True, 30, 30, 102, 16, 12
images/train/1353.jpg True, 17, 15, 9, 6, 24
images/train/1354.jpg False, 0, 0, 0, 0, 0
images/train/1355.jpg True, 19, 34, 251, 9, 14
images/train/1356.jpg False, 0, 0, 0, 0, 0
images/train/1357.jpg False, 0, 0, 0, 0, 0
images/train/1358.jpg True, 23, 16, 186, 16, 13
images/train/1359.jpg False, 0, 0, 0, 0, 0
images/train/1360.jpg False, 0, 0, 0, 0, 0
images/train/1361.jpg True, 20, 27, 285, 20, 24
images/train/1362.jpg True, 28, 20, 112, 10, 18
images/train/1363.jpg True, 29, 20, 5, 10, 20
images/train/1364.jpg True, 20, 33, 241, 5, 8
images/train/1365.jpg True, 21, 29, 143, 19, 19
images/train/1366.jpg True, 23, 33, 306, 16, 9
images/train/1367.jpg False, 0, 0, 0, 0, 0
images/train/1368.jpg False, 0, 0, 0, 0, 0
images/train/1369.jpg False, 0, 0, 0, 0, 0
images/train/1370.jpg True, 33, 32, 221, 19, 21
images/train/1371.jpg True, 28, 29, 31, 7, 10
images/train/1372.jpg True, 33, 18, 117, 24, 21
images/train/1373.jpg False, 0, 0, 0, 0, 0
images/train/1374.jpg True, 25, 33, 234, 4, 24
images/train/1375.jpg True, 30, 29, 262, 24, 11
images/train/1376.jpg False, 0, 0, 0, 0, 0
images/train/1377.jpg True, 29, 31, 286, 24, 12
images/train/1378.jpg True, 18, 15, 266, 24, 23
images/train/1379.jpg False, 0, 0, 0, 0, 0
images/train/1380.jpg True, 15, 32, 155, 5, 9
images/train/1381.jpg True, 30, 18, 13, 18, 9
images/train/1382.jpg True, 18, 15, 218, 21, 7
images/train/1383.jpg False, 0, 0, 0, 0, 0
images/train/1384.jpg True, 16, 28, 98, 20, 20
images/train/1385.jpg True, 30, 21, 260, 22, 10
images/train/1386.jpg True, 15, 15, 187, 18, 12
images/train/1387.jpg False, 0, 0, 0, 0, 0
images/train/1388.jpg False, 0, 0, 0, 0, 0
images/train/1389.jpg False, 0, 0, 0, 0, 0
images/train/1390.jpg True, 22, 28, 232, 9, 15
images/train/1391.jpg True, 23, 25, 272, 5, 6
images/train/1392.jpg True, 34, 27, 313, 16, 24
images/train/1393.jpg True, 24, 27, 219, 12, 21
images/train/1394.jpg True, 33, 16, 0, 15, 23
images/train/1395.jpg True, 33, 20, 234, 19, 12
images/train/1396.jpg False, 0, 0, 0, 0, 0
images/train/1397.jpg False, 0, 0, 0, 0, 0
images/train/1398.jpg False, 0, 0, 0, 0, 0
images/train/1399.jpg True, 24, 30, 199, 24, 8
images/train/1400.jpg True, 18, 26, 262, 24, 14
images/train/1401.jpg True, 28, 15, 96, 13, 18
images/train/1402.jpg True, 17, 33, 33, 7, 20
images/train/1403.jpg False, 0, 0, 0, 0, 0
images/train/1404.jpg False, 0, 0, 0, 0, 0
images/train/1405.jpg True, 34, 21, 303, 3, 6
images/train/1406.jpg True, 25, 26, 278, 20, 19
images/train/1407.jpg True, 21, 31, 135, 18, 23
images/train/1408.jpg True, 15, 34, 93, 22, 3
images/train/1409.jpg False, 0, 0, 0, 0, 0
images/train/1410.jpg True, 24, 20, 176, 5, 21
images/train/1411.jpg False, 0, 0, 0, 0, 0
images/train/1412.jpg True, 27, 28, 293, 23, 6
images/train/1413.jpg True, 16, 32, 209, 24, 13
images/train/1414.jpg True, 28, 31, 44, 13, 7
images/train/1415.jpg True, 29, 26, 236, 14, 8
images/train/1416.jpg False, 0, 0, 0, 0, 0
images/train/1417.jpg True, 15, 25, 281, 20, 9
images/train/1418.jpg True, 17, 28, 243, 11, 14
images/train/1419.jpg True, 32, 29, 261, 4, 3
images/train/1420.jpg True, 21, 23, 344, 18, 6
images/train/1421.jpg True, 15, 15, 74, 3, 10
images/train/1422.jpg True, 34, 17, 348, 22, 4
images/train/1423.jpg True, 23, 20, 59, 24, 9
images/train/1424.jpg True, 33, 22, 242, 9, 20
images/train/1425.jpg False, 0, 0, 0, 0, 0
images/train/1426.jpg False, 0, 0, 0, 0, 0
images/train/1427.jpg False, 0, 0, 0, 0, 0
images/train/1428.jpg False, 0, 0, 0, 0, 0
images/train/1429.jpg True, 31, 28, 198, 8, 9
images/train/1430.jpg False, 0, 0, 0, 0, 0
images/train/1431.jpg True, 16, 28, 124, 22, 14
images/train/1432.jpg True, 30, 32, 181, 6, 20
images/train/1433.jpg True, 24, 15, 30, 6, 9
images/train/1434.jpg True, 34, 21, 241, 20, 18
images/train/1435.jpg False, 0, 0, 0, 0, 0
images/train/1436.jpg True, 29, 22, 18, 16, 17
images/train/1437.jpg False, 0, 0, 0, 0, 0
images/train/1438.jpg True, 29, 25, 74, 9, 6
images/train/1439.jpg True, 28, 34, 141, 3, 17
images/train/1440.jpg True, 18, 16, 61, 14, 11
images/train/1441.jpg True, 23, 31, 158, 14, 11
images/train/1442.jpg False, 0, 0, 0, 0, 0
images/train/1443.jpg False, 0, 0, 0, 0, 0
images/train/1444.jpg True, 33, 15, 3, 14, 9
images/train/1445.jpg True, 30, 22, 326, 9, 24
images/train/1446.jpg True, 17, 30, 245, 21, 4
images/train/1447.jpg True, 20, 34, 8, 20, 7
images/train/1448.jpg True, 28, 16, 199, 14, 20
images/train/1449.jpg True, 32, 20, 198, 20, 8
images/train/1450.jpg True, 33, 27, 156, 22, 21
images/train/1451.jpg True, 15, 27, 322, 22, 20
images/train/1452.jpg False, 0, 0, 0, 0, 0
images/train/1453.jpg True, 33, 34, 106, 7, 5
images/train/1454.jpg True, 16, 31, 195, 8, 23
images/train/1455.jpg False, 0, 0, 0, 0, 0
images/train/1456.jpg True, 20, 17, 307, 17, 15
images/train/1457.jpg True, 30, 24, 263, 9, 3
images/train/1458.jpg False, 0, 0, 0, 0, 0
images/train/1459.jpg True, 21, 22, 173, 5, 19
images/train/1460.jpg True, 26, 15, 142, 13, 8
images/train/1461.jpg True, 27, 30, 178, 24, 18
images/train/1462.jpg False, 0, 0, 0, 0, 0
images/train/1463.jpg False, 0, 0, 0, 0, 0
images/train/1464.jpg False, 0, 0, 0, 0, 0
images/train/1465.jpg False, 0, 0, 0, 0, 0
images/train/1466.jpg False, 0, 0, 0, 0, 0
images/train/1467.jpg True, 28, 22, 34, 3, 22
images/train/1468.jpg True, 27, 26, 86, 5, 11
images/train/1469.jpg True, 23, 16, 84, 7, 17
images/train/1470.jpg True, 34, 26, 267, 14, 5
images/train/1471.jpg True, 24, 25, 291, 17, 20
images/train/1472.jpg True, 27, 29, 25, 23, 10
images/train/1473.jpg True, 30, 26, 271, 15, 5
images/train/1474.jpg True, 18, 15, 339, 4, 15
images/train/1475.jpg True, 33, 15, 190, 7, 6
images/train/1476.jpg True, 18, 24, 50, 4, 5
images/train/1477.jpg True, 20, 22, 7, 20, 9
images/train/1478.jpg False, 0, 0, 0, 0, 0
images/train/1479.jpg True, 31, 32, 300, 12, 18
images/train/1480.jpg True, 24, 27, 302, 17, 6
images/train/1481.jpg True, 20, 32, 26, 20, 10
images/train/1482.jpg True, 27, 20, 155, 15, 14
images/train/1483.jpg False, 0, 0, 0, 0, 0
images/train/1484.jpg True, 21, 22, 155, 3, 5
images/train/1485.jpg True, 15, 31, 316, 18, 4
images/train/1486.jpg False, 0, 0, 0, 0, 0
images/train/1487.jpg True, 29, 24, 187, 16, 6
images/train/1488.jpg True, 19, 31, 155, 22, 16
images/train/1489.jpg True, 16, 25, 141, 13, 6
images/train/1490.jpg True, 23, 21, 312, 19, 7
images/train/1491.jpg False, 0, 0, 0, 0, 0
images/train/1492.jpg True, 15, 28, 114, 22, 16
images/train/1493.jpg True, 29, 27, 237, 11, 15
images/train/1494.jpg True, 21, 34, 147, 12, 11
images/train/1495.jpg True, 34, 25, 83, 3, 3
images/train/1496.jpg True, 27, 25, 321, 21, 15
images/train/1497.jpg True, 20, 16, 21, 13, 13
images/train/1498.jpg True, 25, 20, 1, 11, 24
images/train/1499.jpg False, 0, 0, 0, 0, 0
images/train/1500.jpg True, 15, 34, 333, 24, 11
images/train/1501.jpg True, 27, 28, 121, 10, 24
images/train/1502.jpg True, 18, 25, 71, 15, 3
images/train/1503.jpg True, 34, 22, 346, 15, 23
images/train/1504.jpg True, 26, 16, 265, 20, 15
images/train/1505.jpg True, 15, 17, 286, 10, 16
images/train/1506.jpg False, 0, 0, 0, 0, 0
images/train/1507.jpg False, 0, 0, 0, 0, 0
images/train/1508.jpg True, 19, 34, 35, 20, 9
images/train/1509.jpg False, 0, 0, 0, 0, 0
images/train/1510.jpg True, 33, 29, 167, 17, 19
images/train/1511.jpg True, 28, 29, 304, 12, 20
images/train/1512.jpg True, 26, 26, 267, 7, 22
images/train/1513.jpg True, 29, 22, 224, 12, 21
images/train/1514.jpg False, 0, 0, 0, 0, 0
images/train/1515.jpg False, 0, 0, 0, 0, 0
images/train/1516.jpg True, 30, 33, 327, 15, 10
images/train/1517.jpg True, 19, 17, 39, 8, 12
images/train/1518.jpg False, 0, 0, 0, 0, 0
images/train/1519.jpg True, 22, 21, 166, 17, 18
images/train/1520.jpg True, 33, 17, 41, 3, 3
images/train/1521.jpg False, 0, 0, 0, 0, 0
images/train/1522.jpg True, 17, 17, 187, 13, 13
images/train/1523.jpg True, 25, 20, 106, 20, 23
images/train/1524.jpg True, 25, 23, 303, 5, 6
images/train/1525.jpg False, 0, 0, 0, 0, 0
images/train/1526.jpg True, 33, 32, 202, 13, 4
images/train/1527.jpg True, 15, 21, 188, 13, 10
images/train/1528.jpg True, 15, 17, 328, 3, 23
images/train/1529.jpg False, 0, 0, 0, 0, 0
images/train/1530.jpg True, 26, 22, 202, 16, 19
images/train/1531.jpg False, 0, 0, 0, 0, 0
images/train/1532.jpg False, 0, 0, 0, 0, 0
images/train/1533.jpg True, 17, 24, 146, 10, 13
images/train/1534.jpg True, 16, 17, 119, 17, 4
images/train/1535.jpg True, 26, 33, 179, 20, 21
images/train/1536.jpg False, 0, 0, 0, 0, 0
images/train/1537.jpg True, 31, 31, 350, 23, 19
images/train/1538.jpg False, 0, 0, 0, 0, 0
images/train/1539.jpg True, 19, 19, 132, 14, 7
images/train/1540.jpg False, 0, 0, 0, 0, 0
images/train/1541.jpg True, 17, 29, 26, 19, 16
images/train/1542.jpg True, 28, 25, 90, 7, 18
images/train/1543.jpg True, 24, 29, 57, 23, 6
images/train/1544.jpg True, 19, 15, 54, 16, 17
images/train/1545.jpg False, 0, 0, 0, 0, 0
images/train/1546.jpg True, 24, 30, 133, 10, 14
images/train/1547.jpg True, 32, 21, 252, 16, 21
images/train/1548.jpg True, 23, 23, 192, 21, 17
images/train/1549.jpg True, 19, 21, 292, 20, 13
images/train/1550.jpg True, 30, 31, 274, 4, 21
images/train/1551.jpg True, 21, 26, 221, 20, 19
images/train/1552.jpg False, 0, 0, 0, 0, 0
images/train/1553.jpg True, 17, 26, 106, 11, 19
images/train/1554.jpg False, 0, 0, 0, 0, 0
images/train/1555.jpg True, 19, 18, 236, 19, 23
images/train/1556.jpg True, 25, 29, 33, 17, 9
images/train/1557.jpg True, 34, 33, 71, 18, 16
images/train/1558.jpg True, 31, 17, 5, 11, 3
images/train/1559.jpg False, 0, 0, 0, 0, 0
images/train/1560.jpg True, 15, 20, 120, 20, 17
images/train/1561.jpg True, 21, 24, 205, 17, 11
images/train/1562.jpg False, 0, 0, 0, 0, 0
images/train/1563.jpg False, 0, 0, 0, 0, 0
images/train/1564.jpg True, 22, 25, 190, 13, 6
images/train/1565.jpg True, 25, 34, 14, 14, 23
images/train/1566.jpg True, 28, 33, 257, 6, 3
images/train/1567.jpg False, 0, 0, 0, 0, 0
images/train/1568.jpg True, 15, 28, 114, 11, 12
images/train/1569.jpg True, 27, 15, 301, 17, 5
images/train/1570.jpg True, 19, 16, 231, 18, 21
images/train/1571.jpg True, 20, 19, 22, 12, 20
images/train/1572.jpg True, 19, 25, 338, 7, 12
images/train/1573.jpg False, 0, 0, 0, 0, 0
images/train/1574.jpg False, 0, 0, 0, 0, 0
images/train/1575.jpg True, 34, 34, 35, 14, 11
images/train/1576.jpg False, 0, 0, 0, 0, 0
images/train/1577.jpg False, 0, 0, 0, 0, 0
images/train/1578.jpg True, 26, 33, 65, 13, 16
images/train/1579.jpg True, 16, 32, 275, 20, 14
images/train/1580.jpg False, 0, 0, 0, 0, 0
images/train/1581.jpg False, 0, 0, 0, 0, 0
images/train/1582.jpg True, 32, 27, 33, 11, 10
images/train/1583.jpg False, 0, 0, 0, 0, 0
images/train/1584.jpg False, 0, 0, 0, 0, 0
images/train/1585.jpg True, 27, 25, 181, 7, 6
images/train/1586.jpg True, 17, 28, 350, 17, 23
images/train/1587.jpg True, 19, 19, 195, 6, 16
images/train/1588.jpg True, 27, 26, 322, 19, 8
images/train/1589.jpg False, 0, 0, 0, 0, 0
images/train/1590.jpg True, 31, 22, 266, 11, 20
images/train/1591.jpg True, 33, 30, 333, 13, 16
images/train/1592.jpg True, 33, 34, 226, 23, 4
images/train/1593.jpg True, 27, 30, 222, 8, 15
images/train/1594.jpg True, 25, 30, 13, 6, 6
images/train/1595.jpg True, 33, 18, 84, 14, 14
images/train/1596.jpg True, 27, 30, 197, 16, 4
images/train/1597.jpg False, 0, 0, 0, 0, 0
images/train/1598.jpg True, 17, 21, 151, 14, 10
images/train/1599.jpg False, 0, 0, 0, 0, 0
images/train/1600.jpg False, 0, 0, 0, 0, 0
images/train/1601.jpg False, 0, 0, 0, 0, 0
images/train/1602.jpg True, 28, 21, 302, 16, 8
images/train/1603.jpg True, 32, 17, 145, 8, 13
images/train/1604.jpg True, 19, 23, 24, 15, 8
images/train/1605.jpg False, 0, 0, 0, 0, 0
images/train/1606.jpg False, 0, 0, 0, 0, 0
images/train/1607.jpg True, 17, 16, 216, 18, 20
images/train/1608.jpg True, 32, 32, 31, 13, 19
images/train/1609.jpg True, 28, 34, 356, 4, 21
images/train/1610.jpg True, 32, 31, 277, 20, 21
images/train/1611.jpg True, 29, 21, 273, 13, 5
images/train/1612.jpg True, 25, 18, 85, 12, 7
images/train/1613.jpg True, 27, 19, 269, 20, 12
images/train/1614.jpg False, 0, 0, 0, 0, 0
images/train/1615.jpg True, 19, 23, 233, 14, 16
images/train/1616.jpg True, 30, 28, 211, 22, 4
images/train/1617.jpg True, 25, 26, 39, 17, 4
images/train/1618.jpg False, 0, 0, 0, 0, 0
images/train/1619.jpg True, 32, 17, 220, 14, 14
images/train/1620.jpg False, 0, 0, 0, 0, 0
images/train/1621.jpg False, 0, 0, 0, 0, 0
images/train/1622.jpg True, 15, 32, 13, 8, 12
images/train/1623.jpg True, 21, 26, 23, 13, 6
images/train/1624.jpg False, 0, 0, 0, 0, 0
images/train/1625.jpg True, 15, 18, 120, 22, 5
images/train/1626.jpg True, 20, 23, 278, 18, 10
images/train/1627.jpg True, 17, 15, 343, 21, 12
images/train/1628.jpg True, 16, 28, 147, 5, 13
images/train/1629.jpg False, 0, 0, 0, 0, 0
images/train/1630.jpg False, 0, 0, 0, 0, 0
images/train/1631.jpg True, 31, 29, 27, 8, 18
images/train/1632.jpg True, 28, 29, 349, 8, 3
images/train/1633.jpg True, 30, 30, 77, 15, 19
images/train/1634.jpg True, 25, 26, 168, 6, 11
images/train/1635.jpg True, 29, 15, 253, 4, 16
images/train/1636.jpg False, 0, 0, 0, 0, 0
images/train/1637.jpg True, 32, 27, 332, 18, 21
images/train/1638.jpg True, 18, 25, 313, 21, 18
images/train/1639.jpg False, 0, 0, 0, 0, 0
images/train/1640.jpg False, 0, 0, 0, 0, 0
images/train/1641.jpg True, 16, 17, 19, 14, 15
images/train/1642.jpg True, 24, 31, 225, 22, 11
images/train/1643.jpg False, 0, 0, 0, 0, 0
images/train/1644.jpg True, 30, 24, 273, 22, 22
images/train/1645.jpg False, 0, 0, 0, 0, 0
images/train/1646.jpg False, 0, 0, 0, 0, 0
images/train/1647.jpg True, 22, 24, 197, 5, 9
images/train/1648.jpg False, 0, 0, 0, 0, 0
images/train/1649.jpg False, 0, 0, 0, 0, 0
images/train/1650.jpg False, 0, 0, 0, 0, 0
images/train/1651.jpg True, 16, 32, 257, 18, 15
images/train/1652.jpg True, 31, 16, 270, 21, 3
images/train/1653.jpg True, 29, 25, 72, 3, 10
images/train/1654.jpg True, 23, 23, 35, 16, 18
images/train/1655.jpg True, 22, 15, 75, 7, 24
images/train/1656.jpg True, 27, 27, 285, 14, 15
images/train/1657.jpg True, 20, 23, 137, 20, 14
images/train/1658.jpg True, 28, 22, 44, 17, 7
images/train/1659.jpg False, 0, 0, 0, 0, 0
images/train/1660.jpg True, 27, 28, 237, 14, 15
images/train/1661.jpg False, 0, 0, 0, 0, 0
images/train/1662.jpg True, 28, 33, 353, 22, 17
images/train/1663.jpg True, 20, 25, 124, 8, 7
images/train/1664.jpg True, 32, 21, 213, 19, 16
images/train/1665.jpg True, 25, 33, 314, 18, 16
images/train/1666.jpg True, 15, 24, 204, 19, 10
images/train/1667.jpg True, 31, 17, 276, 13, 17
images/train/1668.jpg True, 26, 24, 61, 7, 17
images/train/1669.jpg True, 15, 21, 349, 5, 22
images/train/1670.jpg True, 30, 27, 150, 6, 13
images/train/1671.jpg True, 24, 30, 34, 3, 6
images/train/1672.jpg False, 0, 0, 0, 0, 0
images/train/1673.jpg False, 0, 0, 0, 0, 0
images/train/1674.jpg True, 27, 25, 271, 5, 22
images/train/1675.jpg False, 0, 0, 0, 0, 0
images/train/1676.jpg True, 28, 16, 6, 7, 8
images/train/1677.jpg True, 27, 28, 80, 10, 10
images/train/1678.jpg False, 0, 0, 0, 0, 0
images/train/1679.jpg True, 31, 23, 316, 19, 9
images/train/1680.jpg True, 34, 23, 260, 4, 21
images/train/1681.jpg True, 33, 29, 5, 13, 20
images/train/1682.jpg True, 27, 15, 260, 21, 16
images/train/1683.jpg True, 23, 18, 308, 23, 21
images/train/1684.jpg False, 0, 0, 0, 0, 0
images/train/1685.jpg False, 0, 0, 0, 0, 0
images/train/1686.jpg True, 34, 24, 323, 20, 22
images/train/1687.jpg True, 33, 17, 116, 8, 13
images/train/1688.jpg True, 24, 30, 221, 6, 15
images/train/1689.jpg True, 27, 32, 45, 12, 24
images/train/1690.jpg True, 31, 26, 243, 20, 24
images/train/1691.jpg True, 24, 31, 143, 23, 5
images/train/1692.jpg True, 28, 25, 214, 14, 14
images/train/1693.jpg True, 22, 28, 274, 9, 8
images/train/1694.jpg True, 28, 24, 144, 5, 10
images/train/1695.jpg True, 24, 25, 342, 11, 5
images/train/1696.jpg True, 26, 18, 228, 17, 3
images/train/1697.jpg True, 22, 15, 219, 24, 13
images/train/1698.jpg False, 0, 0, 0, 0, 0
images/train/1699.jpg True, 23, 21, 23, 17, 10
images/train/1700.jpg False, 0, 0, 0, 0, 0
images/train/1701.jpg True, 19, 20, 268, 5, 14
images/train/1702.jpg True, 33, 24, 305, 16, 21
images/train/1703.jpg True, 22, 20, 40, 3, 21
images/train/1704.jpg True, 16, 24, 152, 20, 4
images/train/1705.jpg True, 20, 24, 180, 23, 13
images/train/1706.jpg False, 0, 0, 0, 0, 0
images/train/1707.jpg False, 0, 0, 0, 0, 0
images/train/1708.jpg True, 33, 24, 358, 11, 7
images/train/1709.jpg True, 19, 21, 34, 4, 22
images/train/1710.jpg True, 28, 17, 321, 16, 6
images/train/1711.jpg True, 33, 16, 114, 18, 12
images/train/1712.jpg False, 0, 0, 0, 0, 0
images/train/1713.jpg True, 26, 34, 121, 16, 9
images/train/1714.jpg True, 19, 24, 2, 17, 4
images/train/1715.jpg True, 34, 28, 163, 10, 6
images/train/1716.jpg True, 32, 26, 184, 14, 7
images/train/1717.jpg True, 24, 33, 353, 10, 17
images/train/1718.jpg True, 31, 15, 209, 21, 12
images/train/1719.jpg True, 17, 30, 347, 20, 23
images/train/1720.jpg True, 28, 27, 195, 18, 24
images/train/1721.jpg True, 21, 29, 303, 9, 15
images/train/1722.jpg False, 0, 0, 0, 0, 0
images/train/1723.jpg True, 19, 18, 106, 6, 6
images/train/1724.jpg True, 23, 22, 246, 9, 12
images/train/1725.jpg True, 22, 22, 25, 7, 20
images/train/1726.jpg True, 29, 30, 63, 5, 11
images/train/1727.jpg False, 0, 0, 0, 0, 0
images/train/1728.jpg True, 22, 30, 201, 21, 19
images/train/1729.jpg True, 23, 19, 344, 6, 22
images/train/1730.jpg True, 18, 28, 175, 20, 24
images/train/1731.jpg True, 28, 17, 148, 10, 10
images/train/1732.jpg True, 21, 24, 354, 3, 16
images/train/1733.jpg True, 34, 16, 328, 8, 4
images/train/1734.jpg True, 32, 15, 284, 3, 22
images/train/1735.jpg False, 0, 0, 0, 0, 0
images/train/1736.jpg True, 26, 16, 271, 20, 19
images/train/1737.jpg True, 23, 30, 139, 3, 20
images/train/1738.jpg True, 28, 17, 267, 5, 24
images/train/1739.jpg False, 0, 0, 0, 0, 0
images/train/1740.jpg True, 27, 20, 339, 15, 11
images/train/1741.jpg True, 26, 18, 261, 22, 23
images/train/1742.jpg True, 24, 15, 223, 10, 16
images/train/1743.jpg False, 0, 0, 0, 0, 0
images/train/1744.jpg False, 0, 0, 0, 0, 0
images/train/1745.jpg False, 0, 0, 0, 0, 0
images/train/1746.jpg True, 28, 32, 301, 16, 24
images/train/1747.jpg False, 0, 0, 0, 0, 0
images/train/1748.jpg True, 30, 25, 258, 12, 22
images/train/1749.jpg True, 18, 34, 211, 5, 5
images/train/1750.jpg False, 0, 0, 0, 0, 0
images/train/1751.jpg True, 21, 22, 1, 11, 22
images/train/1752.jpg True, 18, 21, 251, 15, 12
images/train/1753.jpg True, 24, 21, 345, 4, 10
images/train/1754.jpg False, 0, 0, 0, 0, 0
images/train/1755.jpg True, 21, 24, 352, 13, 13
images/train/1756.jpg True, 21, 26, 251, 14, 6
images/train/1757.jpg True, 32, 31, 150, 15, 20
images/train/1758.jpg True, 23, 15, 284, 15, 5
images/train/1759.jpg True, 20, 34, 111, 7, 17
images/train/1760.jpg True, 20, 23, 23, 20, 16
images/train/1761.jpg True, 27, 27, 134, 8, 21
images/train/1762.jpg True, 32, 25, 227, 5, 18
images/train/1763.jpg True, 27, 26, 29, 9, 10
images/train/1764.jpg True, 22, 20, 164, 9, 22
images/train/1765.jpg True, 19, 18, 159, 21, 13
images/train/1766.jpg True, 21, 32, 232, 12, 21
images/train/1767.jpg True, 29, 23, 145, 4, 24
images/train/1768.jpg True, 25, 27, 307, 23, 4
images/train/1769.jpg True, 33, 18, 76, 12, 24
images/train/1770.jpg True, 26, 23, 184, 23, 3
images/train/1771.jpg True, 16, 29, 41, 6, 3
images/train/1772.jpg False, 0, 0, 0, 0, 0
images/train/1773.jpg False, 0, 0, 0, 0, 0
images/train/1774.jpg True, 15, 28, 301, 4, 12
images/train/1775.jpg False, 0, 0, 0, 0, 0
images/train/1776.jpg True, 24, 31, 103, 10, 5
images/train/1777.jpg False, 0, 0, 0, 0, 0
images/train/1778.jpg False, 0, 0, 0, 0, 0
images/train/1779.jpg True, 17, 18, 85, 24, 14
images/train/1780.jpg False, 0, 0, 0, 0, 0
images/train/1781.jpg True, 21, 20, 269, 3, 21
images/train/1782.jpg True, 17, 18, 326, 15, 23
images/train/1783.jpg False, 0, 0, 0, 0, 0
images/train/1784.jpg True, 30, 21, 231, 17, 11
images/train/1785.jpg True, 20, 18, 77, 23, 17
images/train/1786.jpg True, 16, 29, 315, 11, 17
images/train/1787.jpg True, 18, 32, 162, 15, 17
images/train/1788.jpg True, 33, 30, 21, 9, 13
images/train/1789.jpg False, 0, 0, 0, 0, 0
images/train/1790.jpg True, 19, 32, 203, 22, 7
images/train/1791.jpg True, 25, 27, 130, 23, 16
images/train/1792.jpg True, 27, 22, 103, 10, 6
images/train/1793.jpg True, 22, 31, 143, 6, 22
images/train/1794.jpg True, 25, 31, 176, 9, 11
images/train/1795.jpg True, 28, 34, 53, 20, 8
images/train/1796.jpg True, 19, 27, 330, 8, 17
images/train/1797.jpg False, 0, 0, 0, 0, 0
images/train/1798.jpg True, 34, 30, 109, 4, 4
images/train/1799.jpg True, 34, 23, 198, 11, 8
images/train/1800.jpg False, 0, 0, 0, 0, 0
images/train/1801.jpg False, 0, 0, 0, 0, 0
images/train/1802.jpg True, 16, 15, 183, 21, 12
images/train/1803.jpg False, 0, 0, 0, 0, 0
images/train/1804.jpg False, 0, 0, 0, 0, 0
images/train/1805.jpg True, 32, 15, 144, 14, 21
images/train/1806.jpg True, 20, 15, 166, 3, 5
images/train/1807.jpg False, 0, 0, 0, 0, 0
images/train/1808.jpg True, 31, 23, 280, 8, 12
images/train/1809.jpg False, 0, 0, 0, 0, 0
images/train/1810.jpg False, 0, 0, 0, 0, 0
images/train/1811.jpg False, 0, 0, 0, 0, 0
images/train/1812.jpg False, 0, 0, 0, 0, 0
images/train/1813.jpg False, 0, 0, 0, 0, 0
images/train/1814.jpg False, 0, 0, 0, 0, 0
images/train/1815.jpg True, 32, 23, 99, 12, 11
images/train/1816.jpg False, 0, 0, 0, 0, 0
images/train/1817.jpg True, 17, 32, 304, 23, 12
images/train/1818.jpg True, 32, 20, 102, 3, 5
images/train/1819.jpg True, 31, 16, 303, 11, 8
images/train/1820.jpg False, 0, 0, 0, 0, 0
images/train/1821.jpg False, 0, 0, 0, 0, 0
images/train/1822.jpg False, 0, 0, 0, 0, 0
images/train/1823.jpg True, 31, 23, 4, 20, 14
images/train/1824.jpg True, 16, 19, 309, 21, 14
images/train/1825.jpg False, 0, 0, 0, 0, 0
images/train/1826.jpg True, 26, 18, 214, 16, 12
images/train/1827.jpg False, 0, 0, 0, 0, 0
images/train/1828.jpg False, 0, 0, 0, 0, 0
images/train/1829.jpg True, 16, 17, 304, 6, 17
images/train/1830.jpg True, 26, 27, 101, 15, 15
images/train/1831.jpg False, 0, 0, 0, 0, 0
images/train/1832.jpg True, 22, 34, 233, 15, 15
images/train/1833.jpg True, 21, 28, 171, 10, 22
images/train/1834.jpg False, 0, 0, 0, 0, 0
images/train/1835.jpg True, 26, 33, 74, 23, 24
images/train/1836.jpg True, 25, 18, 71, 24, 20
images/train/1837.jpg True, 18, 23, 91, 21, 20
images/train/1838.jpg True, 18, 17, 105, 16, 24
images/train/1839.jpg False, 0, 0, 0, 0, 0
images/train/1840.jpg True, 18, 27, 235, 10, 22
images/train/1841.jpg True, 32, 30, 221, 20, 7
images/train/1842.jpg False, 0, 0, 0, 0, 0
images/train/1843.jpg True, 21, 19, 335, 16, 19
images/train/1844.jpg True, 25, 30, 282, 24, 4
images/train/1845.jpg True, 27, 27, 243, 14, 23
images/train/1846.jpg True, 30, 23, 3, 23, 20
images/train/1847.jpg True, 22, 28, 134, 10, 22
images/train/1848.jpg True, 29, 21, 274, 16, 24
images/train/1849.jpg True, 18, 15, 132, 3, 11
images/train/1850.jpg True, 21, 26, 173, 21, 15
images/train/1851.jpg False, 0, 0, 0, 0, 0
images/train/1852.jpg True, 26, 34, 132, 18, 16
images/train/1853.jpg True, 22, 19, 325, 17, 9
images/train/1854.jpg False, 0, 0, 0, 0, 0
images/train/1855.jpg True, 16, 17, 307, 17, 11
images/train/1856.jpg True, 18, 33, 154, 16, 3
images/train/1857.jpg True, 34, 31, 204, 17, 20
images/train/1858.jpg False, 0, 0, 0, 0, 0
images/train/1859.jpg True, 24, 18, 222, 24, 6
images/train/1860.jpg True, 20, 20, 280, 18, 22
images/train/1861.jpg True, 18, 32, 138, 17, 17
images/train/1862.jpg True, 33, 15, 298, 19, 18
images/train/1863.jpg False, 0, 0, 0, 0, 0
images/train/1864.jpg False, 0, 0, 0, 0, 0
images/train/1865.jpg False, 0, 0, 0, 0, 0
images/train/1866.jpg True, 25, 34, 250, 4, 6
images/train/1867.jpg True, 18, 18, 349, 6, 20
images/train/1868.jpg True, 17, 23, 134, 20, 7
images/train/1869.jpg True, 21, 32, 333, 5, 10
images/train/1870.jpg True, 24, 28, 210, 24, 9
images/train/1871.jpg True, 23, 32, 162, 21, 20
images/train/1872.jpg True, 31, 25, 297, 20, 9
images/train/1873.jpg True, 31, 27, 328, 4, 23
images/train/1874.jpg True, 29, 17, 232, 9, 14
images/train/1875.jpg True, 31, 23, 137, 8, 23
images/train/1876.jpg False, 0, 0, 0, 0, 0
images/train/1877.jpg True, 26, 31, 255, 14, 22
images/train/1878.jpg True, 27, 30, 193, 8, 16
images/train/1879.jpg True, 18, 23, 274, 9, 13
images/train/1880.jpg True, 17, 27, 167, 19, 22
images/train/1881.jpg True, 16, 20, 179, 9, 20
images/train/1882.jpg True, 22, 21, 194, 3, 22
images/train/1883.jpg False, 0, 0, 0, 0, 0
images/train/1884.jpg True, 23, 27, 48, 23, 10
images/train/1885.jpg True, 23, 29, 301, 8, 4
images/train/1886.jpg False, 0, 0, 0, 0, 0
images/train/1887.jpg True, 31, 29, 58, 3, 17
images/train/1888.jpg True, 29, 18, 192, 24, 16
images/train/1889.jpg False, 0, 0, 0, 0, 0
images/train/1890.jpg False, 0, 0, 0, 0, 0
images/train/1891.jpg True, 17, 20, 68, 5, 5
images/train/1892.jpg True, 30, 19, 264, 5, 7
images/train/1893.jpg True, 30, 22, 133, 24, 11
images/train/1894.jpg True, 21, 29, 23, 23, 24
images/train/1895.jpg False, 0, 0, 0, 0, 0
images/train/1896.jpg False, 0, 0, 0, 0, 0
images/train/1897.jpg True, 19, 19, 21, 9, 15
images/train/1898.jpg True, 28, 16, 118, 10, 8
images/train/1899.jpg True, 30, 26, 181, 7, 16
images/train/1900.jpg True, 21, 34, 284, 16, 7
images/train/1901.jpg True, 16, 30, 186, 18, 7
images/train/1902.jpg True, 24, 32, 215, 10, 16
images/train/1903.jpg False, 0, 0, 0, 0, 0
images/train/1904.jpg True, 24, 19, 54, 7, 15
images/train/1905.jpg False, 0, 0, 0, 0, 0
images/train/1906.jpg True, 32, 29, 25, 19, 10
images/train/1907.jpg False, 0, 0, 0, 0, 0
images/train/1908.jpg False, 0, 0, 0, 0, 0
images/train/1909.jpg True, 22, 22, 193, 15, 13
images/train/1910.jpg True, 29, 34, 265, 3, 22
images/train/1911.jpg True, 28, 28, 2, 7, 22
images/train/1912.jpg False, 0, 0, 0, 0, 0
images/train/1913.jpg True, 30, 15, 244, 9, 10
images/train/1914.jpg False, 0, 0, 0, 0, 0
images/train/1915.jpg True, 15, 15, 239, 3, 17
images/train/1916.jpg True, 27, 32, 291, 22, 18
images/train/1917.jpg True, 23, 21, 140, 18, 21
images/train/1918.jpg True, 21, 32, 192, 15, 17
images/train/1919.jpg True, 30, 21, 104, 8, 12
images/train/1920.jpg True, 26, 17, 160, 6, 14
images/train/1921.jpg False, 0, 0, 0, 0, 0
images/train/1922.jpg False, 0, 0, 0, 0, 0
images/train/1923.jpg True, 17, 16, 57, 12, 11
images/train/1924.jpg True, 21, 26, 148, 9, 5
images/train/1925.jpg True, 29, 26, 351, 5, 23
images/train/1926.jpg False, 0, 0, 0, 0, 0
images/train/1927.jpg True, 17, 25, 186, 22, 20
images/train/1928.jpg False, 0, 0, 0, 0, 0
images/train/1929.jpg True, 34, 29, 91, 4, 22
images/train/1930.jpg True, 26, 16, 65, 13, 17
images/train/1931.jpg False, 0, 0, 0, 0, 0
images/train/1932.jpg False, 0, 0, 0, 0, 0
images/train/1933.jpg True, 22, 23, 146, 18, 19
images/train/1934.jpg False, 0, 0, 0, 0, 0
images/train/1935.jpg True, 16, 34, 277, 12, 4
images/train/1936.jpg False, 0, 0, 0, 0, 0
images/train/1937.jpg True, 21, 20, 164, 9, 15
images/train/1938.jpg True, 34, 19, 147, 14, 22
images/train/1939.jpg True, 19, 29, 224, 9, 16
images/train/1940.jpg True, 29, 28, 335, 16, 20
images/train/1941.jpg False, 0, 0, 0, 0, 0
images/train/1942.jpg True, 30, 19, 89, 22, 16
images/train/1943.jpg False, 0, 0, 0, 0, 0
images/train/1944.jpg True, 21, 30, 161, 14, 18
images/train/1945.jpg True, 34, 28, 72, 7, 3
images/train/1946.jpg False, 0, 0, 0, 0, 0
images/train/1947.jpg True, 15, 15, 289, 12, 6
images/train/1948.jpg True, 28, 23, 179, 3, 4
images/train/1949.jpg False, 0, 0, 0, 0, 0
images/train/1950.jpg True, 32, 25, 342, 23, 14
images/train/1951.jpg True, 21, 25, 267, 21, 10
images/train/1952.jpg True, 30, 18, 98, 16, 6
images/train/1953.jpg True, 24, 17, 256, 18, 8
images/train/1954.jpg False, 0, 0, 0, 0, 0
images/train/1955.jpg True, 18, 19, 297, 13, 13
images/train/1956.jpg True, 22, 17, 40, 5, 22
images/train/1957.jpg True, 25, 28, 99, 6, 23
images/train/1958.jpg True, 18, 25, 293, 7, 3
images/train/1959.jpg False, 0, 0, 0, 0, 0
images/train/1960.jpg True, 26, 25, 212, 14, 9
images/train/1961.jpg True, 23, 15, 122, 10, 11
images/train/1962.jpg True, 25, 33, 215, 22, 10
images/train/1963.jpg True, 34, 20, 90, 22, 3
images/train/1964.jpg True, 15, 28, 306, 22, 9
images/train/1965.jpg True, 32, 23, 153, 22, 17
images/train/1966.jpg False, 0, 0, 0, 0, 0
images/train/1967.jpg True, 25, 18, 171, 22, 12
images/train/1968.jpg True, 29, 26, 245, 20, 11
images/train/1969.jpg False, 0, 0, 0, 0, 0
images/train/1970.jpg False, 0, 0, 0, 0, 0
images/train/1971.jpg True, 19, 26, 218, 8, 5
images/train/1972.jpg False, 0, 0, 0, 0, 0
images/train/1973.jpg True, 29, 27, 223, 20, 14
images/train/1974.jpg False, 0, 0, 0, 0, 0
images/train/1975.jpg False, 0, 0, 0, 0, 0
images/train/1976.jpg True, 31, 30, 359, 17, 18
images/train/1977.jpg True, 20, 32, 321, 12, 15
images/train/1978.jpg True, 30, 15, 164, 15, 3
images/train/1979.jpg True, 15, 19, 205, 4, 18
images/train/1980.jpg True, 34, 33, 209, 20, 5
images/train/1981.jpg True, 17, 15, 17, 13, 15
images/train/1982.jpg True, 29, 28, 322, 23, 18
images/train/1983.jpg False, 0, 0, 0, 0, 0
images/train/1984.jpg True, 22, 24, 231, 16, 10
images/train/1985.jpg True, 23, 16, 66, 19, 13
images/train/1986.jpg False, 0, 0, 0, 0, 0
images/train/1987.jpg False, 0, 0, 0, 0, 0
images/train/1988.jpg True, 19, 24, 162, 24, 15
images/train/1989.jpg True, 19, 29, 324, 24, 8
images/train/1990.jpg True, 29, 28, 304, 5, 6
images/train/1991.jpg True, 33, 28, 347, 21, 4
images/train/1992.jpg True, 15, 19, 133, 16, 24
images/train/1993.jpg True, 29, 22, 123, 22, 8
images/train/1994.jpg True, 27, 20, 16, 8, 12
images/train/1995.jpg True, 16, 34, 122, 10, 16
images/train/1996.jpg True, 29, 19, 76, 20, 16
images/train/1997.jpg True, 20, 21, 240, 18, 10
images/train/1998.jpg False, 0, 0, 0, 0, 0
images/train/1999.jpg True, 15, 26, 84, 24, 19
images/train/2000.jpg True, 21, 21, 103, 14, 22
images/train/2001.jpg False, 0, 0, 0, 0, 0
images/train/2002.jpg False, 0, 0, 0, 0, 0
images/train/2003.jpg True, 27, 26, 101, 15, 21
images/train/2004.jpg True, 21, 33, 165, 13, 11
images/train/2005.jpg False, 0, 0, 0, 0, 0
images/train/2006.jpg False, 0, 0, 0, 0, 0
images/train/2007.jpg True, 17, 31, 155, 24, 23
images/train/2008.jpg True, 33, 29, 189, 6, 12
images/train/2009.jpg True, 25, 16, 65, 8, 20
images/train/2010.jpg True, 18, 20, 255, 11, 16
images/train/2011.jpg True, 30, 34, 29, 15, 9
images/train/2012.jpg False, 0, 0, 0, 0, 0
images/train/2013.jpg False, 0, 0, 0, 0, 0
images/train/2014.jpg False, 0, 0, 0, 0, 0
images/train/2015.jpg False, 0, 0, 0, 0, 0
images/train/2016.jpg False, 0, 0, 0, 0, 0
images/train/2017.jpg False, 0, 0, 0, 0, 0
images/train/2018.jpg True, 19, 23, 283, 10, 4
images/train/2019.jpg True, 20, 18, 349, 21, 21
images/train/2020.jpg False, 0, 0, 0, 0, 0
images/train/2021.jpg True, 18, 20, 289, 17, 4
images/train/2022.jpg False, 0, 0, 0, 0, 0
images/train/2023.jpg True, 16, 29, 78, 23, 15
images/train/2024.jpg True, 28, 32, 34, 11, 6
images/train/2025.jpg True, 15, 16, 122, 10, 16
images/train/2026.jpg True, 24, 20, 287, 11, 12
images/train/2027.jpg False, 0, 0, 0, 0, 0
images/train/2028.jpg False, 0, 0, 0, 0, 0
images/train/2029.jpg True, 26, 21, 338, 5, 11
images/train/2030.jpg False, 0, 0, 0, 0, 0
images/train/2031.jpg True, 34, 32, 138, 20, 4
images/train/2032.jpg True, 34, 23, 317, 7, 10
images/train/2033.jpg True, 20, 21, 137, 12, 7
images/train/2034.jpg True, 31, 21, 215, 13, 24
images/train/2035.jpg True, 15, 28, 304, 13, 21
images/train/2036.jpg True, 34, 22, 202, 13, 3
images/train/2037.jpg True, 16, 34, 3, 12, 20
images/train/2038.jpg True, 19, 34, 15, 22, 17
images/train/2039.jpg False, 0, 0, 0, 0, 0
images/train/2040.jpg False, 0, 0, 0, 0, 0
images/train/2041.jpg True, 21, 29, 5, 5, 8
images/train/2042.jpg False, 0, 0, 0, 0, 0
images/train/2043.jpg False, 0, 0, 0, 0, 0
images/train/2044.jpg True, 28, 28, 251, 11, 16
images/train/2045.jpg True, 17, 27, 76, 6, 23
images/train/2046.jpg True, 31, 31, 127, 8, 21
images/train/2047.jpg False, 0, 0, 0, 0, 0
images/train/2048.jpg True, 15, 20, 319, 9, 14
images/train/2049.jpg True, 20, 23, 37, 4, 23
images/train/2050.jpg True, 28, 20, 170, 20, 7
images/train/2051.jpg True, 32, 30, 47, 21, 8
images/train/2052.jpg True, 19, 30, 154, 8, 5
images/train/2053.jpg True, 29, 20, 176, 4, 22
images/train/2054.jpg True, 25, 29, 332, 15, 16
images/train/2055.jpg False, 0, 0, 0, 0, 0
images/train/2056.jpg True, 15, 22, 298, 11, 17
images/train/2057.jpg False, 0, 0, 0, 0, 0
images/train/2058.jpg True, 20, 22, 87, 14, 16
images/train/2059.jpg False, 0, 0, 0, 0, 0
images/train/2060.jpg False, 0, 0, 0, 0, 0
images/train/2061.jpg False, 0, 0, 0, 0, 0
images/train/2062.jpg True, 23, 28, 280, 8, 6
images/train/2063.jpg True, 27, 25, 286, 16, 8
images/train/2064.jpg True, 22, 26, 149, 21, 14
images/train/2065.jpg True, 22, 28, 31, 12, 11
images/train/2066.jpg False, 0, 0, 0, 0, 0
images/train/2067.jpg False, 0, 0, 0, 0, 0
images/train/2068.jpg True, 33, 19, 172, 18, 5
images/train/2069.jpg False, 0, 0, 0, 0, 0
images/train/2070.jpg True, 15, 16, 148, 21, 17
images/train/2071.jpg True, 22, 16, 93, 11, 4
images/train/2072.jpg True, 19, 29, 14, 17, 24
images/train/2073.jpg True, 30, 31, 244, 10, 21
images/train/2074.jpg True, 20, 29, 137, 13, 15
images/train/2075.jpg False, 0, 0, 0, 0, 0
images/train/2076.jpg True, 21, 24, 266, 20, 18
images/train/2077.jpg False, 0, 0, 0, 0, 0
images/train/2078.jpg True, 29, 19, 344, 15, 13
images/train/2079.jpg False, 0, 0, 0, 0, 0
images/train/2080.jpg False, 0, 0, 0, 0, 0
images/train/2081.jpg True, 16, 19, 66, 3, 21
images/train/2082.jpg True, 26, 30, 111, 21, 5
images/train/2083.jpg True, 34, 22, 116, 14, 5
images/train/2084.jpg True, 16, 17, 116, 13, 19
images/train/2085.jpg True, 28, 34, 128, 16, 4
images/train/2086.jpg False, 0, 0, 0, 0, 0
images/train/2087.jpg True, 31, 30, 312, 22, 13
images/train/2088.jpg True, 30, 17, 117, 17, 7
images/train/2089.jpg True, 15, 21, 262, 12, 3
images/train/2090.jpg True, 31, 27, 39, 17, 13
images/train/2091.jpg True, 28, 29, 90, 22, 14
images/train/2092.jpg True, 19, 30, 276, 5, 11
images/train/2093.jpg True, 19, 29, 260, 12, 20
images/train/2094.jpg True, 20, 29, 345, 10, 20
images/train/2095.jpg True, 27, 26, 123, 3, 14
images/train/2096.jpg False, 0, 0, 0, 0, 0
images/train/2097.jpg True, 15, 18, 156, 23, 8
images/train/2098.jpg True, 29, 16, 298, 3, 4
images/train/2099.jpg True, 32, 22, 294, 23, 12
images/train/2100.jpg True, 15, 29, 179, 3, 16
images/train/2101.jpg False, 0, 0, 0, 0, 0
images/train/2102.jpg True, 20, 23, 8, 10, 5
images/train/2103.jpg False, 0, 0, 0, 0, 0
images/train/2104.jpg True, 33, 22, 52, 6, 19
images/train/2105.jpg True, 15, 23, 14, 4, 11
images/train/2106.jpg True, 28, 32, 248, 12, 20
images/train/2107.jpg True, 34, 26, 66, 9, 9
images/train/2108.jpg True, 27, 32, 174, 23, 5
images/train/2109.jpg False, 0, 0, 0, 0, 0
images/train/2110.jpg False, 0, 0, 0, 0, 0
images/train/2111.jpg True, 29, 17, 216, 20, 14
images/train/2112.jpg False, 0, 0, 0, 0, 0
images/train/2113.jpg False, 0, 0, 0, 0, 0
images/train/2114.jpg True, 29, 21, 12, 19, 17
images/train/2115.jpg True, 30, 21, 77, 16, 15
images/train/2116.jpg False, 0, 0, 0, 0, 0
images/train/2117.jpg False, 0, 0, 0, 0, 0
images/train/2118.jpg True, 26, 20, 266, 6, 11
images/train/2119.jpg True, 23, 27, 113, 13, 14
images/train/2120.jpg True, 17, 15, 141, 18, 16
images/train/2121.jpg True, 30, 27, 58, 20, 20
images/train/2122.jpg False, 0, 0, 0, 0, 0
images/train/2123.jpg True, 19, 33, 327, 10, 24
images/train/2124.jpg True, 25, 28, 356, 3, 22
images/train/2125.jpg True, 33, 23, 244, 21, 4
images/train/2126.jpg True, 16, 28, 27, 23, 20
images/train/2127.jpg True, 31, 21, 357, 17, 16
images/train/2128.jpg True, 30, 17, 295, 4, 22
images/train/2129.jpg True, 29, 31, 33, 20, 8
images/train/2130.jpg True, 34, 23, 345, 14, 16
images/train/2131.jpg True, 34, 22, 146, 16, 22
images/train/2132.jpg False, 0, 0, 0, 0, 0
images/train/2133.jpg False, 0, 0, 0, 0, 0
images/train/2134.jpg True, 34, 21, 146, 18, 10
images/train/2135.jpg True, 19, 21, 125, 5, 16
images/train/2136.jpg True, 29, 22, 21, 5, 4
images/train/2137.jpg True, 21, 24, 108, 18, 5
images/train/2138.jpg True, 20, 17, 79, 3, 7
images/train/2139.jpg True, 26, 17, 193, 13, 17
images/train/2140.jpg False, 0, 0, 0, 0, 0
images/train/2141.jpg True, 25, 18, 120, 18, 9
images/train/2142.jpg True, 28, 17, 130, 10, 21
images/train/2143.jpg True, 26, 24, 333, 15, 3
images/train/2144.jpg True, 18, 24, 338, 3, 23
images/train/2145.jpg True, 29, 20, 19, 21, 13
images/train/2146.jpg True, 19, 18, 54, 18, 4
images/train/2147.jpg False, 0, 0, 0, 0, 0
images/train/2148.jpg True, 34, 25, 307, 19, 17
images/train/2149.jpg True, 28, 30, 207, 10, 12
images/train/2150.jpg False, 0, 0, 0, 0, 0
images/train/2151.jpg False, 0, 0, 0, 0, 0
images/train/2152.jpg False, 0, 0, 0, 0, 0
images/train/2153.jpg False, 0, 0, 0, 0, 0
images/train/2154.jpg True, 20, 32, 339, 6, 9
images/train/2155.jpg True, 18, 20, 223, 12, 9
images/train/2156.jpg False, 0, 0, 0, 0, 0
images/train/2157.jpg True, 18, 27, 131, 23, 3
images/train/2158.jpg True, 26, 21, 291, 23, 13
images/train/2159.jpg False, 0, 0, 0, 0, 0
images/train/2160.jpg True, 18, 32, 32, 15, 20
images/train/2161.jpg False, 0, 0, 0, 0, 0
images/train/2162.jpg False, 0, 0, 0, 0, 0
images/train/2163.jpg True, 31, 22, 214, 23, 5
images/train/2164.jpg True, 23, 28, 229, 22, 21
images/train/2165.jpg False, 0, 0, 0, 0, 0
images/train/2166.jpg True, 33, 21, 3, 16, 12
images/train/2167.jpg True, 21, 25, 27, 14, 8
images/train/2168.jpg True, 34, 20, 66, 5, 11
images/train/2169.jpg True, 26, 33, 47, 20, 24
images/train/2170.jpg True, 33, 32, 251, 19, 8
images/train/2171.jpg True, 17, 30, 217, 17, 12
images/train/2172.jpg True, 15, 17, 332, 22, 6
images/train/2173.jpg True, 23, 21, 14, 11, 8
images/train/2174.jpg False, 0, 0, 0, 0, 0
images/train/2175.jpg True, 26, 16, 333, 16, 15
images/train/2176.jpg False, 0, 0, 0, 0, 0
images/train/2177.jpg True, 26, 32, 62, 8, 16
images/train/2178.jpg True, 16, 33, 149, 12, 18
images/train/2179.jpg False, 0, 0, 0, 0, 0
images/train/2180.jpg True, 28, 19, 75, 19, 19
images/train/2181.jpg True, 30, 15, 85, 15, 16
images/train/2182.jpg True, 30, 25, 264, 21, 10
images/train/2183.jpg True, 32, 27, 131, 15, 14
images/train/2184.jpg False, 0, 0, 0, 0, 0
images/train/2185.jpg False, 0, 0, 0, 0, 0
images/train/2186.jpg True, 29, 23, 154, 16, 9
images/train/2187.jpg True, 19, 30, 34, 12, 7
images/train/2188.jpg False, 0, 0, 0, 0, 0
images/train/2189.jpg False, 0, 0, 0, 0, 0
images/train/2190.jpg False, 0, 0, 0, 0, 0
images/train/2191.jpg True, 30, 34, 348, 13, 8
images/train/2192.jpg True, 16, 25, 129, 21, 20
images/train/2193.jpg True, 23, 29, 190, 20, 22
images/train/2194.jpg True, 26, 16, 63, 4, 3
images/train/2195.jpg True, 34, 23, 334, 12, 15
images/train/2196.jpg True, 20, 16, 167, 11, 11
images/train/2197.jpg True, 17, 21, 210, 13, 10
images/train/2198.jpg False, 0, 0, 0, 0, 0
images/train/2199.jpg True, 23, 16, 13, 12, 6
images/train/2200.jpg True, 21, 26, 97, 19, 7
images/train/2201.jpg True, 30, 15, 271, 3, 10
images/train/2202.jpg True, 30, 19, 106, 12, 10
images/train/2203.jpg True, 33, 32, 17, 14, 23
images/train/2204.jpg False, 0, 0, 0, 0, 0
images/train/2205.jpg True, 15, 23, 67, 24, 23
images/train/2206.jpg True, 26, 32, 242, 19, 9
images/train/2207.jpg True, 30, 15, 69, 16, 12
images/train/2208.jpg True, 15, 26, 7, 12, 6
images/train/2209.jpg True, 27, 26, 156, 21, 24
images/train/2210.jpg True, 15, 16, 355, 22, 23
images/train/2211.jpg False, 0, 0, 0, 0, 0
images/train/2212.jpg False, 0, 0, 0, 0, 0
images/train/2213.jpg False, 0, 0, 0, 0, 0
images/train/2214.jpg True, 28, 19, 255, 24, 5
images/train/2215.jpg False, 0, 0, 0, 0, 0
images/train/2216.jpg False, 0, 0, 0, 0, 0
images/train/2217.jpg True, 33, 29, 214, 21, 15
images/train/2218.jpg False, 0, 0, 0, 0, 0
images/train/2219.jpg True, 16, 31, 178, 13, 19
images/train/2220.jpg True, 18, 15, 162, 8, 5
images/train/2221.jpg True, 34, 24, 204, 3, 20
images/train/2222.jpg True, 31, 17, 265, 9, 24
images/train/2223.jpg True, 28, 33, 350, 16, 18
images/train/2224.jpg True, 20, 19, 250, 23, 5
images/train/2225.jpg True, 25, 26, 35, 4, 10
images/train/2226.jpg True, 16, 32, 344, 10, 3
images/train/2227.jpg True, 28, 26, 42, 9, 21
images/train/2228.jpg True, 32, 19, 278, 10, 21
images/train/2229.jpg True, 34, 23, 0, 17, 10
images/train/2230.jpg True, 29, 33, 285, 3, 24
images/train/2231.jpg False, 0, 0, 0, 0, 0
images/train/2232.jpg True, 30, 18, 90, 7, 20
images/train/2233.jpg True, 20, 17, 256, 24, 13
images/train/2234.jpg True, 29, 25, 39, 7, 17
images/train/2235.jpg True, 27, 25, 137, 21, 11
images/train/2236.jpg False, 0, 0, 0, 0, 0
images/train/2237.jpg True, 21, 34, 317, 8, 11
images/train/2238.jpg True, 17, 26, 243, 13, 24
images/train/2239.jpg True, 30, 24, 0, 22, 3
images/train/2240.jpg True, 23, 33, 162, 3, 5
images/train/2241.jpg True, 19, 23, 235, 18, 22
images/train/2242.jpg True, 32, 16, 229, 22, 11
images/train/2243.jpg True, 15, 33, 2, 21, 13
images/train/2244.jpg False, 0, 0, 0, 0, 0
images/train/2245.jpg False, 0, 0, 0, 0, 0
images/train/2246.jpg False, 0, 0, 0, 0, 0
images/train/2247.jpg True, 16, 23, 115, 5, 19
images/train/2248.jpg False, 0, 0, 0, 0, 0
images/train/2249.jpg True, 30, 17, 77, 13, 9
images/train/2250.jpg True, 31, 28, 241, 15, 21
images/train/2251.jpg False, 0, 0, 0, 0, 0
images/train/2252.jpg True, 15, 29, 158, 10, 21
images/train/2253.jpg False, 0, 0, 0, 0, 0
images/train/2254.jpg True, 24, 17, 116, 10, 4
images/train/2255.jpg False, 0, 0, 0, 0, 0
images/train/2256.jpg False, 0, 0, 0, 0, 0
images/train/2257.jpg True, 26, 30, 139, 13, 12
images/train/2258.jpg True, 31, 18, 257, 6, 19
images/train/2259.jpg True, 25, 28, 355, 10, 22
images/train/2260.jpg False, 0, 0, 0, 0, 0
images/train/2261.jpg False, 0, 0, 0, 0, 0
images/train/2262.jpg True, 33, 33, 36, 18, 19
images/train/2263.jpg False, 0, 0, 0, 0, 0
images/train/2264.jpg False, 0, 0, 0, 0, 0
images/train/2265.jpg True, 24, 28, 44, 23, 14
images/train/2266.jpg True, 19, 24, 49, 12, 8
images/train/2267.jpg True, 29, 17, 334, 5, 19
images/train/2268.jpg True, 29, 30, 122, 9, 21
images/train/2269.jpg True, 29, 33, 39, 18, 15
images/train/2270.jpg True, 20, 19, 78, 17, 18
images/train/2271.jpg True, 24, 24, 196, 3, 16
images/train/2272.jpg False, 0, 0, 0, 0, 0
images/train/2273.jpg True, 20, 29, 201, 10, 3
images/train/2274.jpg True, 20, 33, 271, 13, 5
images/train/2275.jpg True, 23, 18, 139, 17, 13
images/train/2276.jpg False, 0, 0, 0, 0, 0
images/train/2277.jpg True, 28, 25, 265, 7, 13
images/train/2278.jpg False, 0, 0, 0, 0, 0
images/train/2279.jpg True, 22, 21, 119, 12, 13
images/train/2280.jpg True, 31, 34, 228, 19, 6
images/train/2281.jpg True, 26, 27, 165, 3, 6
images/train/2282.jpg True, 30, 24, 175, 19, 3
images/train/2283.jpg True, 15, 22, 145, 17, 11
images/train/2284.jpg True, 32, 15, 8, 5, 18
images/train/2285.jpg False, 0, 0, 0, 0, 0
images/train/2286.jpg False, 0, 0, 0, 0, 0
images/train/2287.jpg True, 21, 29, 252, 7, 9
images/train/2288.jpg False, 0, 0, 0, 0, 0
images/train/2289.jpg False, 0, 0, 0, 0, 0
images/train/2290.jpg True, 22, 34, 19, 10, 13
images/train/2291.jpg True, 30, 18, 330, 8, 21
images/train/2292.jpg True, 19, 19, 62, 13, 20
images/train/2293.jpg False, 0, 0, 0, 0, 0
images/train/2294.jpg True, 19, 34, 91, 5, 19
images/train/2295.jpg True, 32, 20, 300, 5, 9
images/train/2296.jpg True, 16, 34, 359, 13, 13
images/train/2297.jpg True, 34, 32, 232, 13, 13
images/train/2298.jpg True, 25, 22, 0, 10, 19
images/train/2299.jpg False, 0, 0, 0, 0, 0
images/train/2300.jpg True, 31, 30, 309, 16, 23
images/train/2301.jpg True, 15, 22, 219, 5, 6
images/train/2302.jpg True, 28, 22, 182, 9, 4
images/train/2303.jpg True, 25, 24, 146, 20, 6
images/train/2304.jpg False, 0, 0, 0, 0, 0
images/train/2305.jpg False, 0, 0, 0, 0, 0
images/train/2306.jpg False, 0, 0, 0, 0, 0
images/train/2307.jpg True, 32, 33, 321, 18, 22
images/train/2308.jpg False, 0, 0, 0, 0, 0
images/train/2309.jpg True, 27, 22, 70, 24, 14
images/train/2310.jpg True, 15, 34, 139, 24, 11
images/train/2311.jpg True, 23, 18, 154, 12, 19
images/train/2312.jpg True, 16, 32, 74, 11, 18
images/train/2313.jpg False, 0, 0, 0, 0, 0
images/train/2314.jpg True, 33, 28, 316, 15, 5
images/train/2315.jpg True, 23, 27, 106, 6, 16
images/train/2316.jpg True, 27, 31, 272, 24, 15
images/train/2317.jpg True, 18, 19, 268, 14, 14
images/train/2318.jpg False, 0, 0, 0, 0, 0
images/train/2319.jpg True, 27, 18, 349, 24, 7
images/train/2320.jpg True, 20, 17, 0, 16, 5
images/train/2321.jpg True, 15, 20, 1, 4, 17
images/train/2322.jpg True, 24, 25, 98, 12, 13
images/train/2323.jpg True, 26, 33, 356, 15, 23
images/train/2324.jpg False, 0, 0, 0, 0, 0
images/train/2325.jpg False, 0, 0, 0, 0, 0
images/train/2326.jpg True, 33, 34, 352, 16, 9
images/train/2327.jpg False, 0, 0, 0, 0, 0
images/train/2328.jpg True, 16, 18, 224, 18, 15
images/train/2329.jpg True, 28, 23, 136, 12, 19
images/train/2330.jpg True, 27, 16, 86, 17, 7
images/train/2331.jpg False, 0, 0, 0, 0, 0
images/train/2332.jpg False, 0, 0, 0, 0, 0
images/train/2333.jpg True, 29, 22, 29, 21, 10
images/train/2334.jpg True, 27, 24, 231, 14, 11
images/train/2335.jpg False, 0, 0, 0, 0, 0
images/train/2336.jpg False, 0, 0, 0, 0, 0
images/train/2337.jpg True, 22, 16, 143, 5, 7
images/train/2338.jpg True, 19, 32, 327, 4, 23
images/train/2339.jpg True, 18, 31, 1, 18, 12
images/train/2340.jpg True, 27, 18, 184, 18, 16
images/train/2341.jpg True, 18, 19, 243, 24, 19
images/train/2342.jpg True, 22, 30, 311, 24, 22
images/train/2343.jpg True, 21, 30, 300, 13, 19
images/train/2344.jpg True, 19, 32, 24, 17, 13
images/train/2345.jpg True, 18, 15, 291, 9, 24
images/train/2346.jpg True, 28, 22, 60, 24, 19
images/train/2347.jpg True, 15, 24, 19, 14, 24
images/train/2348.jpg True, 27, 26, 316, 22, 11
images/train/2349.jpg False, 0, 0, 0, 0, 0
images/train/2350.jpg False, 0, 0, 0, 0, 0
images/train/2351.jpg False, 0, 0, 0, 0, 0
images/train/2352.jpg True, 25, 15, 179, 12, 11
images/train/2353.jpg True, 32, 18, 22, 14, 13
images/train/2354.jpg True, 31, 29, 119, 7, 6
images/train/2355.jpg False, 0, 0, 0, 0, 0
images/train/2356.jpg True, 34, 29, 182, 11, 3
images/train/2357.jpg True, 17, 22, 306, 4, 20
images/train/2358.jpg True, 19, 22, 50, 22, 23
images/train/2359.jpg True, 28, 24, 159, 4, 5
images/train/2360.jpg True, 34, 20, 245, 23, 11
images/train/2361.jpg False, 0, 0, 0, 0, 0
images/train/2362.jpg True, 18, 30, 170, 9, 22
images/train/2363.jpg True, 18, 18, 203, 21, 10
images/train/2364.jpg True, 24, 31, 169, 11, 8
images/train/2365.jpg True, 19, 25, 49, 20, 6
images/train/2366.jpg True, 21, 29, 339, 18, 23
images/train/2367.jpg False, 0, 0, 0, 0, 0
images/train/2368.jpg True, 30, 27, 117, 4, 17
images/train/2369.jpg True, 27, 33, 64, 10, 13
images/train/2370.jpg True, 27, 19, 357, 11, 21
images/train/2371.jpg False, 0, 0, 0, 0, 0
images/train/2372.jpg True, 19, 33, 70, 13, 3
images/train/2373.jpg True, 33, 16, 327, 18, 17
images/train/2374.jpg False, 0, 0, 0, 0, 0
images/train/2375.jpg True, 16, 21, 186, 21, 17
images/train/2376.jpg False, 0, 0, 0, 0, 0
images/train/2377.jpg False, 0, 0, 0, 0, 0
images/train/2378.jpg True, 31, 24, 59, 12, 6
images/train/2379.jpg True, 31, 30, 287, 17, 11
images/train/2380.jpg False, 0, 0, 0, 0, 0
images/train/2381.jpg False, 0, 0, 0, 0, 0
images/train/2382.jpg True, 33, 29, 199, 8, 17
images/train/2383.jpg True, 20, 33, 73, 13, 19
images/train/2384.jpg False, 0, 0, 0, 0, 0
images/train/2385.jpg True, 21, 21, 259, 4, 5
images/train/2386.jpg False, 0, 0, 0, 0, 0
images/train/2387.jpg True, 34, 23, 171, 15, 8
images/train/2388.jpg True, 34, 18, 259, 6, 20
images/train/2389.jpg True, 21, 25, 112, 17, 22
images/train/2390.jpg False, 0, 0, 0, 0, 0
images/train/2391.jpg True, 24, 16, 105, 24, 5
images/train/2392.jpg True, 20, 33, 15, 16, 4
images/train/2393.jpg False, 0, 0, 0, 0, 0
images/train/2394.jpg True, 15, 19, 43, 13, 14
images/train/2395.jpg True, 27, 27, 125, 19, 22
images/train/2396.jpg True, 30, 28, 28, 12, 6
images/train/2397.jpg False, 0, 0, 0, 0, 0
images/train/2398.jpg True, 28, 17, 211, 19, 18
images/train/2399.jpg False, 0, 0, 0, 0, 0
images/train/2400.jpg True, 28, 22, 306, 22, 6
images/train/2401.jpg True, 20, 17, 293, 20, 23
images/train/2402.jpg False, 0, 0, 0, 0, 0
images/train/2403.jpg True, 33, 26, 314, 23, 19
images/train/2404.jpg True, 18, 18, 157, 20, 4
images/train/2405.jpg False, 0, 0, 0, 0, 0
images/train/2406.jpg True, 15, 17, 187, 18, 23
images/train/2407.jpg False, 0, 0, 0, 0, 0
images/train/2408.jpg True, 29, 26, 223, 4, 8
images/train/2409.jpg True, 29, 24, 135, 20, 10
images/train/2410.jpg False, 0, 0, 0, 0, 0
images/train/2411.jpg True, 24, 31, 161, 16, 18
images/train/2412.jpg False, 0, 0, 0, 0, 0
images/train/2413.jpg True, 15, 31, 275, 14, 19
images/train/2414.jpg True, 18, 32, 319, 20, 16
images/train/2415.jpg True, 20, 20, 94, 7, 22
images/train/2416.jpg True, 15, 16, 204, 13, 3
images/train/2417.jpg True, 18, 18, 355, 23, 4
images/train/2418.jpg False, 0, 0, 0, 0, 0
images/train/2419.jpg True, 17, 16, 217, 12, 19
images/train/2420.jpg False, 0, 0, 0, 0, 0
images/train/2421.jpg False, 0, 0, 0, 0, 0
images/train/2422.jpg True, 33, 33, 302, 17, 18
images/train/2423.jpg False, 0, 0, 0, 0, 0
images/train/2424.jpg True, 27, 33, 238, 3, 9
images/train/2425.jpg False, 0, 0, 0, 0, 0
images/train/2426.jpg True, 28, 16, 145, 23, 17
images/train/2427.jpg False, 0, 0, 0, 0, 0
images/train/2428.jpg True, 19, 31, 179, 21, 5
images/train/2429.jpg False, 0, 0, 0, 0, 0
images/train/2430.jpg True, 18, 34, 72, 8, 4
images/train/2431.jpg True, 34, 21, 11, 15, 23
images/train/2432.jpg True, 18, 33, 336, 18, 10
images/train/2433.jpg True, 27, 34, 60, 17, 22
images/train/2434.jpg False, 0, 0, 0, 0, 0
images/train/2435.jpg True, 21, 30, 152, 7, 7
images/train/2436.jpg True, 32, 24, 340, 13, 5
images/train/2437.jpg True, 29, 21, 126, 5, 22
images/train/2438.jpg True, 16, 26, 304, 5, 22
images/train/2439.jpg True, 17, 31, 228, 12, 15
images/train/2440.jpg False, 0, 0, 0, 0, 0
images/train/2441.jpg True, 28, 28, 36, 6, 14
images/train/2442.jpg True, 27, 24, 200, 17, 7
images/train/2443.jpg True, 23, 25, 21, 18, 20
images/train/2444.jpg True, 23, 32, 238, 4, 10
images/train/2445.jpg True, 27, 28, 273, 20, 5
images/train/2446.jpg True, 29, 29, 86, 12, 20
images/train/2447.jpg False, 0, 0, 0, 0, 0
images/train/2448.jpg True, 22, 33, 310, 8, 12
images/train/2449.jpg False, 0, 0, 0, 0, 0
images/train/2450.jpg True, 20, 28, 197, 19, 5
images/train/2451.jpg False, 0, 0, 0, 0, 0
images/train/2452.jpg True, 23, 17, 285, 21, 10
images/train/2453.jpg False, 0, 0, 0, 0, 0
images/train/2454.jpg True, 33, 31, 254, 21, 12
images/train/2455.jpg True, 19, 28, 90, 11, 9
images/train/2456.jpg True, 16, 25, 265, 9, 10
images/train/2457.jpg False, 0, 0, 0, 0, 0
images/train/2458.jpg True, 31, 32, 136, 9, 18
images/train/2459.jpg False, 0, 0, 0, 0, 0
images/train/2460.jpg False, 0, 0, 0, 0, 0
images/train/2461.jpg True, 33, 17, 300, 21, 10
images/train/2462.jpg True, 34, 25, 105, 12, 14
images/train/2463.jpg True, 32, 24, 322, 23, 7
images/train/2464.jpg True, 19, 26, 105, 8, 13
images/train/2465.jpg False, 0, 0, 0, 0, 0
images/train/2466.jpg True, 23, 22, 354, 16, 13
images/train/2467.jpg True, 25, 22, 24, 9, 16
images/train/2468.jpg True, 27, 30, 282, 15, 5
images/train/2469.jpg False, 0, 0, 0, 0, 0
images/train/2470.jpg True, 32, 31, 202, 24, 9
images/train/2471.jpg True, 30, 25, 258, 19, 5
images/train/2472.jpg False, 0, 0, 0, 0, 0
images/train/2473.jpg True, 28, 30, 163, 12, 3
images/train/2474.jpg False, 0, 0, 0, 0, 0
images/train/2475.jpg True, 22, 33, 206, 19, 7
images/train/2476.jpg True, 15, 20, 78, 22, 23
images/train/2477.jpg True, 30, 27, 216, 23, 14
images/train/2478.jpg True, 33, 24, 32, 17, 12
images/train/2479.jpg True, 22, 34, 121, 8, 22
images/train/2480.jpg True, 27, 33, 224, 14, 21
images/train/2481.jpg True, 23, 32, 6, 19, 18
images/train/2482.jpg True, 34, 23, 151, 21, 6
images/train/2483.jpg True, 21, 29, 240, 10, 21
images/train/2484.jpg True, 16, 28, 225, 22, 13
images/train/2485.jpg True, 34, 24, 279, 15, 18
images/train/2486.jpg False, 0, 0, 0, 0, 0
images/train/2487.jpg True, 20, 28, 40, 19, 24
images/train/2488.jpg True, 27, 19, 34, 10, 12
images/train/2489.jpg True, 32, 29, 195, 20, 14
images/train/2490.jpg True, 28, 32, 116, 24, 23
images/train/2491.jpg True, 16, 18, 106, 12, 8
images/train/2492.jpg False, 0, 0, 0, 0, 0
images/train/2493.jpg True, 19, 23, 315, 4, 8
images/train/2494.jpg True, 32, 27, 289, 4, 19
images/train/2495.jpg True, 28, 28, 355, 5, 10
images/train/2496.jpg True, 16, 17, 184, 4, 19
images/train/2497.jpg False, 0, 0, 0, 0, 0
images/train/2498.jpg True, 28, 15, 173, 21, 21
images/train/2499.jpg True, 28, 28, 163, 3, 19
images/train/2500.jpg True, 33, 33, 297, 8, 20
images/train/2501.jpg True, 24, 22, 31, 4, 18
images/train/2502.jpg True, 21, 15, 76, 12, 4
images/train/2503.jpg True, 22, 16, 128, 11, 18
images/train/2504.jpg True, 16, 21, 81, 20, 3
images/train/2505.jpg True, 27, 15, 15, 16, 9
images/train/2506.jpg False, 0, 0, 0, 0, 0
images/train/2507.jpg True, 26, 25, 324, 24, 18
images/train/2508.jpg False, 0, 0, 0, 0, 0
images/train/2509.jpg True, 27, 28, 163, 11, 23
images/train/2510.jpg True, 31, 24, 307, 19, 8
images/train/2511.jpg False, 0, 0, 0, 0, 0
images/train/2512.jpg True, 15, 34, 349, 20, 3
images/train/2513.jpg True, 18, 21, 327, 14, 19
images/train/2514.jpg True, 15, 33, 138, 11, 22
images/train/2515.jpg True, 25, 18, 195, 19, 22
images/train/2516.jpg False, 0, 0, 0, 0, 0
images/train/2517.jpg False, 0, 0, 0, 0, 0
images/train/2518.jpg True, 21, 27, 291, 18, 12
images/train/2519.jpg True, 29, 18, 12, 21, 22
images/train/2520.jpg True, 18, 21, 94, 22, 22
images/train/2521.jpg True, 32, 17, 187, 17, 5
images/train/2522.jpg True, 31, 19, 5, 20, 17
images/train/2523.jpg True, 21, 27, 293, 15, 5
images/train/2524.jpg False, 0, 0, 0, 0, 0
images/train/2525.jpg True, 26, 16, 270, 18, 5
images/train/2526.jpg True, 34, 17, 1, 23, 20
images/train/2527.jpg False, 0, 0, 0, 0, 0
images/train/2528.jpg False, 0, 0, 0, 0, 0
images/train/2529.jpg False, 0, 0, 0, 0, 0
images/train/2530.jpg False, 0, 0, 0, 0, 0
images/train/2531.jpg False, 0, 0, 0, 0, 0
images/train/2532.jpg True, 31, 21, 132, 4, 4
images/train/2533.jpg True, 30, 17, 127, 20, 18
images/train/2534.jpg True, 15, 16, 211, 7, 22
images/train/2535.jpg True, 29, 20, 15, 18, 7
images/train/2536.jpg False, 0, 0, 0, 0, 0
images/train/2537.jpg False, 0, 0, 0, 0, 0
images/train/2538.jpg True, 30, 15, 10, 18, 16
images/train/2539.jpg False, 0, 0, 0, 0, 0
images/train/2540.jpg False, 0, 0, 0, 0, 0
images/train/2541.jpg True, 27, 21, 103, 4, 20
images/train/2542.jpg True, 26, 26, 98, 20, 13
images/train/2543.jpg True, 30, 23, 74, 10, 14
images/train/2544.jpg False, 0, 0, 0, 0, 0
images/train/2545.jpg False, 0, 0, 0, 0, 0
images/train/2546.jpg False, 0, 0, 0, 0, 0
images/train/2547.jpg True, 29, 25, 61, 24, 21
images/train/2548.jpg True, 20, 28, 180, 8, 12
images/train/2549.jpg True, 19, 22, 176, 10, 9
images/train/2550.jpg True, 22, 33, 250, 17, 23
images/train/2551.jpg True, 34, 20, 254, 24, 8
images/train/2552.jpg True, 18, 21, 54, 21, 18
images/train/2553.jpg True, 20, 20, 346, 13, 14
images/train/2554.jpg False, 0, 0, 0, 0, 0
images/train/2555.jpg True, 28, 18, 299, 12, 5
images/train/2556.jpg True, 16, 20, 202, 19, 12
images/train/2557.jpg True, 23, 21, 189, 8, 7
images/train/2558.jpg True, 33, 16, 151, 9, 22
images/train/2559.jpg False, 0, 0, 0, 0, 0
images/train/2560.jpg False, 0, 0, 0, 0, 0
images/train/2561.jpg True, 18, 16, 12, 9, 15
images/train/2562.jpg False, 0, 0, 0, 0, 0
images/train/2563.jpg False, 0, 0, 0, 0, 0
images/train/2564.jpg False, 0, 0, 0, 0, 0
images/train/2565.jpg True, 30, 34, 227, 22, 19
images/train/2566.jpg False, 0, 0, 0, 0, 0
images/train/2567.jpg False, 0, 0, 0, 0, 0
images/train/2568.jpg True, 27, 17, 106, 3, 21
images/train/2569.jpg False, 0, 0, 0, 0, 0
images/train/2570.jpg False, 0, 0, 0, 0, 0
images/train/2571.jpg True, 23, 23, 98, 24, 9
images/train/2572.jpg True, 20, 34, 113, 12, 24
images/train/2573.jpg True, 22, 20, 46, 12, 18
images/train/2574.jpg False, 0, 0, 0, 0, 0
images/train/2575.jpg False, 0, 0, 0, 0, 0
images/train/2576.jpg True, 20, 24, 220, 3, 24
images/train/2577.jpg True, 20, 23, 259, 21, 10
images/train/2578.jpg True, 33, 17, 195, 3, 14
images/train/2579.jpg True, 19, 15, 11, 14, 9
images/train/2580.jpg True, 17, 19, 171, 6, 5
images/train/2581.jpg True, 30, 23, 206, 22, 13
images/train/2582.jpg False, 0, 0, 0, 0, 0
images/train/2583.jpg True, 31, 26, 59, 4, 11
images/train/2584.jpg False, 0, 0, 0, 0, 0
images/train/2585.jpg True, 26, 27, 173, 5, 10
images/train/2586.jpg True, 28, 22, 234, 12, 8
images/train/2587.jpg False, 0, 0, 0, 0, 0
images/train/2588.jpg True, 31, 20, 30, 12, 14
images/train/2589.jpg False, 0, 0, 0, 0, 0
images/train/2590.jpg True, 33, 22, 7, 17, 9
images/train/2591.jpg True, 31, 34, 17, 10, 20
images/train/2592.jpg True, 30, 32, 119, 13, 17
images/train/2593.jpg False, 0, 0, 0, 0, 0
images/train/2594.jpg False, 0, 0, 0, 0, 0
images/train/2595.jpg True, 20, 17, 276, 15, 17
images/train/2596.jpg False, 0, 0, 0, 0, 0
images/train/2597.jpg False, 0, 0, 0, 0, 0
images/train/2598.jpg True, 28, 28, 142, 24, 24
images/train/2599.jpg False, 0, 0, 0, 0, 0
images/train/2600.jpg True, 24, 33, 332, 12, 15
images/train/2601.jpg True, 21, 31, 314, 6, 11
images/train/2602.jpg False, 0, 0, 0, 0, 0
images/train/2603.jpg True, 20, 25, 166, 14, 7
images/train/2604.jpg False, 0, 0, 0, 0, 0
images/train/2605.jpg True, 31, 22, 163, 24, 4
images/train/2606.jpg True, 22, 24, 320, 23, 9
images/train/2607.jpg True, 30, 34, 356, 20, 15
images/train/2608.jpg False, 0, 0, 0, 0, 0
images/train/2609.jpg True, 22, 15, 67, 9, 13
images/train/2610.jpg True, 20, 31, 260, 8, 20
images/train/2611.jpg True, 17, 26, 239, 5, 8
images/train/2612.jpg True, 33, 22, 54, 8, 19
images/train/2613.jpg True, 29, 27, 179, 3, 3
images/train/2614.jpg False, 0, 0, 0, 0, 0
images/train/2615.jpg False, 0, 0, 0, 0, 0
images/train/2616.jpg True, 24, 24, 301, 3, 5
images/train/2617.jpg True, 31, 28, 310, 14, 13
images/train/2618.jpg False, 0, 0, 0, 0, 0
images/train/2619.jpg True, 27, 25, 6, 22, 18
images/train/2620.jpg True, 25, 22, 209, 16, 20
images/train/2621.jpg True, 28, 31, 146, 18, 24
images/train/2622.jpg True, 29, 22, 143, 16, 14
images/train/2623.jpg False, 0, 0, 0, 0, 0
images/train/2624.jpg True, 28, 28, 34, 11, 15
images/train/2625.jpg False, 0, 0, 0, 0, 0
images/train/2626.jpg True, 25, 22, 135, 6, 16
images/train/2627.jpg True, 21, 33, 245, 16, 17
images/train/2628.jpg True, 25, 17, 190, 12, 14
images/train/2629.jpg False, 0, 0, 0, 0, 0
images/train/2630.jpg True, 30, 22, 43, 3, 18
images/train/2631.jpg False, 0, 0, 0, 0, 0
images/train/2632.jpg True, 17, 34, 66, 22, 16
images/train/2633.jpg True, 28, 16, 139, 4, 13
images/train/2634.jpg True, 25, 18, 282, 20, 19
images/train/2635.jpg True, 29, 24, 0, 10, 5
images/train/2636.jpg True, 15, 29, 356, 14, 9
images/train/2637.jpg True, 21, 27, 6, 13, 4
images/train/2638.jpg True, 25, 15, 133, 4, 11
images/train/2639.jpg False, 0, 0, 0, 0, 0
images/train/2640.jpg True, 27, 24, 16, 21, 22
images/train/2641.jpg True, 15, 32, 270, 11, 5
images/train/2642.jpg False, 0, 0, 0, 0, 0
images/train/2643.jpg True, 20, 19, 189, 23, 18
images/train/2644.jpg False, 0, 0, 0, 0, 0
images/train/2645.jpg False, 0, 0, 0, 0, 0
images/train/2646.jpg True, 24, 26, 183, 10, 5
images/train/2647.jpg True, 25, 34, 294, 19, 19
images/train/2648.jpg False, 0, 0, 0, 0, 0
images/train/2649.jpg True, 28, 25, 26, 10, 22
images/train/2650.jpg True, 25, 24, 114, 16, 3
images/train/2651.jpg True, 23, 16, 22, 21, 3
images/train/2652.jpg False, 0, 0, 0, 0, 0
images/train/2653.jpg False, 0, 0, 0, 0, 0
images/train/2654.jpg False, 0, 0, 0, 0, 0
images/train/2655.jpg False, 0, 0, 0, 0, 0
images/train/2656.jpg True, 23, 33, 1, 4, 16
images/train/2657.jpg True, 31, 28, 278, 11, 22
images/train/2658.jpg False, 0, 0, 0, 0, 0
images/train/2659.jpg True, 28, 21, 203, 13, 14
images/train/2660.jpg False, 0, 0, 0, 0, 0
images/train/2661.jpg True, 19, 19, 41, 18, 23
images/train/2662.jpg True, 33, 25, 38, 12, 8
images/train/2663.jpg True, 33, 27, 339, 22, 8
images/train/2664.jpg False, 0, 0, 0, 0, 0
images/train/2665.jpg True, 26, 20, 133, 21, 10
images/train/2666.jpg False, 0, 0, 0, 0, 0
images/train/2667.jpg False, 0, 0, 0, 0, 0
images/train/2668.jpg True, 19, 33, 198, 18, 6
images/train/2669.jpg False, 0, 0, 0, 0, 0
images/train/2670.jpg True, 23, 28, 48, 18, 21
images/train/2671.jpg True, 33, 31, 42, 24, 17
images/train/2672.jpg True, 21, 20, 118, 9, 4
images/train/2673.jpg False, 0, 0, 0, 0, 0
images/train/2674.jpg True, 30, 28, 229, 18, 16
images/train/2675.jpg True, 20, 22, 114, 21, 14
images/train/2676.jpg True, 26, 22, 49, 5, 7
images/train/2677.jpg False, 0, 0, 0, 0, 0
images/train/2678.jpg True, 32, 15, 57, 3, 8
images/train/2679.jpg True, 17, 20, 305, 18, 11
images/train/2680.jpg True, 20, 31, 114, 14, 17
images/train/2681.jpg True, 15, 33, 255, 12, 8
images/train/2682.jpg True, 21, 21, 144, 6, 22
images/train/2683.jpg True, 26, 29, 54, 7, 5
images/train/2684.jpg True, 21, 21, 243, 4, 17
images/train/2685.jpg True, 16, 23, 186, 17, 6
images/train/2686.jpg True, 34, 26, 314, 11, 11
images/train/2687.jpg True, 26, 17, 278, 19, 13
images/train/2688.jpg False, 0, 0, 0, 0, 0
images/train/2689.jpg False, 0, 0, 0, 0, 0
images/train/2690.jpg True, 22, 27, 77, 5, 20
images/train/2691.jpg True, 31, 30, 72, 23, 12
images/train/2692.jpg True, 22, 34, 51, 6, 16
images/train/2693.jpg False, 0, 0, 0, 0, 0
images/train/2694.jpg True, 20, 16, 346, 9, 10
images/train/2695.jpg True, 26, 29, 101, 20, 18
images/train/2696.jpg True, 30, 26, 26, 9, 7
images/train/2697.jpg True, 27, 19, 265, 5, 8
images/train/2698.jpg True, 31, 26, 47, 13, 12
images/train/2699.jpg True, 18, 33, 160, 15, 11
images/train/2700.jpg True, 21, 25, 208, 21, 11
images/train/2701.jpg True, 34, 28, 207, 5, 5
images/train/2702.jpg True, 28, 23, 348, 23, 11
images/train/2703.jpg True, 28, 21, 163, 8, 9
images/train/2704.jpg True, 16, 32, 190, 18, 12
images/train/2705.jpg True, 28, 18, 128, 12, 13
images/train/2706.jpg False, 0, 0, 0, 0, 0
images/train/2707.jpg True, 23, 23, 21, 22, 8
images/train/2708.jpg True, 17, 26, 117, 10, 11
images/train/2709.jpg False, 0, 0, 0, 0, 0
images/train/2710.jpg False, 0, 0, 0, 0, 0
images/train/2711.jpg True, 34, 15, 9, 12, 17
images/train/2712.jpg True, 27, 34, 228, 6, 3
images/train/2713.jpg True, 16, 32, 288, 20, 9
images/train/2714.jpg True, 24, 21, 37, 8, 12
images/train/2715.jpg False, 0, 0, 0, 0, 0
images/train/2716.jpg True, 24, 26, 194, 19, 3
images/train/2717.jpg True, 27, 17, 0, 12, 4
images/train/2718.jpg True, 28, 27, 115, 5, 17
images/train/2719.jpg True, 23, 32, 51, 11, 7
images/train/2720.jpg True, 21, 26, 298, 21, 5
images/train/2721.jpg True, 26, 15, 4, 20, 15
images/train/2722.jpg False, 0, 0, 0, 0, 0
images/train/2723.jpg True, 19, 34, 34, 8, 14
images/train/2724.jpg False, 0, 0, 0, 0, 0
images/train/2725.jpg True, 30, 29, 221, 5, 11
images/train/2726.jpg True, 20, 19, 150, 15, 9
images/train/2727.jpg True, 21, 31, 229, 17, 4
images/train/2728.jpg False, 0, 0, 0, 0, 0
images/train/2729.jpg False, 0, 0, 0, 0, 0
images/train/2730.jpg True, 33, 33, 355, 5, 22
images/train/2731.jpg True, 20, 22, 206, 15, 11
images/train/2732.jpg True, 17, 26, 257, 6, 15
images/train/2733.jpg True, 26, 33, 4, 3, 20
images/train/2734.jpg True, 17, 26, 318, 10, 7
images/train/2735.jpg True, 33, 27, 68, 8, 11
images/train/2736.jpg False, 0, 0, 0, 0, 0
images/train/2737.jpg False, 0, 0, 0, 0, 0
images/train/2738.jpg True, 20, 31, 68, 20, 21
images/train/2739.jpg True, 27, 16, 211, 15, 6
images/train/2740.jpg False, 0, 0, 0, 0, 0
images/train/2741.jpg True, 25, 19, 201, 21, 20
images/train/2742.jpg True, 27, 23, 252, 21, 21
images/train/2743.jpg False, 0, 0, 0, 0, 0
images/train/2744.jpg False, 0, 0, 0, 0, 0
images/train/2745.jpg False, 0, 0, 0, 0, 0
images/train/2746.jpg True, 23, 23, 178, 8, 12
images/train/2747.jpg True, 29, 28, 152, 5, 9
images/train/2748.jpg True, 30, 20, 46, 19, 3
images/train/2749.jpg True, 19, 17, 262, 14, 5
images/train/2750.jpg False, 0, 0, 0, 0, 0
images/train/2751.jpg True, 24, 16, 34, 5, 7
images/train/2752.jpg False, 0, 0, 0, 0, 0
images/train/2753.jpg True, 18, 18, 219, 5, 17
images/train/2754.jpg True, 23, 20, 281, 7, 14
images/train/2755.jpg True, 25, 21, 42, 16, 12
images/train/2756.jpg False, 0, 0, 0, 0, 0
images/train/2757.jpg True, 30, 23, 54, 17, 18
images/train/2758.jpg False, 0, 0, 0, 0, 0
images/train/2759.jpg True, 30, 30, 50, 10, 12
images/train/2760.jpg True, 20, 15, 171, 18, 20
images/train/2761.jpg True, 28, 23, 202, 16, 22
images/train/2762.jpg True, 31, 21, 329, 23, 5
images/train/2763.jpg False, 0, 0, 0, 0, 0
images/train/2764.jpg True, 24, 19, 351, 4, 4
images/train/2765.jpg True, 29, 22, 236, 5, 3
images/train/2766.jpg True, 28, 34, 284, 20, 3
images/train/2767.jpg False, 0, 0, 0, 0, 0
images/train/2768.jpg True, 28, 18, 63, 18, 12
images/train/2769.jpg False, 0, 0, 0, 0, 0
images/train/2770.jpg True, 33, 16, 26, 18, 4
images/train/2771.jpg True, 19, 27, 313, 14, 16
images/train/2772.jpg True, 15, 30, 281, 20, 24
images/train/2773.jpg True, 20, 23, 211, 3, 20
images/train/2774.jpg False, 0, 0, 0, 0, 0
images/train/2775.jpg True, 16, 22, 128, 21, 14
images/train/2776.jpg True, 24, 23, 321, 4, 15
images/train/2777.jpg True, 34, 32, 221, 15, 8
images/train/2778.jpg True, 20, 29, 351, 4, 3
images/train/2779.jpg True, 32, 20, 212, 23, 7
images/train/2780.jpg False, 0, 0, 0, 0, 0
images/train/2781.jpg True, 21, 27, 1, 5, 22
images/train/2782.jpg True, 17, 30, 189, 17, 13
images/train/2783.jpg True, 23, 19, 283, 12, 10
images/train/2784.jpg True, 25, 23, 329, 13, 9
images/train/2785.jpg True, 32, 19, 53, 6, 15
images/train/2786.jpg True, 32, 30, 299, 16, 23
images/train/2787.jpg True, 24, 25, 10, 12, 4
images/train/2788.jpg True, 20, 15, 163, 22, 15
images/train/2789.jpg True, 34, 27, 168, 14, 24
images/train/2790.jpg True, 28, 24, 305, 6, 8
images/train/2791.jpg True, 28, 22, 216, 16, 5
images/train/2792.jpg True, 17, 27, 333, 11, 8
images/train/2793.jpg True, 18, 28, 285, 8, 5
images/train/2794.jpg False, 0, 0, 0, 0, 0
images/train/2795.jpg False, 0, 0, 0, 0, 0
images/train/2796.jpg True, 19, 22, 36, 10, 8
images/train/2797.jpg True, 26, 33, 20, 18, 10
images/train/2798.jpg True, 16, 26, 103, 18, 22
images/train/2799.jpg True, 18, 34, 304, 19, 21
images/train/2800.jpg True, 27, 25, 247, 4, 11
images/train/2801.jpg True, 29, 15, 116, 3, 3
images/train/2802.jpg True, 25, 15, 84, 22, 13
images/train/2803.jpg False, 0, 0, 0, 0, 0
images/train/2804.jpg True, 15, 24, 14, 22, 14
images/train/2805.jpg False, 0, 0, 0, 0, 0
images/train/2806.jpg True, 30, 15, 165, 13, 18
images/train/2807.jpg True, 25, 15, 270, 20, 10
images/train/2808.jpg True, 29, 18, 277, 11, 14
images/train/2809.jpg True, 21, 31, 330, 10, 22
images/train/2810.jpg False, 0, 0, 0, 0, 0
images/train/2811.jpg False, 0, 0, 0, 0, 0
images/train/2812.jpg False, 0, 0, 0, 0, 0
images/train/2813.jpg True, 32, 22, 303, 6, 11
images/train/2814.jpg False, 0, 0, 0, 0, 0
images/train/2815.jpg True, 29, 23, 32, 3, 18
images/train/2816.jpg False, 0, 0, 0, 0, 0
images/train/2817.jpg True, 28, 21, 79, 20, 12
images/train/2818.jpg False, 0, 0, 0, 0, 0
images/train/2819.jpg True, 17, 34, 341, 4, 19
images/train/2820.jpg True, 30, 29, 93, 22, 17
images/train/2821.jpg True, 24, 22, 307, 13, 18
images/train/2822.jpg False, 0, 0, 0, 0, 0
images/train/2823.jpg True, 24, 29, 173, 18, 18
images/train/2824.jpg False, 0, 0, 0, 0, 0
images/train/2825.jpg True, 26, 20, 317, 13, 8
images/train/2826.jpg True, 15, 17, 43, 7, 8
images/train/2827.jpg True, 21, 16, 48, 3, 8
images/train/2828.jpg True, 26, 24, 112, 4, 13
images/train/2829.jpg False, 0, 0, 0, 0, 0
images/train/2830.jpg True, 30, 27, 40, 12, 10
images/train/2831.jpg False, 0, 0, 0, 0, 0
images/train/2832.jpg True, 22, 28, 193, 15, 4
images/train/2833.jpg False, 0, 0, 0, 0, 0
images/train/2834.jpg True, 33, 34, 64, 17, 6
images/train/2835.jpg True, 28, 31, 13, 3, 4
images/train/2836.jpg True, 27, 17, 202, 5, 22
images/train/2837.jpg True, 15, 21, 249, 22, 7
images/train/2838.jpg False, 0, 0, 0, 0, 0
images/train/2839.jpg False, 0, 0, 0, 0, 0
images/train/2840.jpg True, 32, 23, 20, 16, 5
images/train/2841.jpg True, 28, 24, 269, 14, 9
images/train/2842.jpg True, 31, 32, 313, 13, 21
images/train/2843.jpg True, 25, 22, 339, 15, 21
images/train/2844.jpg True, 30, 32, 94, 13, 3
images/train/2845.jpg True, 21, 23, 218, 5, 5
images/train/2846.jpg True, 22, 19, 115, 18, 13
images/train/2847.jpg True, 34, 34, 23, 7, 14
images/train/2848.jpg True, 34, 17, 304, 15, 13
images/train/2849.jpg False, 0, 0, 0, 0, 0
images/train/2850.jpg True, 22, 31, 290, 5, 20
images/train/2851.jpg True, 18, 22, 30, 24, 14
images/train/2852.jpg True, 33, 25, 244, 22, 7
images/train/2853.jpg True, 30, 27, 171, 15, 3
images/train/2854.jpg True, 27, 28, 20, 3, 18
images/train/2855.jpg True, 18, 27, 153, 23, 16
images/train/2856.jpg True, 16, 34, 100, 21, 6
images/train/2857.jpg True, 17, 24, 274, 16, 13
images/train/2858.jpg True, 24, 31, 179, 23, 8
images/train/2859.jpg True, 28, 29, 87, 8, 7
images/train/2860.jpg True, 16, 27, 101, 15, 20
images/train/2861.jpg False, 0, 0, 0, 0, 0
images/train/2862.jpg True, 32, 29, 152, 6, 4
images/train/2863.jpg True, 32, 19, 265, 22, 12
images/train/2864.jpg False, 0, 0, 0, 0, 0
images/train/2865.jpg False, 0, 0, 0, 0, 0
images/train/2866.jpg True, 24, 32, 84, 24, 18
images/train/2867.jpg True, 26, 33, 203, 7, 3
images/train/2868.jpg False, 0, 0, 0, 0, 0
images/train/2869.jpg True, 19, 32, 89, 19, 19
images/train/2870.jpg False, 0, 0, 0, 0, 0
images/train/2871.jpg False, 0, 0, 0, 0, 0
images/train/2872.jpg False, 0, 0, 0, 0, 0
images/train/2873.jpg True, 27, 21, 124, 8, 14
images/train/2874.jpg True, 21, 28, 141, 16, 6
images/train/2875.jpg True, 30, 26, 46, 13, 22
images/train/2876.jpg True, 15, 29, 227, 12, 13
images/train/2877.jpg False, 0, 0, 0, 0, 0
images/train/2878.jpg False, 0, 0, 0, 0, 0
images/train/2879.jpg True, 20, 34, 19, 7, 6
images/train/2880.jpg True, 28, 22, 149, 9, 20
images/train/2881.jpg True, 15, 31, 227, 23, 7
images/train/2882.jpg False, 0, 0, 0, 0, 0
images/train/2883.jpg True, 27, 28, 170, 8, 3
images/train/2884.jpg True, 28, 27, 132, 6, 21
images/train/2885.jpg False, 0, 0, 0, 0, 0
images/train/2886.jpg False, 0, 0, 0, 0, 0
images/train/2887.jpg True, 31, 15, 92, 19, 11
images/train/2888.jpg True, 16, 25, 345, 6, 10
images/train/2889.jpg False, 0, 0, 0, 0, 0
images/train/2890.jpg True, 28, 17, 75, 21, 6
images/train/2891.jpg False, 0, 0, 0, 0, 0
images/train/2892.jpg True, 30, 26, 184, 16, 20
images/train/2893.jpg True, 26, 19, 16, 3, 17
images/train/2894.jpg False, 0, 0, 0, 0, 0
images/train/2895.jpg True, 15, 33, 58, 14, 24
images/train/2896.jpg False, 0, 0, 0, 0, 0
images/train/2897.jpg True, 22, 23, 137, 3, 5
images/train/2898.jpg True, 32, 34, 14, 21, 17
images/train/2899.jpg True, 26, 25, 327, 21, 15
images/train/2900.jpg False, 0, 0, 0, 0, 0
images/train/2901.jpg True, 16, 19, 49, 17, 19
images/train/2902.jpg True, 32, 17, 334, 6, 15
images/train/2903.jpg False, 0, 0, 0, 0, 0
images/train/2904.jpg True, 32, 32, 38, 17, 7
images/train/2905.jpg True, 25, 24, 201, 20, 19
images/train/2906.jpg True, 34, 28, 268, 19, 17
images/train/2907.jpg False, 0, 0, 0, 0, 0
images/train/2908.jpg True, 19, 18, 14, 22, 19
images/train/2909.jpg False, 0, 0, 0, 0, 0
images/train/2910.jpg False, 0, 0, 0, 0, 0
images/train/2911.jpg True, 33, 24, 154, 16, 4
images/train/2912.jpg False, 0, 0, 0, 0, 0
images/train/2913.jpg True, 32, 20, 96, 23, 15
images/train/2914.jpg False, 0, 0, 0, 0, 0
images/train/2915.jpg True, 23, 15, 301, 5, 11
images/train/2916.jpg True, 20, 22, 241, 5, 13
images/train/2917.jpg False, 0, 0, 0, 0, 0
images/train/2918.jpg False, 0, 0, 0, 0, 0
images/train/2919.jpg True, 32, 25, 274, 6, 24
images/train/2920.jpg True, 28, 26, 39, 21, 11
images/train/2921.jpg False, 0, 0, 0, 0, 0
images/train/2922.jpg False, 0, 0, 0, 0, 0
images/train/2923.jpg True, 22, 24, 259, 14, 21
images/train/2924.jpg False, 0, 0, 0, 0, 0
images/train/2925.jpg False, 0, 0, 0, 0, 0
images/train/2926.jpg True, 19, 16, 107, 20, 6
images/train/2927.jpg True, 28, 32, 3, 20, 24
images/train/2928.jpg False, 0, 0, 0, 0, 0
images/train/2929.jpg False, 0, 0, 0, 0, 0
images/train/2930.jpg True, 15, 23, 206, 15, 13
images/train/2931.jpg True, 19, 30, 56, 15, 22
images/train/2932.jpg False, 0, 0, 0, 0, 0
images/train/2933.jpg False, 0, 0, 0, 0, 0
images/train/2934.jpg True, 30, 16, 102, 23, 16
images/train/2935.jpg False, 0, 0, 0, 0, 0
images/train/2936.jpg True, 29, 26, 56, 14, 9
images/train/2937.jpg False, 0, 0, 0, 0, 0
images/train/2938.jpg True, 17, 34, 318, 11, 22
images/train/2939.jpg True, 22, 34, 145, 14, 21
images/train/2940.jpg False, 0, 0, 0, 0, 0
images/train/2941.jpg True, 20, 15, 153, 15, 24
images/train/2942.jpg True, 24, 33, 4, 7, 6
images/train/2943.jpg True, 18, 27, 120, 14, 18
images/train/2944.jpg True, 31, 19, 1, 21, 17
images/train/2945.jpg True, 17, 34, 185, 6, 8
images/train/2946.jpg True, 21, 34, 110, 15, 11
images/train/2947.jpg True, 23, 16, 152, 10, 13
images/train/2948.jpg False, 0, 0, 0, 0, 0
images/train/2949.jpg False, 0, 0, 0, 0, 0
images/train/2950.jpg True, 17, 19, 31, 17, 3
images/train/2951.jpg True, 33, 30, 106, 11, 13
images/train/2952.jpg True, 21, 21, 273, 11, 23
images/train/2953.jpg True, 19, 26, 234, 6, 10
images/train/2954.jpg True, 25, 24, 281, 4, 23
images/train/2955.jpg True, 33, 22, 125, 24, 3
images/train/2956.jpg True, 32, 30, 216, 6, 17
images/train/2957.jpg False, 0, 0, 0, 0, 0
images/train/2958.jpg True, 17, 33, 40, 8, 12
images/train/2959.jpg False, 0, 0, 0, 0, 0
images/train/2960.jpg True, 27, 34, 205, 8, 21
images/train/2961.jpg False, 0, 0, 0, 0, 0
images/train/2962.jpg False, 0, 0, 0, 0, 0
images/train/2963.jpg True, 21, 17, 56, 14, 18
images/train/2964.jpg True, 15, 29, 350, 11, 10
images/train/2965.jpg True, 28, 18, 127, 9, 14
images/train/2966.jpg True, 31, 26, 17, 7, 19
images/train/2967.jpg False, 0, 0, 0, 0, 0
images/train/2968.jpg True, 18, 21, 277, 11, 7
images/train/2969.jpg False, 0, 0, 0, 0, 0
images/train/2970.jpg False, 0, 0, 0, 0, 0
images/train/2971.jpg True, 23, 17, 112, 8, 6
images/train/2972.jpg True, 17, 29, 113, 16, 21
images/train/2973.jpg False, 0, 0, 0, 0, 0
images/train/2974.jpg True, 18, 32, 229, 5, 10
images/train/2975.jpg True, 32, 28, 39, 13, 22
images/train/2976.jpg False, 0, 0, 0, 0, 0
images/train/2977.jpg False, 0, 0, 0, 0, 0
images/train/2978.jpg True, 22, 24, 303, 11, 5
images/train/2979.jpg True, 22, 17, 294, 20, 6
images/train/2980.jpg False, 0, 0, 0, 0, 0
images/train/2981.jpg False, 0, 0, 0, 0, 0
images/train/2982.jpg False, 0, 0, 0, 0, 0
images/train/2983.jpg True, 34, 25, 9, 12, 15
images/train/2984.jpg True, 21, 19, 51, 23, 7
images/train/2985.jpg True, 23, 32, 116, 19, 4
images/train/2986.jpg True, 17, 34, 65, 14, 13
images/train/2987.jpg True, 16, 22, 265, 21, 23
images/train/2988.jpg True, 25, 22, 237, 6, 20
images/train/2989.jpg False, 0, 0, 0, 0, 0
images/train/2990.jpg False, 0, 0, 0, 0, 0
images/train/2991.jpg False, 0, 0, 0, 0, 0
images/train/2992.jpg True, 24, 17, 332, 6, 16
images/train/2993.jpg True, 17, 17, 58, 24, 18
images/train/2994.jpg False, 0, 0, 0, 0, 0
images/train/2995.jpg True, 31, 22, 327, 23, 4
images/train/2996.jpg True, 21, 26, 218, 23, 15
images/train/2997.jpg True, 23, 31, 354, 18, 24
images/train/2998.jpg True, 17, 28, 38, 16, 24
images/train/2999.jpg True, 16, 23, 131, 3, 5
images/train/3000.jpg True, 15, 27, 285, 10, 4
images/train/3001.jpg True, 22, 23, 72, 12, 6
images/train/3002.jpg True, 18, 26, 42, 16, 17
images/train/3003.jpg True, 31, 34, 107, 6, 20
images/train/3004.jpg True, 33, 30, 252, 13, 20
images/train/3005.jpg False, 0, 0, 0, 0, 0
images/train/3006.jpg True, 31, 19, 222, 11, 23
images/train/3007.jpg True, 22, 15, 63, 23, 24
images/train/3008.jpg True, 20, 24, 331, 12, 16
images/train/3009.jpg True, 16, 30, 153, 23, 3
images/train/3010.jpg False, 0, 0, 0, 0, 0
images/train/3011.jpg True, 20, 21, 221, 10, 21
images/train/3012.jpg False, 0, 0, 0, 0, 0
images/train/3013.jpg True, 22, 19, 344, 22, 5
images/train/3014.jpg False, 0, 0, 0, 0, 0
images/train/3015.jpg False, 0, 0, 0, 0, 0
images/train/3016.jpg False, 0, 0, 0, 0, 0
images/train/3017.jpg True, 21, 24, 328, 22, 14
images/train/3018.jpg True, 21, 20, 227, 5, 23
images/train/3019.jpg True, 21, 26, 208, 11, 7
images/train/3020.jpg True, 34, 28, 57, 22, 21
images/train/3021.jpg True, 23, 25, 152, 11, 3
images/train/3022.jpg True, 17, 25, 44, 24, 11
images/train/3023.jpg True, 31, 18, 111, 8, 18
images/train/3024.jpg True, 15, 24, 359, 16, 5
images/train/3025.jpg False, 0, 0, 0, 0, 0
images/train/3026.jpg False, 0, 0, 0, 0, 0
images/train/3027.jpg True, 29, 19, 309, 15, 8
images/train/3028.jpg True, 28, 29, 48, 12, 13
images/train/3029.jpg False, 0, 0, 0, 0, 0
images/train/3030.jpg False, 0, 0, 0, 0, 0
images/train/3031.jpg False, 0, 0, 0, 0, 0
images/train/3032.jpg True, 24, 31, 314, 10, 10
images/train/3033.jpg True, 24, 29, 176, 3, 5
images/train/3034.jpg False, 0, 0, 0, 0, 0
images/train/3035.jpg False, 0, 0, 0, 0, 0
images/train/3036.jpg False, 0, 0, 0, 0, 0
images/train/3037.jpg True, 34, 15, 91, 18, 7
images/train/3038.jpg False, 0, 0, 0, 0, 0
images/train/3039.jpg False, 0, 0, 0, 0, 0
images/train/3040.jpg False, 0, 0, 0, 0, 0
images/train/3041.jpg True, 27, 22, 108, 23, 23
images/train/3042.jpg True, 15, 17, 330, 16, 14
images/train/3043.jpg True, 31, 19, 292, 9, 8
images/train/3044.jpg True, 28, 34, 285, 9, 13
images/train/3045.jpg True, 22, 17, 154, 12, 9
images/train/3046.jpg True, 18, 20, 58, 7, 7
images/train/3047.jpg True, 18, 34, 124, 24, 14
images/train/3048.jpg True, 15, 19, 52, 3, 23
images/train/3049.jpg True, 16, 22, 288, 15, 13
images/train/3050.jpg False, 0, 0, 0, 0, 0
images/train/3051.jpg True, 21, 31, 354, 5, 23
images/train/3052.jpg True, 31, 30, 21, 16, 20
images/train/3053.jpg True, 32, 31, 38, 20, 22
images/train/3054.jpg True, 30, 23, 198, 7, 4
images/train/3055.jpg False, 0, 0, 0, 0, 0
images/train/3056.jpg True, 17, 26, 83, 13, 5
images/train/3057.jpg True, 33, 19, 67, 11, 20
images/train/3058.jpg True, 25, 28, 317, 23, 18
images/train/3059.jpg True, 34, 27, 261, 16, 13
images/train/3060.jpg False, 0, 0, 0, 0, 0
images/train/3061.jpg True, 18, 34, 4, 23, 17
images/train/3062.jpg True, 27, 16, 337, 23, 21
images/train/3063.jpg True, 20, 19, 21, 6, 15
images/train/3064.jpg True, 23, 24, 260, 17, 11
images/train/3065.jpg True, 26, 24, 133, 22, 4
images/train/3066.jpg True, 24, 19, 285, 8, 16
images/train/3067.jpg False, 0, 0, 0, 0, 0
images/train/3068.jpg False, 0, 0, 0, 0, 0
images/train/3069.jpg True, 24, 15, 36, 18, 16
images/train/3070.jpg False, 0, 0, 0, 0, 0
images/train/3071.jpg True, 18, 26, 83, 8, 19
images/train/3072.jpg False, 0, 0, 0, 0, 0
images/train/3073.jpg True, 15, 22, 9, 8, 4
images/train/3074.jpg True, 22, 28, 225, 20, 4
images/train/3075.jpg False, 0, 0, 0, 0, 0
images/train/3076.jpg True, 18, 22, 206, 14, 20
images/train/3077.jpg True, 29, 33, 93, 17, 4
images/train/3078.jpg True, 16, 29, 8, 11, 10
images/train/3079.jpg True, 21, 21, 280, 9, 11
images/train/3080.jpg False, 0, 0, 0, 0, 0
images/train/3081.jpg False, 0, 0, 0, 0, 0
images/train/3082.jpg True, 15, 22, 243, 11, 6
images/train/3083.jpg False, 0, 0, 0, 0, 0
images/train/3084.jpg True, 19, 21, 116, 14, 16
images/train/3085.jpg True, 15, 32, 84, 9, 5
images/train/3086.jpg False, 0, 0, 0, 0, 0
images/train/3087.jpg True, 25, 27, 30, 21, 11
images/train/3088.jpg True, 26, 18, 79, 20, 3
images/train/3089.jpg False, 0, 0, 0, 0, 0
images/train/3090.jpg True, 22, 20, 197, 4, 5
images/train/3091.jpg True, 16, 31, 258, 22, 14
images/train/3092.jpg True, 33, 33, 282, 4, 6
images/train/3093.jpg True, 18, 30, 314, 24, 9
images/train/3094.jpg False, 0, 0, 0, 0, 0
images/train/3095.jpg True, 27, 27, 219, 24, 24
images/train/3096.jpg False, 0, 0, 0, 0, 0
images/train/3097.jpg True, 18, 16, 267, 5, 19
images/train/3098.jpg False, 0, 0, 0, 0, 0
images/train/3099.jpg True, 19, 27, 162, 9, 5
images/train/3100.jpg False, 0, 0, 0, 0, 0
images/train/3101.jpg True, 20, 22, 81, 12, 4
images/train/3102.jpg True, 27, 32, 25, 14, 15
images/train/3103.jpg False, 0, 0, 0, 0, 0
images/train/3104.jpg True, 32, 32, 346, 3, 24
images/train/3105.jpg True, 18, 31, 257, 8, 21
images/train/3106.jpg False, 0, 0, 0, 0, 0
images/train/3107.jpg True, 19, 18, 289, 19, 22
images/train/3108.jpg True, 34, 17, 58, 17, 21
images/train/3109.jpg True, 30, 20, 216, 18, 16
images/train/3110.jpg False, 0, 0, 0, 0, 0
images/train/3111.jpg True, 29, 33, 207, 16, 6
images/train/3112.jpg True, 21, 25, 244, 6, 15
images/train/3113.jpg True, 28, 32, 100, 3, 23
images/train/3114.jpg True, 18, 30, 229, 24, 18
images/train/3115.jpg True, 19, 24, 73, 4, 9
images/train/3116.jpg True, 25, 16, 157, 10, 14
images/train/3117.jpg True, 23, 22, 340, 5, 8
images/train/3118.jpg True, 30, 20, 219, 13, 9
images/train/3119.jpg False, 0, 0, 0, 0, 0
images/train/3120.jpg False, 0, 0, 0, 0, 0
images/train/3121.jpg True, 21, 27, 334, 18, 16
images/train/3122.jpg True, 24, 15, 216, 20, 21
images/train/3123.jpg True, 24, 19, 295, 22, 9
images/train/3124.jpg True, 15, 19, 350, 17, 17
images/train/3125.jpg False, 0, 0, 0, 0, 0
images/train/3126.jpg False, 0, 0, 0, 0, 0
images/train/3127.jpg False, 0, 0, 0, 0, 0
images/train/3128.jpg True, 16, 24, 173, 3, 15
images/train/3129.jpg True, 32, 21, 280, 3, 14
images/train/3130.jpg True, 27, 30, 74, 6, 22
images/train/3131.jpg False, 0, 0, 0, 0, 0
images/train/3132.jpg True, 30, 28, 233, 14, 4
images/train/3133.jpg True, 29, 20, 126, 15, 13
images/train/3134.jpg True, 15, 30, 125, 24, 7
images/train/3135.jpg True, 30, 31, 243, 4, 20
images/train/3136.jpg True, 15, 17, 214, 3, 24
images/train/3137.jpg True, 29, 15, 346, 5, 12
images/train/3138.jpg True, 22, 22, 185, 20, 15
images/train/3139.jpg True, 26, 27, 4, 19, 19
images/train/3140.jpg True, 31, 29, 139, 6, 5
images/train/3141.jpg True, 17, 28, 334, 13, 16
images/train/3142.jpg False, 0, 0, 0, 0, 0
images/train/3143.jpg False, 0, 0, 0, 0, 0
images/train/3144.jpg True, 31, 23, 262, 18, 19
images/train/3145.jpg True, 16, 27, 212, 9, 13
images/train/3146.jpg True, 28, 31, 238, 5, 11
images/train/3147.jpg True, 21, 19, 210, 8, 15
images/train/3148.jpg False, 0, 0, 0, 0, 0
images/train/3149.jpg True, 15, 29, 232, 5, 12
images/train/3150.jpg False, 0, 0, 0, 0, 0
images/train/3151.jpg True, 17, 26, 341, 11, 3
images/train/3152.jpg False, 0, 0, 0, 0, 0
images/train/3153.jpg False, 0, 0, 0, 0, 0
images/train/3154.jpg False, 0, 0, 0, 0, 0
images/train/3155.jpg True, 23, 34, 272, 13, 13
images/train/3156.jpg False, 0, 0, 0, 0, 0
images/train/3157.jpg True, 20, 34, 53, 8, 4
images/train/3158.jpg True, 26, 20, 276, 15, 7
images/train/3159.jpg True, 33, 16, 190, 17, 5
images/train/3160.jpg True, 31, 23, 99, 3, 19
images/train/3161.jpg True, 30, 20, 67, 11, 16
images/train/3162.jpg True, 34, 26, 274, 6, 24
images/train/3163.jpg True, 30, 19, 215, 6, 20
images/train/3164.jpg True, 31, 30, 85, 5, 16
images/train/3165.jpg True, 28, 30, 2, 7, 14
images/train/3166.jpg False, 0, 0, 0, 0, 0
images/train/3167.jpg False, 0, 0, 0, 0, 0
images/train/3168.jpg True, 30, 31, 354, 19, 19
images/train/3169.jpg False, 0, 0, 0, 0, 0
images/train/3170.jpg False, 0, 0, 0, 0, 0
images/train/3171.jpg True, 33, 15, 74, 24, 9
images/train/3172.jpg False, 0, 0, 0, 0, 0
images/train/3173.jpg True, 34, 18, 197, 14, 3
images/train/3174.jpg True, 27, 25, 0, 23, 3
images/train/3175.jpg False, 0, 0, 0, 0, 0
images/train/3176.jpg True, 21, 34, 297, 18, 8
images/train/3177.jpg True, 22, 33, 167, 20, 8
images/train/3178.jpg False, 0, 0, 0, 0, 0
images/train/3179.jpg True, 24, 34, 339, 24, 18
images/train/3180.jpg True, 31, 17, 205, 17, 22
images/train/3181.jpg True, 22, 17, 137, 4, 13
images/train/3182.jpg False, 0, 0, 0, 0, 0
images/train/3183.jpg True, 25, 16, 353, 9, 13
images/train/3184.jpg True, 22, 34, 186, 24, 14
images/train/3185.jpg False, 0, 0, 0, 0, 0
images/train/3186.jpg True, 32, 27, 268, 14, 11
images/train/3187.jpg True, 34, 30, 269, 7, 23
images/train/3188.jpg False, 0, 0, 0, 0, 0
images/train/3189.jpg True, 33, 15, 196, 21, 6
images/train/3190.jpg False, 0, 0, 0, 0, 0
images/train/3191.jpg False, 0, 0, 0, 0, 0
images/train/3192.jpg True, 27, 25, 116, 5, 22
images/train/3193.jpg True, 15, 33, 223, 11, 21
images/train/3194.jpg False, 0, 0, 0, 0, 0
images/train/3195.jpg True, 34, 27, 90, 12, 23
images/train/3196.jpg True, 24, 17, 150, 19, 24
images/train/3197.jpg True, 28, 18, 97, 4, 21
images/train/3198.jpg True, 22, 15, 218, 13, 10
images/train/3199.jpg True, 29, 32, 104, 18, 13
images/train/3200.jpg True, 27, 16, 6, 7, 12
images/train/3201.jpg False, 0, 0, 0, 0, 0
images/train/3202.jpg False, 0, 0, 0, 0, 0
images/train/3203.jpg True, 20, 17, 15, 4, 6
images/train/3204.jpg True, 24, 20, 65, 5, 7
images/train/3205.jpg False, 0, 0, 0, 0, 0
images/train/3206.jpg True, 16, 19, 246, 6, 24
images/train/3207.jpg True, 17, 18, 351, 8, 22
images/train/3208.jpg True, 16, 27, 244, 11, 8
images/train/3209.jpg False, 0, 0, 0, 0, 0
images/train/3210.jpg True, 19, 24, 318, 3, 11
images/train/3211.jpg True, 18, 24, 172, 15, 5
images/train/3212.jpg True, 16, 33, 153, 9, 9
images/train/3213.jpg True, 22, 28, 245, 16, 12
images/train/3214.jpg False, 0, 0, 0, 0, 0
images/train/3215.jpg False, 0, 0, 0, 0, 0
images/train/3216.jpg True, 31, 22, 181, 8, 21
images/train/3217.jpg True, 28, 23, 161, 9, 19
images/train/3218.jpg True, 16, 34, 346, 10, 13
images/train/3219.jpg True, 34, 21, 63, 16, 17
images/train/3220.jpg True, 28, 22, 293, 18, 7
images/train/3221.jpg True, 20, 24, 162, 19, 16
images/train/3222.jpg True, 27, 15, 324, 21, 16
images/train/3223.jpg True, 31, 29, 77, 16, 12
images/train/3224.jpg True, 20, 24, 257, 24, 17
images/train/3225.jpg False, 0, 0, 0, 0, 0
images/train/3226.jpg True, 34, 30, 277, 15, 14
images/train/3227.jpg False, 0, 0, 0, 0, 0
images/train/3228.jpg False, 0, 0, 0, 0, 0
images/train/3229.jpg True, 20, 32, 313, 9, 16
images/train/3230.jpg True, 27, 28, 113, 19, 9
images/train/3231.jpg False, 0, 0, 0, 0, 0
images/train/3232.jpg True, 27, 21, 97, 19, 7
images/train/3233.jpg True, 28, 25, 138, 19, 23
images/train/3234.jpg False, 0, 0, 0, 0, 0
images/train/3235.jpg True, 31, 22, 163, 6, 13
images/train/3236.jpg False, 0, 0, 0, 0, 0
images/train/3237.jpg True, 23, 20, 295, 8, 20
images/train/3238.jpg True, 34, 15, 343, 22, 4
images/train/3239.jpg False, 0, 0, 0, 0, 0
images/train/3240.jpg True, 28, 22, 84, 11, 21
images/train/3241.jpg True, 32, 29, 333, 4, 4
images/train/3242.jpg False, 0, 0, 0, 0, 0
images/train/3243.jpg False, 0, 0, 0, 0, 0
images/train/3244.jpg True, 24, 20, 96, 13, 9
images/train/3245.jpg True, 18, 22, 189, 14, 23
images/train/3246.jpg False, 0, 0, 0, 0, 0
images/train/3247.jpg False, 0, 0, 0, 0, 0
images/train/3248.jpg False, 0, 0, 0, 0, 0
images/train/3249.jpg True, 23, 29, 171, 23, 22
images/train/3250.jpg True, 33, 28, 305, 15, 14
images/train/3251.jpg True, 19, 32, 130, 16, 17
images/train/3252.jpg True, 18, 25, 39, 3, 23
images/train/3253.jpg True, 19, 20, 201, 20, 23
images/train/3254.jpg False, 0, 0, 0, 0, 0
images/train/3255.jpg True, 31, 31, 51, 8, 24
images/train/3256.jpg True, 32, 18, 177, 7, 7
images/train/3257.jpg True, 25, 21, 57, 14, 18
images/train/3258.jpg True, 16, 26, 166, 9, 9
images/train/3259.jpg True, 15, 26, 26, 12, 13
images/train/3260.jpg True, 15, 34, 105, 20, 22
images/train/3261.jpg True, 23, 33, 338, 18, 19
images/train/3262.jpg True, 15, 33, 243, 14, 4
images/train/3263.jpg True, 30, 32, 198, 19, 19
images/train/3264.jpg True, 32, 24, 295, 14, 3
images/train/3265.jpg True, 31, 18, 86, 12, 19
images/train/3266.jpg False, 0, 0, 0, 0, 0
images/train/3267.jpg True, 28, 20, 135, 9, 17
images/train/3268.jpg True, 29, 19, 243, 17, 13
images/train/3269.jpg False, 0, 0, 0, 0, 0
images/train/3270.jpg True, 22, 19, 91, 18, 18
images/train/3271.jpg True, 23, 24, 85, 22, 19
images/train/3272.jpg False, 0, 0, 0, 0, 0
images/train/3273.jpg True, 15, 16, 292, 20, 5
images/train/3274.jpg False, 0, 0, 0, 0, 0
images/train/3275.jpg False, 0, 0, 0, 0, 0
images/train/3276.jpg True, 31, 15, 222, 23, 20
images/train/3277.jpg True, 20, 28, 67, 15, 20
images/train/3278.jpg False, 0, 0, 0, 0, 0
images/train/3279.jpg True, 24, 21, 145, 12, 17
images/train/3280.jpg False, 0, 0, 0, 0, 0
images/train/3281.jpg True, 15, 17, 107, 14, 23
images/train/3282.jpg True, 30, 29, 238, 21, 10
images/train/3283.jpg True, 29, 16, 274, 19, 18
images/train/3284.jpg True, 19, 20, 320, 20, 4
images/train/3285.jpg True, 21, 24, 201, 6, 17
images/train/3286.jpg True, 22, 28, 159, 22, 15
images/train/3287.jpg False, 0, 0, 0, 0, 0
images/train/3288.jpg False, 0, 0, 0, 0, 0
images/train/3289.jpg False, 0, 0, 0, 0, 0
images/train/3290.jpg True, 28, 25, 208, 3, 7
images/train/3291.jpg True, 25, 31, 248, 6, 15
images/train/3292.jpg True, 15, 15, 34, 23, 7
images/train/3293.jpg True, 33, 31, 191, 14, 16
images/train/3294.jpg True, 27, 28, 166, 6, 21
images/train/3295.jpg False, 0, 0, 0, 0, 0
images/train/3296.jpg True, 31, 27, 297, 10, 16
images/train/3297.jpg False, 0, 0, 0, 0, 0
images/train/3298.jpg False, 0, 0, 0, 0, 0
images/train/3299.jpg True, 34, 18, 157, 5, 13
images/train/3300.jpg True, 26, 28, 116, 10, 16
images/train/3301.jpg True, 30, 30, 37, 20, 19
images/train/3302.jpg True, 16, 22, 259, 17, 14
images/train/3303.jpg False, 0, 0, 0, 0, 0
images/train/3304.jpg True, 15, 27, 273, 7, 7
images/train/3305.jpg True, 22, 16, 232, 23, 4
images/train/3306.jpg True, 18, 33, 161, 21, 11
images/train/3307.jpg False, 0, 0, 0, 0, 0
images/train/3308.jpg True, 27, 34, 208, 15, 9
images/train/3309.jpg True, 18, 21, 200, 22, 24
images/train/3310.jpg True, 24, 23, 306, 14, 20
images/train/3311.jpg True, 33, 24, 34, 9, 11
images/train/3312.jpg False, 0, 0, 0, 0, 0
images/train/3313.jpg False, 0, 0, 0, 0, 0
images/train/3314.jpg False, 0, 0, 0, 0, 0
images/train/3315.jpg False, 0, 0, 0, 0, 0
images/train/3316.jpg True, 19, 23, 98, 19, 10
images/train/3317.jpg True, 23, 30, 323, 9, 13
images/train/3318.jpg True, 18, 19, 190, 15, 21
images/train/3319.jpg True, 26, 33, 288, 3, 3
images/train/3320.jpg True, 18, 24, 112, 7, 23
images/train/3321.jpg True, 30, 24, 133, 14, 24
images/train/3322.jpg True, 29, 31, 277, 4, 24
images/train/3323.jpg True, 32, 18, 127, 9, 9
images/train/3324.jpg True, 22, 23, 135, 22, 15
images/train/3325.jpg True, 23, 28, 317, 11, 18
images/train/3326.jpg False, 0, 0, 0, 0, 0
images/train/3327.jpg True, 33, 31, 321, 16, 5
images/train/3328.jpg True, 32, 27, 29, 12, 5
images/train/3329.jpg True, 19, 27, 152, 24, 18
images/train/3330.jpg True, 34, 30, 278, 5, 19
images/train/3331.jpg False, 0, 0, 0, 0, 0
images/train/3332.jpg True, 34, 34, 102, 9, 13
images/train/3333.jpg True, 17, 23, 80, 17, 23
images/train/3334.jpg False, 0, 0, 0, 0, 0
images/train/3335.jpg True, 29, 19, 136, 19, 16
images/train/3336.jpg True, 16, 23, 52, 24, 21
images/train/3337.jpg True, 16, 29, 110, 8, 17
images/train/3338.jpg False, 0, 0, 0, 0, 0
images/train/3339.jpg False, 0, 0, 0, 0, 0
images/train/3340.jpg True, 26, 25, 290, 12, 23
images/train/3341.jpg True, 17, 32, 94, 8, 9
images/train/3342.jpg False, 0, 0, 0, 0, 0
images/train/3343.jpg True, 16, 24, 269, 11, 18
images/train/3344.jpg True, 31, 28, 214, 14, 6
images/train/3345.jpg True, 28, 22, 106, 3, 12
images/train/3346.jpg True, 21, 31, 208, 15, 22
images/train/3347.jpg True, 33, 34, 169, 7, 8
images/train/3348.jpg True, 19, 33, 280, 20, 15
images/train/3349.jpg True, 22, 17, 103, 18, 18
images/train/3350.jpg True, 18, 29, 89, 7, 15
images/train/3351.jpg True, 31, 16, 141, 22, 6
images/train/3352.jpg False, 0, 0, 0, 0, 0
images/train/3353.jpg True, 33, 33, 119, 9, 9
images/train/3354.jpg True, 29, 19, 244, 22, 6
images/train/3355.jpg True, 24, 21, 182, 7, 15
images/train/3356.jpg True, 19, 21, 240, 15, 7
images/train/3357.jpg False, 0, 0, 0, 0, 0
images/train/3358.jpg True, 30, 31, 293, 23, 19
images/train/3359.jpg True, 23, 34, 10, 7, 11
images/train/3360.jpg True, 22, 19, 13, 20, 15
images/train/3361.jpg True, 26, 20, 67, 21, 24
images/train/3362.jpg False, 0, 0, 0, 0, 0
images/train/3363.jpg True, 25, 33, 12, 10, 21
images/train/3364.jpg True, 33, 25, 206, 15, 20
images/train/3365.jpg False, 0, 0, 0, 0, 0
images/train/3366.jpg True, 17, 16, 147, 19, 14
images/train/3367.jpg False, 0, 0, 0, 0, 0
images/train/3368.jpg False, 0, 0, 0, 0, 0
images/train/3369.jpg False, 0, 0, 0, 0, 0
images/train/3370.jpg True, 15, 31, 356, 23, 13
images/train/3371.jpg False, 0, 0, 0, 0, 0
images/train/3372.jpg True, 26, 24, 81, 5, 16
images/train/3373.jpg False, 0, 0, 0, 0, 0
images/train/3374.jpg False, 0, 0, 0, 0, 0
images/train/3375.jpg True, 21, 34, 316, 8, 16
images/train/3376.jpg False, 0, 0, 0, 0, 0
images/train/3377.jpg False, 0, 0, 0, 0, 0
images/train/3378.jpg True, 21, 29, 273, 24, 23
images/train/3379.jpg True, 33, 26, 243, 16, 5
images/train/3380.jpg False, 0, 0, 0, 0, 0
images/train/3381.jpg False, 0, 0, 0, 0, 0
images/train/3382.jpg True, 29, 32, 180, 5, 3
images/train/3383.jpg True, 18, 23, 264, 17, 14
images/train/3384.jpg True, 18, 23, 175, 8, 5
images/train/3385.jpg True, 15, 25, 208, 4, 14
images/train/3386.jpg True, 34, 27, 325, 16, 23
images/train/3387.jpg True, 27, 31, 336, 13, 4
images/train/3388.jpg False, 0, 0, 0, 0, 0
images/train/3389.jpg True, 19, 33, 109, 3, 20
images/train/3390.jpg False, 0, 0, 0, 0, 0
images/train/3391.jpg True, 15, 19, 356, 11, 14
images/train/3392.jpg False, 0, 0, 0, 0, 0
images/train/3393.jpg True, 18, 26, 28, 12, 24
images/train/3394.jpg False, 0, 0, 0, 0, 0
images/train/3395.jpg False, 0, 0, 0, 0, 0
images/train/3396.jpg True, 20, 17, 140, 19, 12
images/train/3397.jpg True, 15, 29, 163, 12, 23
images/train/3398.jpg True, 32, 24, 347, 18, 16
images/train/3399.jpg True, 30, 33, 202, 9, 21
images/train/3400.jpg False, 0, 0, 0, 0, 0
images/train/3401.jpg False, 0, 0, 0, 0, 0
images/train/3402.jpg True, 24, 33, 350, 16, 18
images/train/3403.jpg False, 0, 0, 0, 0, 0
images/train/3404.jpg True, 32, 16, 304, 3, 20
images/train/3405.jpg False, 0, 0, 0, 0, 0
images/train/3406.jpg True, 34, 27, 78, 11, 3
images/train/3407.jpg True, 20, 25, 335, 24, 13
images/train/3408.jpg True, 18, 30, 67, 10, 11
images/train/3409.jpg True, 24, 28, 0, 5, 14
images/train/3410.jpg True, 16, 19, 128, 11, 21
images/train/3411.jpg True, 21, 21, 253, 3, 8
images/train/3412.jpg False, 0, 0, 0, 0, 0
images/train/3413.jpg False, 0, 0, 0, 0, 0
images/train/3414.jpg False, 0, 0, 0, 0, 0
images/train/3415.jpg False, 0, 0, 0, 0, 0
images/train/3416.jpg False, 0, 0, 0, 0, 0
images/train/3417.jpg True, 32, 15, 30, 3, 5
images/train/3418.jpg False, 0, 0, 0, 0, 0
images/train/3419.jpg True, 17, 28, 190, 3, 4
images/train/3420.jpg False, 0, 0, 0, 0, 0
images/train/3421.jpg True, 17, 32, 174, 3, 5
images/train/3422.jpg True, 31, 19, 100, 12, 19
images/train/3423.jpg True, 27, 20, 183, 4, 10
images/train/3424.jpg True, 15, 16, 156, 13, 8
images/train/3425.jpg True, 32, 18, 117, 23, 24
images/train/3426.jpg False, 0, 0, 0, 0, 0
images/train/3427.jpg True, 28, 21, 173, 11, 13
images/train/3428.jpg True, 22, 24, 301, 22, 18
images/train/3429.jpg True, 30, 29, 343, 8, 5
images/train/3430.jpg True, 30, 17, 319, 3, 12
images/train/3431.jpg True, 21, 15, 61, 18, 11
images/train/3432.jpg True, 32, 28, 342, 23, 16
images/train/3433.jpg False, 0, 0, 0, 0, 0
images/train/3434.jpg False, 0, 0, 0, 0, 0
images/train/3435.jpg True, 34, 21, 297, 14, 16
images/train/3436.jpg True, 29, 27, 84, 5, 24
images/train/3437.jpg False, 0, 0, 0, 0, 0
images/train/3438.jpg True, 31, 34, 74, 4, 20
images/train/3439.jpg False, 0, 0, 0, 0, 0
images/train/3440.jpg True, 17, 21, 289, 8, 19
images/train/3441.jpg True, 23, 27, 292, 24, 23
images/train/3442.jpg False, 0, 0, 0, 0, 0
images/train/3443.jpg True, 27, 31, 227, 7, 21
images/train/3444.jpg True, 34, 22, 49, 19, 23
images/train/3445.jpg True, 18, 15, 150, 18, 7
images/train/3446.jpg True, 30, 31, 327, 12, 14
images/train/3447.jpg False, 0, 0, 0, 0, 0
images/train/3448.jpg True, 25, 19, 221, 23, 23
images/train/3449.jpg False, 0, 0, 0, 0, 0
images/train/3450.jpg True, 21, 26, 317, 12, 17
images/train/3451.jpg True, 30, 17, 106, 8, 15
images/train/3452.jpg True, 21, 27, 326, 5, 5
images/train/3453.jpg True, 15, 25, 340, 15, 19
images/train/3454.jpg False, 0, 0, 0, 0, 0
images/train/3455.jpg False, 0, 0, 0, 0, 0
images/train/3456.jpg False, 0, 0, 0, 0, 0
images/train/3457.jpg True, 25, 33, 258, 22, 13
images/train/3458.jpg True, 23, 26, 23, 8, 24
images/train/3459.jpg True, 25, 20, 243, 11, 6
images/train/3460.jpg True, 17, 29, 332, 22, 21
images/train/3461.jpg True, 20, 30, 192, 8, 6
images/train/3462.jpg True, 27, 27, 188, 3, 5
images/train/3463.jpg False, 0, 0, 0, 0, 0
images/train/3464.jpg True, 28, 22, 170, 11, 7
images/train/3465.jpg False, 0, 0, 0, 0, 0
images/train/3466.jpg True, 29, 18, 211, 20, 19
images/train/3467.jpg True, 17, 28, 99, 23, 6
images/train/3468.jpg True, 25, 17, 161, 14, 17
images/train/3469.jpg True, 29, 20, 140, 17, 23
images/train/3470.jpg True, 31, 24, 62, 15, 22
images/train/3471.jpg False, 0, 0, 0, 0, 0
images/train/3472.jpg True, 29, 22, 261, 23, 13
images/train/3473.jpg True, 19, 17, 123, 14, 12
images/train/3474.jpg True, 22, 18, 246, 13, 11
images/train/3475.jpg True, 34, 15, 124, 21, 4
images/train/3476.jpg True, 18, 20, 60, 6, 4
images/train/3477.jpg True, 29, 25, 4, 6, 4
images/train/3478.jpg True, 16, 24, 237, 21, 15
images/train/3479.jpg True, 20, 16, 130, 24, 9
images/train/3480.jpg True, 18, 22, 17, 13, 7
images/train/3481.jpg True, 22, 26, 1, 18, 12
images/train/3482.jpg True, 28, 18, 87, 15, 9
images/train/3483.jpg True, 27, 25, 200, 13, 15
images/train/3484.jpg False, 0, 0, 0, 0, 0
images/train/3485.jpg True, 30, 17, 101, 24, 12
images/train/3486.jpg False, 0, 0, 0, 0, 0
images/train/3487.jpg False, 0, 0, 0, 0, 0
images/train/3488.jpg True, 31, 15, 207, 6, 13
images/train/3489.jpg True, 29, 21, 237, 10, 18
images/train/3490.jpg True, 24, 30, 181, 17, 16
images/train/3491.jpg True, 24, 17, 46, 10, 4
images/train/3492.jpg True, 33, 24, 82, 22, 23
images/train/3493.jpg True, 26, 30, 153, 21, 15
images/train/3494.jpg False, 0, 0, 0, 0, 0
images/train/3495.jpg True, 29, 31, 81, 5, 18
images/train/3496.jpg True, 32, 27, 222, 11, 13
images/train/3497.jpg False, 0, 0, 0, 0, 0
images/train/3498.jpg True, 16, 33, 263, 20, 17
images/train/3499.jpg True, 19, 23, 119, 20, 10
images/train/3500.jpg True, 33, 25, 80, 4, 20
images/train/3501.jpg True, 31, 27, 217, 17, 22
images/train/3502.jpg False, 0, 0, 0, 0, 0
images/train/3503.jpg True, 21, 18, 276, 20, 3
images/train/3504.jpg True, 18, 17, 131, 21, 12
images/train/3505.jpg True, 34, 17, 58, 7, 3
images/train/3506.jpg False, 0, 0, 0, 0, 0
images/train/3507.jpg True, 23, 21, 340, 7, 7
images/train/3508.jpg False, 0, 0, 0, 0, 0
images/train/3509.jpg True, 16, 29, 225, 24, 24
images/train/3510.jpg True, 16, 20, 148, 24, 15
images/train/3511.jpg True, 24, 22, 264, 3, 14
images/train/3512.jpg True, 20, 24, 222, 10, 6
images/train/3513.jpg True, 30, 24, 356, 7, 12
images/train/3514.jpg True, 28, 25, 253, 20, 22
images/train/3515.jpg True, 27, 15, 182, 9, 19
images/train/3516.jpg True, 21, 31, 41, 23, 12
images/train/3517.jpg False, 0, 0, 0, 0, 0
images/train/3518.jpg True, 33, 31, 164, 24, 13
images/train/3519.jpg False, 0, 0, 0, 0, 0
images/train/3520.jpg False, 0, 0, 0, 0, 0
images/train/3521.jpg True, 15, 33, 217, 17, 24
images/train/3522.jpg False, 0, 0, 0, 0, 0
images/train/3523.jpg True, 26, 31, 119, 24, 8
images/train/3524.jpg True, 27, 24, 140, 19, 12
images/train/3525.jpg False, 0, 0, 0, 0, 0
images/train/3526.jpg False, 0, 0, 0, 0, 0
images/train/3527.jpg True, 28, 26, 90, 8, 8
images/train/3528.jpg False, 0, 0, 0, 0, 0
images/train/3529.jpg True, 33, 20, 351, 20, 9
images/train/3530.jpg True, 15, 28, 204, 7, 7
images/train/3531.jpg True, 24, 28, 297, 21, 12
images/train/3532.jpg False, 0, 0, 0, 0, 0
images/train/3533.jpg True, 16, 32, 238, 17, 24
images/train/3534.jpg False, 0, 0, 0, 0, 0
images/train/3535.jpg True, 24, 27, 56, 23, 7
images/train/3536.jpg False, 0, 0, 0, 0, 0
images/train/3537.jpg False, 0, 0, 0, 0, 0
images/train/3538.jpg True, 23, 29, 57, 21, 6
images/train/3539.jpg True, 34, 15, 303, 7, 9
images/train/3540.jpg True, 17, 20, 126, 21, 8
images/train/3541.jpg True, 19, 29, 90, 15, 11
images/train/3542.jpg False, 0, 0, 0, 0, 0
images/train/3543.jpg False, 0, 0, 0, 0, 0
images/train/3544.jpg False, 0, 0, 0, 0, 0
images/train/3545.jpg True, 15, 15, 302, 6, 10
images/train/3546.jpg True, 33, 15, 331, 21, 9
images/train/3547.jpg True, 15, 22, 21, 21, 24
images/train/3548.jpg True, 28, 18, 335, 24, 15
images/train/3549.jpg False, 0, 0, 0, 0, 0
images/train/3550.jpg True, 34, 18, 257, 5, 15
images/train/3551.jpg True, 20, 21, 266, 24, 23
images/train/3552.jpg True, 20, 22, 69, 7, 13
images/train/3553.jpg True, 27, 16, 206, 17, 19
images/train/3554.jpg True, 24, 34, 197, 17, 8
images/train/3555.jpg True, 24, 28, 260, 21, 18
images/train/3556.jpg False, 0, 0, 0, 0, 0
images/train/3557.jpg False, 0, 0, 0, 0, 0
images/train/3558.jpg True, 20, 25, 20, 15, 19
images/train/3559.jpg True, 32, 16, 182, 15, 19
images/train/3560.jpg True, 22, 15, 24, 6, 3
images/train/3561.jpg True, 32, 31, 211, 18, 22
images/train/3562.jpg False, 0, 0, 0, 0, 0
images/train/3563.jpg True, 27, 31, 84, 24, 22
images/train/3564.jpg True, 33, 33, 303, 5, 21
images/train/3565.jpg False, 0, 0, 0, 0, 0
images/train/3566.jpg True, 26, 31, 20, 16, 23
images/train/3567.jpg False, 0, 0, 0, 0, 0
images/train/3568.jpg True, 29, 28, 220, 6, 24
images/train/3569.jpg True, 32, 31, 92, 15, 14
images/train/3570.jpg True, 30, 19, 357, 20, 20
images/train/3571.jpg False, 0, 0, 0, 0, 0
images/train/3572.jpg False, 0, 0, 0, 0, 0
images/train/3573.jpg True, 23, 31, 91, 3, 21
images/train/3574.jpg False, 0, 0, 0, 0, 0
images/train/3575.jpg True, 31, 27, 110, 22, 13
images/train/3576.jpg False, 0, 0, 0, 0, 0
images/train/3577.jpg False, 0, 0, 0, 0, 0
images/train/3578.jpg True, 31, 21, 341, 14, 19
images/train/3579.jpg True, 28, 27, 180, 12, 15
images/train/3580.jpg True, 32, 33, 229, 9, 6
images/train/3581.jpg True, 19, 15, 46, 13, 19
images/train/3582.jpg True, 15, 27, 65, 24, 7
images/train/3583.jpg False, 0, 0, 0, 0, 0
images/train/3584.jpg False, 0, 0, 0, 0, 0
images/train/3585.jpg False, 0, 0, 0, 0, 0
images/train/3586.jpg True, 20, 23, 1, 21, 20
images/train/3587.jpg True, 27, 30, 60, 8, 19
images/train/3588.jpg True, 29, 34, 106, 19, 10
images/train/3589.jpg True, 34, 33, 84, 3, 7
images/train/3590.jpg False, 0, 0, 0, 0, 0
images/train/3591.jpg False, 0, 0, 0, 0, 0
images/train/3592.jpg True, 20, 24, 193, 20, 9
images/train/3593.jpg False, 0, 0, 0, 0, 0
images/train/3594.jpg True, 21, 17, 59, 19, 24
images/train/3595.jpg False, 0, 0, 0, 0, 0
images/train/3596.jpg True, 23, 32, 244, 13, 9
images/train/3597.jpg True, 23, 15, 332, 24, 24
images/train/3598.jpg False, 0, 0, 0, 0, 0
images/train/3599.jpg True, 16, 29, 263, 19, 10
images/train/3600.jpg False, 0, 0, 0, 0, 0
images/train/3601.jpg True, 16, 20, 242, 20, 23
images/train/3602.jpg False, 0, 0, 0, 0, 0
images/train/3603.jpg True, 16, 19, 199, 23, 23
images/train/3604.jpg True, 24, 16, 300, 13, 13
images/train/3605.jpg True, 25, 30, 122, 11, 11
images/train/3606.jpg True, 30, 26, 305, 13, 15
images/train/3607.jpg False, 0, 0, 0, 0, 0
images/train/3608.jpg True, 18, 24, 181, 8, 23
images/train/3609.jpg True, 33, 20, 286, 13, 3
images/train/3610.jpg False, 0, 0, 0, 0, 0
images/train/3611.jpg False, 0, 0, 0, 0, 0
images/train/3612.jpg True, 30, 23, 296, 6, 16
images/train/3613.jpg False, 0, 0, 0, 0, 0
images/train/3614.jpg False, 0, 0, 0, 0, 0
images/train/3615.jpg True, 34, 22, 309, 22, 16
images/train/3616.jpg True, 32, 25, 36, 11, 15
images/train/3617.jpg False, 0, 0, 0, 0, 0
images/train/3618.jpg True, 18, 24, 199, 22, 8
images/train/3619.jpg True, 17, 32, 34, 15, 5
images/train/3620.jpg True, 19, 26, 315, 8, 22
images/train/3621.jpg False, 0, 0, 0, 0, 0
images/train/3622.jpg True, 17, 29, 271, 6, 13
images/train/3623.jpg True, 32, 18, 186, 19, 7
images/train/3624.jpg False, 0, 0, 0, 0, 0
images/train/3625.jpg False, 0, 0, 0, 0, 0
images/train/3626.jpg True, 21, 24, 63, 20, 20
images/train/3627.jpg False, 0, 0, 0, 0, 0
images/train/3628.jpg True, 28, 15, 182, 21, 18
images/train/3629.jpg True, 15, 29, 219, 12, 5
images/train/3630.jpg False, 0, 0, 0, 0, 0
images/train/3631.jpg True, 23, 28, 116, 20, 11
images/train/3632.jpg True, 17, 18, 30, 23, 5
images/train/3633.jpg True, 24, 16, 136, 14, 22
images/train/3634.jpg False, 0, 0, 0, 0, 0
images/train/3635.jpg True, 29, 28, 229, 6, 17
images/train/3636.jpg False, 0, 0, 0, 0, 0
images/train/3637.jpg False, 0, 0, 0, 0, 0
images/train/3638.jpg True, 27, 27, 25, 19, 12
images/train/3639.jpg False, 0, 0, 0, 0, 0
images/train/3640.jpg False, 0, 0, 0, 0, 0
images/train/3641.jpg False, 0, 0, 0, 0, 0
images/train/3642.jpg True, 31, 27, 98, 18, 16
images/train/3643.jpg True, 16, 19, 80, 16, 12
images/train/3644.jpg False, 0, 0, 0, 0, 0
images/train/3645.jpg False, 0, 0, 0, 0, 0
images/train/3646.jpg True, 15, 20, 236, 14, 7
images/train/3647.jpg True, 17, 32, 173, 16, 17
images/train/3648.jpg True, 28, 21, 150, 8, 15
images/train/3649.jpg True, 16, 20, 346, 6, 15
images/train/3650.jpg True, 29, 19, 161, 19, 5
images/train/3651.jpg True, 27, 24, 1, 17, 23
images/train/3652.jpg True, 23, 26, 322, 11, 11
images/train/3653.jpg True, 25, 27, 118, 5, 23
images/train/3654.jpg True, 24, 33, 221, 13, 7
images/train/3655.jpg True, 32, 31, 107, 19, 15
images/train/3656.jpg True, 21, 33, 181, 4, 23
images/train/3657.jpg True, 26, 26, 40, 19, 21
images/train/3658.jpg True, 18, 31, 280, 15, 17
images/train/3659.jpg True, 27, 20, 251, 24, 5
images/train/3660.jpg True, 15, 32, 194, 4, 14
images/train/3661.jpg False, 0, 0, 0, 0, 0
images/train/3662.jpg True, 22, 34, 313, 23, 21
images/train/3663.jpg True, 25, 18, 61, 13, 19
images/train/3664.jpg False, 0, 0, 0, 0, 0
images/train/3665.jpg True, 30, 22, 136, 20, 4
images/train/3666.jpg False, 0, 0, 0, 0, 0
images/train/3667.jpg True, 16, 30, 50, 11, 20
images/train/3668.jpg False, 0, 0, 0, 0, 0
images/train/3669.jpg True, 16, 32, 292, 14, 17
images/train/3670.jpg True, 18, 22, 268, 6, 21
images/train/3671.jpg True, 27, 23, 333, 4, 8
images/train/3672.jpg True, 17, 29, 49, 10, 15
images/train/3673.jpg False, 0, 0, 0, 0, 0
images/train/3674.jpg True, 23, 26, 177, 21, 10
images/train/3675.jpg True, 31, 20, 26, 14, 12
images/train/3676.jpg False, 0, 0, 0, 0, 0
images/train/3677.jpg True, 31, 15, 232, 16, 5
images/train/3678.jpg True, 17, 32, 177, 18, 14
images/train/3679.jpg False, 0, 0, 0, 0, 0
images/train/3680.jpg True, 30, 34, 166, 23, 20
images/train/3681.jpg True, 18, 24, 138, 11, 9
images/train/3682.jpg True, 27, 33, 260, 16, 13
images/train/3683.jpg True, 27, 31, 313, 15, 6
images/train/3684.jpg True, 20, 32, 194, 18, 18
images/train/3685.jpg True, 18, 15, 357, 13, 14
images/train/3686.jpg True, 15, 19, 4, 10, 6
images/train/3687.jpg False, 0, 0, 0, 0, 0
images/train/3688.jpg True, 34, 34, 227, 20, 23
images/train/3689.jpg True, 22, 17, 227, 10, 4
images/train/3690.jpg True, 16, 29, 45, 16, 9
images/train/3691.jpg True, 29, 27, 12, 18, 18
images/train/3692.jpg True, 23, 31, 336, 9, 5
images/train/3693.jpg True, 28, 20, 331, 24, 5
images/train/3694.jpg True, 23, 17, 256, 9, 5
images/train/3695.jpg False, 0, 0, 0, 0, 0
images/train/3696.jpg True, 32, 28, 139, 5, 7
images/train/3697.jpg False, 0, 0, 0, 0, 0
images/train/3698.jpg True, 20, 28, 325, 7, 13
images/train/3699.jpg True, 19, 17, 328, 19, 14
images/train/3700.jpg True, 33, 17, 6, 23, 21
images/train/3701.jpg True, 30, 22, 282, 14, 21
images/train/3702.jpg True, 27, 23, 342, 9, 9
images/train/3703.jpg True, 28, 21, 226, 17, 11
images/train/3704.jpg False, 0, 0, 0, 0, 0
images/train/3705.jpg True, 31, 19, 318, 11, 13
images/train/3706.jpg True, 18, 19, 22, 22, 24
images/train/3707.jpg False, 0, 0, 0, 0, 0
images/train/3708.jpg True, 15, 21, 54, 13, 8
images/train/3709.jpg True, 29, 34, 131, 7, 3
images/train/3710.jpg True, 17, 15, 88, 4, 8
images/train/3711.jpg True, 21, 32, 88, 17, 24
images/train/3712.jpg False, 0, 0, 0, 0, 0
images/train/3713.jpg True, 32, 20, 110, 7, 19
images/train/3714.jpg False, 0, 0, 0, 0, 0
images/train/3715.jpg False, 0, 0, 0, 0, 0
images/train/3716.jpg False, 0, 0, 0, 0, 0
images/train/3717.jpg True, 15, 19, 277, 17, 21
images/train/3718.jpg False, 0, 0, 0, 0, 0
images/train/3719.jpg True, 25, 21, 161, 13, 16
images/train/3720.jpg True, 27, 23, 340, 13, 13
images/train/3721.jpg False, 0, 0, 0, 0, 0
images/train/3722.jpg True, 28, 30, 51, 21, 23
images/train/3723.jpg False, 0, 0, 0, 0, 0
images/train/3724.jpg True, 30, 18, 154, 15, 24
images/train/3725.jpg True, 26, 28, 92, 21, 4
images/train/3726.jpg False, 0, 0, 0, 0, 0
images/train/3727.jpg False, 0, 0, 0, 0, 0
images/train/3728.jpg True, 16, 25, 303, 10, 5
images/train/3729.jpg True, 19, 18, 103, 6, 22
images/train/3730.jpg True, 28, 27, 305, 4, 22
images/train/3731.jpg True, 27, 22, 305, 11, 14
images/train/3732.jpg True, 26, 29, 147, 8, 18
images/train/3733.jpg True, 32, 24, 210, 14, 13
images/train/3734.jpg True, 23, 32, 10, 15, 11
images/train/3735.jpg True, 25, 33, 62, 8, 6
images/train/3736.jpg True, 23, 29, 258, 16, 21
images/train/3737.jpg True, 24, 22, 262, 11, 23
images/train/3738.jpg True, 33, 24, 326, 23, 23
images/train/3739.jpg True, 29, 24, 178, 6, 15
images/train/3740.jpg True, 17, 20, 83, 11, 16
images/train/3741.jpg True, 16, 18, 283, 23, 9
images/train/3742.jpg True, 28, 23, 13, 4, 12
images/train/3743.jpg True, 32, 29, 92, 22, 18
images/train/3744.jpg True, 29, 28, 171, 18, 21
images/train/3745.jpg False, 0, 0, 0, 0, 0
images/train/3746.jpg False, 0, 0, 0, 0, 0
images/train/3747.jpg True, 33, 29, 84, 23, 8
images/train/3748.jpg True, 15, 31, 142, 24, 13
images/train/3749.jpg True, 32, 25, 164, 6, 12
images/train/3750.jpg True, 17, 26, 5, 16, 5
images/train/3751.jpg True, 21, 27, 58, 7, 17
images/train/3752.jpg True, 21, 28, 246, 5, 9
images/train/3753.jpg True, 22, 19, 113, 10, 9
images/train/3754.jpg False, 0, 0, 0, 0, 0
images/train/3755.jpg True, 19, 24, 89, 3, 8
images/train/3756.jpg False, 0, 0, 0, 0, 0
images/train/3757.jpg True, 26, 21, 5, 24, 17
images/train/3758.jpg True, 20, 27, 269, 3, 11
images/train/3759.jpg True, 25, 26, 97, 24, 20
images/train/3760.jpg True, 22, 15, 232, 7, 8
images/train/3761.jpg True, 18, 32, 250, 12, 19
images/train/3762.jpg True, 29, 32, 233, 9, 14
images/train/3763.jpg True, 24, 27, 117, 4, 20
images/train/3764.jpg True, 32, 25, 154, 3, 22
images/train/3765.jpg True, 20, 31, 137, 23, 24
images/train/3766.jpg True, 25, 15, 88, 16, 13
images/train/3767.jpg True, 20, 34, 53, 4, 23
images/train/3768.jpg True, 29, 15, 115, 19, 10
images/train/3769.jpg True, 32, 24, 202, 15, 4
images/train/3770.jpg False, 0, 0, 0, 0, 0
images/train/3771.jpg True, 19, 22, 98, 22, 15
images/train/3772.jpg True, 28, 20, 29, 23, 17
images/train/3773.jpg True, 31, 33, 94, 3, 4
images/train/3774.jpg True, 17, 26, 222, 9, 6
images/train/3775.jpg True, 23, 25, 112, 24, 20
images/train/3776.jpg True, 31, 30, 58, 12, 9
images/train/3777.jpg True, 19, 31, 303, 10, 18
images/train/3778.jpg True, 15, 30, 97, 15, 20
images/train/3779.jpg True, 21, 27, 281, 16, 10
images/train/3780.jpg True, 30, 34, 50, 4, 9
images/train/3781.jpg False, 0, 0, 0, 0, 0
images/train/3782.jpg True, 28, 31, 96, 16, 22
images/train/3783.jpg True, 31, 16, 300, 9, 10
images/train/3784.jpg True, 30, 16, 244, 10, 9
images/train/3785.jpg True, 17, 20, 245, 23, 11
images/train/3786.jpg False, 0, 0, 0, 0, 0
images/train/3787.jpg True, 15, 31, 111, 8, 9
images/train/3788.jpg False, 0, 0, 0, 0, 0
images/train/3789.jpg True, 26, 33, 11, 19, 7
images/train/3790.jpg True, 18, 33, 180, 15, 10
images/train/3791.jpg False, 0, 0, 0, 0, 0
images/train/3792.jpg True, 24, 15, 237, 3, 17
images/train/3793.jpg True, 32, 17, 350, 14, 11
images/train/3794.jpg True, 19, 29, 217, 3, 18
images/train/3795.jpg True, 28, 25, 88, 17, 19
images/train/3796.jpg True, 16, 31, 38, 24, 23
images/train/3797.jpg False, 0, 0, 0, 0, 0
images/train/3798.jpg False, 0, 0, 0, 0, 0
images/train/3799.jpg True, 26, 23, 130, 13, 15
images/train/3800.jpg True, 18, 22, 304, 23, 18
images/train/3801.jpg True, 22, 34, 338, 11, 17
images/train/3802.jpg True, 25, 19, 219, 15, 22
images/train/3803.jpg True, 22, 31, 252, 14, 21
images/train/3804.jpg True, 32, 16, 51, 11, 20
images/train/3805.jpg True, 16, 20, 330, 19, 15
images/train/3806.jpg True, 25, 22, 347, 19, 22
images/train/3807.jpg True, 21, 20, 277, 10, 9
images/train/3808.jpg False, 0, 0, 0, 0, 0
images/train/3809.jpg False, 0, 0, 0, 0, 0
images/train/3810.jpg False, 0, 0, 0, 0, 0
images/train/3811.jpg True, 31, 29, 235, 23, 16
images/train/3812.jpg True, 29, 27, 28, 22, 20
images/train/3813.jpg False, 0, 0, 0, 0, 0
images/train/3814.jpg True, 19, 32, 103, 18, 3
images/train/3815.jpg True, 24, 33, 252, 24, 14
images/train/3816.jpg False, 0, 0, 0, 0, 0
images/train/3817.jpg False, 0, 0, 0, 0, 0
images/train/3818.jpg False, 0, 0, 0, 0, 0
images/train/3819.jpg True, 24, 26, 339, 22, 11
images/train/3820.jpg True, 19, 30, 118, 14, 5
images/train/3821.jpg True, 19, 33, 149, 23, 17
images/train/3822.jpg True, 28, 18, 145, 11, 14
images/train/3823.jpg False, 0, 0, 0, 0, 0
images/train/3824.jpg True, 24, 33, 321, 24, 18
images/train/3825.jpg True, 21, 33, 85, 14, 6
images/train/3826.jpg False, 0, 0, 0, 0, 0
images/train/3827.jpg True, 17, 34, 187, 10, 5
images/train/3828.jpg True, 15, 29, 120, 13, 20
images/train/3829.jpg False, 0, 0, 0, 0, 0
images/train/3830.jpg False, 0, 0, 0, 0, 0
images/train/3831.jpg True, 23, 24, 39, 8, 24
images/train/3832.jpg False, 0, 0, 0, 0, 0
images/train/3833.jpg True, 25, 33, 177, 22, 7
images/train/3834.jpg True, 18, 33, 39, 20, 3
images/train/3835.jpg True, 20, 27, 284, 6, 8
images/train/3836.jpg False, 0, 0, 0, 0, 0
images/train/3837.jpg True, 33, 17, 93, 22, 14
images/train/3838.jpg True, 20, 25, 62, 8, 17
images/train/3839.jpg True, 29, 29, 135, 13, 5
images/train/3840.jpg True, 18, 16, 323, 13, 10
images/train/3841.jpg True, 27, 29, 335, 23, 21
images/train/3842.jpg True, 28, 28, 222, 13, 12
images/train/3843.jpg True, 32, 19, 195, 3, 20
images/train/3844.jpg True, 18, 28, 171, 7, 9
images/train/3845.jpg False, 0, 0, 0, 0, 0
images/train/3846.jpg True, 22, 32, 19, 3, 19
images/train/3847.jpg True, 15, 31, 344, 12, 16
images/train/3848.jpg False, 0, 0, 0, 0, 0
images/train/3849.jpg False, 0, 0, 0, 0, 0
images/train/3850.jpg True, 31, 18, 145, 11, 17
images/train/3851.jpg True, 19, 19, 316, 9, 10
images/train/3852.jpg True, 23, 22, 152, 24, 13
images/train/3853.jpg False, 0, 0, 0, 0, 0
images/train/3854.jpg True, 29, 26, 303, 16, 22
images/train/3855.jpg True, 23, 28, 131, 10, 11
images/train/3856.jpg True, 31, 25, 276, 10, 8
images/train/3857.jpg False, 0, 0, 0, 0, 0
images/train/3858.jpg False, 0, 0, 0, 0, 0
images/train/3859.jpg True, 29, 32, 169, 8, 16
images/train/3860.jpg True, 31, 16, 335, 19, 15
images/train/3861.jpg False, 0, 0, 0, 0, 0
images/train/3862.jpg True, 22, 15, 356, 19, 24
images/train/3863.jpg True, 33, 19, 89, 3, 22
images/train/3864.jpg False, 0, 0, 0, 0, 0
images/train/3865.jpg False, 0, 0, 0, 0, 0
images/train/3866.jpg True, 28, 19, 41, 17, 3
images/train/3867.jpg False, 0, 0, 0, 0, 0
images/train/3868.jpg True, 25, 22, 194, 8, 17
images/train/3869.jpg True, 31, 15, 32, 18, 24
images/train/3870.jpg False, 0, 0, 0, 0, 0
images/train/3871.jpg True, 21, 27, 2, 18, 23
images/train/3872.jpg False, 0, 0, 0, 0, 0
images/train/3873.jpg False, 0, 0, 0, 0, 0
images/train/3874.jpg True, 34, 27, 6, 24, 13
images/train/3875.jpg True, 32, 33, 206, 20, 24
images/train/3876.jpg False, 0, 0, 0, 0, 0
images/train/3877.jpg True, 18, 28, 65, 7, 10
images/train/3878.jpg True, 17, 26, 256, 5, 23
images/train/3879.jpg True, 28, 23, 319, 19, 12
images/train/3880.jpg True, 28, 27, 301, 19, 17
images/train/3881.jpg True, 20, 30, 189, 13, 5
images/train/3882.jpg True, 24, 26, 326, 3, 17
images/train/3883.jpg True, 29, 33, 216, 23, 4
images/train/3884.jpg False, 0, 0, 0, 0, 0
images/train/3885.jpg True, 25, 31, 305, 23, 21
images/train/3886.jpg True, 26, 27, 269, 13, 20
images/train/3887.jpg True, 28, 17, 330, 5, 8
images/train/3888.jpg False, 0, 0, 0, 0, 0
images/train/3889.jpg True, 15, 34, 194, 21, 8
images/train/3890.jpg True, 16, 18, 358, 22, 16
images/train/3891.jpg False, 0, 0, 0, 0, 0
images/train/3892.jpg True, 27, 19, 80, 4, 19
images/train/3893.jpg True, 22, 24, 73, 9, 7
images/train/3894.jpg True, 20, 29, 340, 3, 6
images/train/3895.jpg False, 0, 0, 0, 0, 0
images/train/3896.jpg True, 15, 17, 252, 10, 6
images/train/3897.jpg True, 24, 18, 84, 7, 17
images/train/3898.jpg False, 0, 0, 0, 0, 0
images/train/3899.jpg True, 20, 15, 57, 21, 8
images/train/3900.jpg True, 17, 25, 349, 13, 10
images/train/3901.jpg True, 31, 19, 23, 18, 16
images/train/3902.jpg True, 27, 30, 41, 3, 22
images/train/3903.jpg True, 26, 27, 352, 15, 13
images/train/3904.jpg True, 30, 19, 95, 21, 3
images/train/3905.jpg True, 31, 21, 105, 16, 3
images/train/3906.jpg True, 24, 24, 195, 14, 23
images/train/3907.jpg True, 22, 16, 325, 3, 10
images/train/3908.jpg False, 0, 0, 0, 0, 0
images/train/3909.jpg True, 29, 31, 161, 24, 10
images/train/3910.jpg True, 26, 26, 106, 13, 23
images/train/3911.jpg False, 0, 0, 0, 0, 0
images/train/3912.jpg True, 26, 16, 179, 8, 14
images/train/3913.jpg False, 0, 0, 0, 0, 0
images/train/3914.jpg False, 0, 0, 0, 0, 0
images/train/3915.jpg True, 30, 16, 73, 15, 20
images/train/3916.jpg False, 0, 0, 0, 0, 0
images/train/3917.jpg True, 31, 32, 204, 22, 19
images/train/3918.jpg False, 0, 0, 0, 0, 0
images/train/3919.jpg True, 16, 18, 350, 16, 12
images/train/3920.jpg True, 22, 32, 112, 18, 7
images/train/3921.jpg True, 31, 24, 24, 23, 6
images/train/3922.jpg False, 0, 0, 0, 0, 0
images/train/3923.jpg True, 30, 28, 21, 21, 20
images/train/3924.jpg True, 21, 22, 65, 6, 14
images/train/3925.jpg True, 31, 34, 326, 19, 23
images/train/3926.jpg True, 32, 28, 172, 14, 19
images/train/3927.jpg False, 0, 0, 0, 0, 0
images/train/3928.jpg False, 0, 0, 0, 0, 0
images/train/3929.jpg True, 31, 17, 356, 13, 18
images/train/3930.jpg False, 0, 0, 0, 0, 0
images/train/3931.jpg False, 0, 0, 0, 0, 0
images/train/3932.jpg True, 27, 19, 117, 14, 8
images/train/3933.jpg True, 28, 28, 287, 7, 9
images/train/3934.jpg True, 27, 25, 157, 9, 12
images/train/3935.jpg True, 27, 33, 297, 9, 18
images/train/3936.jpg True, 25, 19, 213, 17, 13
images/train/3937.jpg True, 26, 25, 356, 5, 19
images/train/3938.jpg True, 34, 34, 120, 24, 22
images/train/3939.jpg True, 30, 15, 54, 15, 17
images/train/3940.jpg True, 17, 26, 35, 9, 12
images/train/3941.jpg True, 28, 15, 83, 3, 24
images/train/3942.jpg True, 27, 27, 83, 23, 8
images/train/3943.jpg True, 31, 16, 119, 23, 8
images/train/3944.jpg False, 0, 0, 0, 0, 0
images/train/3945.jpg True, 25, 17, 278, 13, 18
images/train/3946.jpg False, 0, 0, 0, 0, 0
images/train/3947.jpg False, 0, 0, 0, 0, 0
images/train/3948.jpg False, 0, 0, 0, 0, 0
images/train/3949.jpg False, 0, 0, 0, 0, 0
images/train/3950.jpg True, 20, 34, 159, 3, 24
images/train/3951.jpg False, 0, 0, 0, 0, 0
images/train/3952.jpg False, 0, 0, 0, 0, 0
images/train/3953.jpg True, 28, 30, 284, 7, 19
images/train/3954.jpg True, 23, 18, 251, 21, 5
images/train/3955.jpg True, 16, 32, 164, 18, 10
images/train/3956.jpg True, 34, 29, 238, 13, 18
images/train/3957.jpg True, 22, 15, 154, 21, 23
images/train/3958.jpg True, 29, 33, 198, 5, 19
images/train/3959.jpg True, 25, 24, 243, 9, 3
images/train/3960.jpg True, 19, 19, 36, 16, 24
images/train/3961.jpg True, 30, 18, 145, 18, 10
images/train/3962.jpg True, 32, 15, 107, 15, 3
images/train/3963.jpg True, 34, 24, 14, 7, 11
images/train/3964.jpg True, 16, 18, 196, 14, 20
images/train/3965.jpg False, 0, 0, 0, 0, 0
images/train/3966.jpg True, 22, 17, 110, 7, 16
images/train/3967.jpg False, 0, 0, 0, 0, 0
images/train/3968.jpg False, 0, 0, 0, 0, 0
images/train/3969.jpg True, 18, 17, 329, 3, 3
images/train/3970.jpg True, 29, 27, 34, 17, 7
images/train/3971.jpg True, 17, 27, 214, 23, 16
images/train/3972.jpg False, 0, 0, 0, 0, 0
images/train/3973.jpg True, 20, 26, 310, 23, 14
images/train/3974.jpg False, 0, 0, 0, 0, 0
images/train/3975.jpg True, 33, 18, 57, 8, 5
images/train/3976.jpg False, 0, 0, 0, 0, 0
images/train/3977.jpg False, 0, 0, 0, 0, 0
images/train/3978.jpg True, 34, 26, 49, 19, 19
images/train/3979.jpg False, 0, 0, 0, 0, 0
images/train/3980.jpg True, 16, 15, 311, 11, 22
images/train/3981.jpg True, 16, 31, 229, 24, 18
images/train/3982.jpg True, 32, 28, 331, 22, 10
images/train/3983.jpg True, 15, 23, 62, 5, 13
images/train/3984.jpg True, 17, 32, 264, 12, 3
images/train/3985.jpg True, 21, 20, 305, 12, 11
images/train/3986.jpg False, 0, 0, 0, 0, 0
images/train/3987.jpg False, 0, 0, 0, 0, 0
images/train/3988.jpg False, 0, 0, 0, 0, 0
images/train/3989.jpg True, 22, 26, 326, 8, 20
images/train/3990.jpg False, 0, 0, 0, 0, 0
images/train/3991.jpg False, 0, 0, 0, 0, 0
images/train/3992.jpg True, 31, 24, 71, 6, 21
images/train/3993.jpg True, 27, 27, 73, 22, 3
images/train/3994.jpg True, 22, 22, 263, 14, 3
images/train/3995.jpg True, 23, 17, 292, 20, 14
images/train/3996.jpg False, 0, 0, 0, 0, 0
images/train/3997.jpg True, 24, 31, 255, 14, 17
images/train/3998.jpg True, 33, 33, 163, 17, 15
images/train/3999.jpg True, 18, 29, 200, 13, 16
images/train/4000.jpg True, 31, 32, 239, 9, 6
images/train/4001.jpg True, 31, 24, 35, 11, 22
images/train/4002.jpg True, 29, 30, 124, 20, 6
images/train/4003.jpg True, 15, 16, 301, 14, 9
images/train/4004.jpg True, 17, 31, 173, 11, 14
images/train/4005.jpg True, 15, 30, 284, 19, 17
images/train/4006.jpg False, 0, 0, 0, 0, 0
images/train/4007.jpg True, 29, 30, 88, 13, 13
images/train/4008.jpg True, 30, 16, 6, 7, 23
images/train/4009.jpg False, 0, 0, 0, 0, 0
images/train/4010.jpg False, 0, 0, 0, 0, 0
images/train/4011.jpg False, 0, 0, 0, 0, 0
images/train/4012.jpg False, 0, 0, 0, 0, 0
images/train/4013.jpg True, 27, 34, 56, 15, 19
images/train/4014.jpg False, 0, 0, 0, 0, 0
images/train/4015.jpg False, 0, 0, 0, 0, 0
images/train/4016.jpg True, 27, 24, 225, 11, 8
images/train/4017.jpg True, 34, 20, 115, 22, 6
images/train/4018.jpg True, 29, 30, 127, 7, 24
images/train/4019.jpg True, 16, 19, 258, 16, 6
images/train/4020.jpg True, 22, 22, 350, 3, 6
images/train/4021.jpg True, 33, 26, 207, 12, 7
images/train/4022.jpg True, 18, 17, 262, 5, 17
images/train/4023.jpg False, 0, 0, 0, 0, 0
images/train/4024.jpg False, 0, 0, 0, 0, 0
images/train/4025.jpg False, 0, 0, 0, 0, 0
images/train/4026.jpg False, 0, 0, 0, 0, 0
images/train/4027.jpg True, 17, 18, 77, 12, 17
images/train/4028.jpg True, 25, 25, 357, 8, 12
images/train/4029.jpg True, 31, 24, 330, 13, 5
images/train/4030.jpg True, 31, 22, 57, 15, 22
images/train/4031.jpg True, 20, 28, 308, 15, 20
images/train/4032.jpg True, 15, 28, 288, 10, 18
images/train/4033.jpg True, 28, 20, 65, 7, 18
images/train/4034.jpg True, 33, 16, 208, 13, 11
images/train/4035.jpg True, 33, 16, 348, 15, 8
images/train/4036.jpg True, 27, 21, 2, 15, 6
images/train/4037.jpg True, 18, 30, 214, 8, 13
images/train/4038.jpg True, 23, 25, 15, 6, 19
images/train/4039.jpg True, 15, 18, 258, 15, 11
images/train/4040.jpg False, 0, 0, 0, 0, 0
images/train/4041.jpg True, 27, 24, 157, 8, 9
images/train/4042.jpg True, 23, 18, 130, 4, 8
images/train/4043.jpg True, 15, 28, 251, 23, 21
images/train/4044.jpg True, 17, 20, 180, 8, 3
images/train/4045.jpg False, 0, 0, 0, 0, 0
images/train/4046.jpg True, 24, 31, 129, 14, 8
images/train/4047.jpg False, 0, 0, 0, 0, 0
images/train/4048.jpg True, 26, 24, 229, 17, 12
images/train/4049.jpg False, 0, 0, 0, 0, 0
images/train/4050.jpg True, 28, 31, 173, 14, 10
images/train/4051.jpg False, 0, 0, 0, 0, 0
images/train/4052.jpg True, 15, 22, 75, 17, 17
images/train/4053.jpg True, 28, 32, 85, 16, 7
images/train/4054.jpg False, 0, 0, 0, 0, 0
images/train/4055.jpg True, 15, 18, 194, 11, 19
images/train/4056.jpg False, 0, 0, 0, 0, 0
images/train/4057.jpg True, 29, 27, 55, 15, 22
images/train/4058.jpg False, 0, 0, 0, 0, 0
images/train/4059.jpg True, 25, 25, 215, 22, 12
images/train/4060.jpg False, 0, 0, 0, 0, 0
images/train/4061.jpg True, 31, 25, 332, 7, 8
images/train/4062.jpg True, 21, 25, 95, 11, 14
images/train/4063.jpg False, 0, 0, 0, 0, 0
images/train/4064.jpg True, 16, 20, 76, 15, 24
images/train/4065.jpg True, 21, 32, 356, 22, 9
images/train/4066.jpg False, 0, 0, 0, 0, 0
images/train/4067.jpg True, 18, 34, 22, 23, 21
images/train/4068.jpg False, 0, 0, 0, 0, 0
images/train/4069.jpg False, 0, 0, 0, 0, 0
images/train/4070.jpg True, 18, 15, 126, 8, 15
images/train/4071.jpg True, 32, 19, 39, 24, 19
images/train/4072.jpg True, 16, 31, 55, 20, 20
images/train/4073.jpg True, 34, 27, 130, 6, 5
images/train/4074.jpg True, 18, 26, 115, 21, 19
images/train/4075.jpg True, 34, 23, 120, 5, 6
images/train/4076.jpg True, 29, 28, 277, 6, 3
images/train/4077.jpg True, 23, 34, 89, 15, 15
images/train/4078.jpg True, 26, 23, 70, 3, 7
images/train/4079.jpg True, 23, 19, 100, 16, 17
images/train/4080.jpg True, 33, 28, 27, 16, 7
images/train/4081.jpg True, 31, 27, 269, 8, 11
images/train/4082.jpg False, 0, 0, 0, 0, 0
images/train/4083.jpg True, 27, 23, 343, 8, 8
images/train/4084.jpg False, 0, 0, 0, 0, 0
images/train/4085.jpg False, 0, 0, 0, 0, 0
images/train/4086.jpg True, 28, 21, 51, 14, 16
images/train/4087.jpg False, 0, 0, 0, 0, 0
images/train/4088.jpg False, 0, 0, 0, 0, 0
images/train/4089.jpg False, 0, 0, 0, 0, 0
images/train/4090.jpg True, 26, 16, 319, 9, 10
images/train/4091.jpg False, 0, 0, 0, 0, 0
images/train/4092.jpg True, 18, 17, 68, 21, 24
images/train/4093.jpg True, 30, 18, 273, 24, 12
images/train/4094.jpg True, 18, 29, 123, 11, 14
images/train/4095.jpg True, 21, 29, 339, 7, 7
images/train/4096.jpg True, 16, 15, 13, 20, 10
images/train/4097.jpg True, 29, 33, 222, 20, 13
images/train/4098.jpg False, 0, 0, 0, 0, 0
images/train/4099.jpg True, 25, 22, 65, 10, 12
images/train/4100.jpg True, 18, 17, 33, 17, 12
images/train/4101.jpg False, 0, 0, 0, 0, 0
images/train/4102.jpg True, 27, 33, 253, 4, 12
images/train/4103.jpg False, 0, 0, 0, 0, 0
images/train/4104.jpg True, 22, 31, 41, 10, 4
images/train/4105.jpg False, 0, 0, 0, 0, 0
images/train/4106.jpg True, 21, 15, 52, 3, 3
images/train/4107.jpg True, 31, 33, 266, 22, 17
images/train/4108.jpg True, 24, 22, 328, 17, 24
images/train/4109.jpg False, 0, 0, 0, 0, 0
images/train/4110.jpg True, 26, 15, 27, 13, 6
images/train/4111.jpg True, 22, 16, 95, 17, 6
images/train/4112.jpg True, 16, 28, 184, 4, 18
images/train/4113.jpg True, 29, 34, 263, 17, 5
images/train/4114.jpg True, 18, 30, 39, 20, 16
images/train/4115.jpg True, 23, 27, 232, 18, 15
images/train/4116.jpg True, 28, 27, 302, 8, 18
images/train/4117.jpg True, 29, 23, 354, 13, 21
images/train/4118.jpg True, 26, 15, 255, 15, 8
images/train/4119.jpg True, 31, 21, 104, 8, 8
images/train/4120.jpg True, 30, 22, 207, 11, 4
images/train/4121.jpg True, 23, 30, 171, 24, 7
images/train/4122.jpg True, 20, 20, 314, 4, 17
images/train/4123.jpg False, 0, 0, 0, 0, 0
images/train/4124.jpg False, 0, 0, 0, 0, 0
images/train/4125.jpg True, 28, 25, 324, 16, 5
images/train/4126.jpg True, 26, 33, 82, 10, 11
images/train/4127.jpg False, 0, 0, 0, 0, 0
images/train/4128.jpg True, 29, 16, 190, 22, 19
images/train/4129.jpg True, 22, 34, 84, 15, 16
images/train/4130.jpg True, 15, 19, 39, 17, 8
images/train/4131.jpg True, 32, 18, 162, 16, 18
images/train/4132.jpg False, 0, 0, 0, 0, 0
images/train/4133.jpg True, 27, 22, 274, 14, 18
images/train/4134.jpg True, 27, 20, 86, 9, 15
images/train/4135.jpg True, 33, 34, 231, 14, 16
images/train/4136.jpg False, 0, 0, 0, 0, 0
images/train/4137.jpg True, 19, 18, 88, 15, 21
images/train/4138.jpg True, 29, 34, 232, 5, 12
images/train/4139.jpg True, 18, 29, 313, 14, 19
images/train/4140.jpg True, 30, 20, 285, 12, 12
images/train/4141.jpg True, 28, 30, 258, 13, 15
images/train/4142.jpg False, 0, 0, 0, 0, 0
images/train/4143.jpg True, 18, 33, 331, 12, 11
images/train/4144.jpg False, 0, 0, 0, 0, 0
images/train/4145.jpg True, 21, 34, 72, 7, 3
images/train/4146.jpg True, 32, 30, 63, 11, 21
images/train/4147.jpg True, 17, 22, 55, 3, 10
images/train/4148.jpg True, 32, 27, 132, 21, 13
images/train/4149.jpg True, 19, 33, 288, 3, 24
images/train/4150.jpg True, 18, 22, 271, 19, 18
images/train/4151.jpg True, 17, 26, 183, 14, 4
images/train/4152.jpg True, 22, 23, 88, 5, 21
images/train/4153.jpg True, 33, 21, 165, 4, 5
images/train/4154.jpg True, 34, 16, 205, 5, 18
images/train/4155.jpg True, 19, 18, 290, 11, 23
images/train/4156.jpg True, 31, 29, 344, 20, 13
images/train/4157.jpg True, 34, 16, 70, 3, 18
images/train/4158.jpg False, 0, 0, 0, 0, 0
images/train/4159.jpg True, 19, 30, 94, 16, 14
images/train/4160.jpg True, 16, 26, 208, 5, 11
images/train/4161.jpg False, 0, 0, 0, 0, 0
images/train/4162.jpg False, 0, 0, 0, 0, 0
images/train/4163.jpg True, 22, 27, 159, 10, 6
images/train/4164.jpg False, 0, 0, 0, 0, 0
images/train/4165.jpg True, 29, 32, 185, 8, 23
images/train/4166.jpg True, 17, 27, 194, 6, 11
images/train/4167.jpg True, 20, 16, 186, 22, 17
images/train/4168.jpg True, 15, 18, 128, 3, 20
images/train/4169.jpg False, 0, 0, 0, 0, 0
images/train/4170.jpg False, 0, 0, 0, 0, 0
images/train/4171.jpg False, 0, 0, 0, 0, 0
images/train/4172.jpg True, 32, 26, 185, 4, 4
images/train/4173.jpg True, 25, 20, 295, 24, 8
images/train/4174.jpg True, 26, 19, 206, 16, 8
images/train/4175.jpg True, 15, 27, 290, 20, 13
images/train/4176.jpg False, 0, 0, 0, 0, 0
images/train/4177.jpg False, 0, 0, 0, 0, 0
images/train/4178.jpg True, 31, 30, 102, 7, 17
images/train/4179.jpg False, 0, 0, 0, 0, 0
images/train/4180.jpg True, 27, 25, 160, 10, 21
images/train/4181.jpg True, 32, 18, 22, 15, 7
images/train/4182.jpg True, 33, 31, 59, 22, 16
images/train/4183.jpg True, 22, 31, 60, 6, 19
images/train/4184.jpg True, 23, 25, 100, 5, 7
images/train/4185.jpg True, 26, 21, 308, 17, 21
images/train/4186.jpg True, 15, 16, 277, 9, 14
images/train/4187.jpg True, 20, 27, 7, 6, 23
images/train/4188.jpg True, 20, 15, 186, 24, 7
images/train/4189.jpg False, 0, 0, 0, 0, 0
images/train/4190.jpg True, 28, 21, 41, 22, 6
images/train/4191.jpg True, 23, 19, 295, 22, 12
images/train/4192.jpg False, 0, 0, 0, 0, 0
images/train/4193.jpg False, 0, 0, 0, 0, 0
images/train/4194.jpg True, 34, 34, 98, 3, 22
images/train/4195.jpg True, 24, 30, 249, 6, 21
images/train/4196.jpg True, 34, 31, 186, 4, 19
images/train/4197.jpg True, 29, 30, 42, 21, 4
images/train/4198.jpg True, 33, 19, 58, 17, 11
images/train/4199.jpg False, 0, 0, 0, 0, 0
images/train/4200.jpg False, 0, 0, 0, 0, 0
images/train/4201.jpg True, 29, 31, 240, 23, 24
images/train/4202.jpg True, 34, 21, 151, 18, 20
images/train/4203.jpg False, 0, 0, 0, 0, 0
images/train/4204.jpg True, 34, 18, 111, 14, 17
images/train/4205.jpg True, 23, 20, 132, 19, 20
images/train/4206.jpg False, 0, 0, 0, 0, 0
images/train/4207.jpg True, 24, 25, 330, 16, 5
images/train/4208.jpg False, 0, 0, 0, 0, 0
images/train/4209.jpg True, 32, 28, 227, 12, 22
images/train/4210.jpg True, 28, 19, 41, 19, 9
images/train/4211.jpg False, 0, 0, 0, 0, 0
images/train/4212.jpg True, 34, 28, 83, 14, 19
images/train/4213.jpg True, 31, 31, 215, 14, 15
images/train/4214.jpg False, 0, 0, 0, 0, 0
images/train/4215.jpg True, 27, 18, 61, 9, 18
images/train/4216.jpg False, 0, 0, 0, 0, 0
images/train/4217.jpg True, 23, 29, 148, 18, 5
images/train/4218.jpg True, 20, 33, 208, 8, 13
images/train/4219.jpg False, 0, 0, 0, 0, 0
images/train/4220.jpg True, 20, 16, 64, 5, 20
images/train/4221.jpg True, 31, 16, 172, 7, 9
images/train/4222.jpg True, 20, 21, 312, 10, 20
images/train/4223.jpg True, 30, 15, 96, 10, 12
images/train/4224.jpg True, 31, 33, 195, 9, 14
images/train/4225.jpg True, 29, 22, 141, 21, 19
images/train/4226.jpg False, 0, 0, 0, 0, 0
images/train/4227.jpg False, 0, 0, 0, 0, 0
images/train/4228.jpg False, 0, 0, 0, 0, 0
images/train/4229.jpg True, 32, 30, 199, 21, 17
images/train/4230.jpg True, 18, 31, 150, 5, 9
images/train/4231.jpg True, 33, 15, 179, 16, 6
images/train/4232.jpg True, 20, 25, 37, 11, 4
images/train/4233.jpg True, 32, 22, 269, 3, 23
images/train/4234.jpg True, 25, 25, 150, 4, 21
images/train/4235.jpg True, 22, 31, 36, 18, 4
images/train/4236.jpg False, 0, 0, 0, 0, 0
images/train/4237.jpg True, 26, 20, 242, 24, 4
images/train/4238.jpg False, 0, 0, 0, 0, 0
images/train/4239.jpg False, 0, 0, 0, 0, 0
images/train/4240.jpg True, 24, 22, 103, 8, 18
images/train/4241.jpg True, 24, 21, 345, 8, 10
images/train/4242.jpg True, 32, 26, 140, 7, 16
images/train/4243.jpg True, 34, 29, 103, 24, 24
images/train/4244.jpg True, 30, 29, 345, 13, 16
images/train/4245.jpg True, 25, 33, 148, 8, 16
images/train/4246.jpg True, 26, 29, 73, 10, 15
images/train/4247.jpg True, 20, 28, 344, 14, 5
images/train/4248.jpg False, 0, 0, 0, 0, 0
images/train/4249.jpg True, 16, 19, 305, 10, 20
images/train/4250.jpg False, 0, 0, 0, 0, 0
images/train/4251.jpg True, 26, 31, 230, 24, 20
images/train/4252.jpg True, 22, 32, 310, 17, 6
images/train/4253.jpg True, 24, 24, 350, 14, 11
images/train/4254.jpg False, 0, 0, 0, 0, 0
images/train/4255.jpg False, 0, 0, 0, 0, 0
images/train/4256.jpg True, 30, 21, 240, 17, 6
images/train/4257.jpg False, 0, 0, 0, 0, 0
images/train/4258.jpg True, 32, 21, 236, 18, 24
images/train/4259.jpg True, 24, 21, 106, 4, 15
images/train/4260.jpg True, 32, 32, 135, 7, 20
images/train/4261.jpg False, 0, 0, 0, 0, 0
images/train/4262.jpg True, 29, 18, 326, 18, 21
images/train/4263.jpg True, 31, 20, 4, 21, 12
images/train/4264.jpg True, 25, 18, 219, 18, 20
images/train/4265.jpg True, 29, 25, 123, 3, 8
images/train/4266.jpg True, 19, 23, 244, 9, 15
images/train/4267.jpg True, 20, 17, 112, 9, 22
images/train/4268.jpg True, 28, 26, 252, 14, 3
images/train/4269.jpg True, 30, 16, 36, 12, 13
images/train/4270.jpg False, 0, 0, 0, 0, 0
images/train/4271.jpg True, 17, 27, 2, 21, 11
images/train/4272.jpg False, 0, 0, 0, 0, 0
images/train/4273.jpg True, 23, 16, 200, 3, 21
images/train/4274.jpg True, 32, 27, 227, 18, 7
images/train/4275.jpg True, 19, 27, 93, 9, 14
images/train/4276.jpg True, 21, 18, 335, 10, 23
images/train/4277.jpg False, 0, 0, 0, 0, 0
images/train/4278.jpg False, 0, 0, 0, 0, 0
images/train/4279.jpg False, 0, 0, 0, 0, 0
images/train/4280.jpg True, 29, 31, 134, 6, 3
images/train/4281.jpg False, 0, 0, 0, 0, 0
images/train/4282.jpg True, 15, 20, 191, 22, 20
images/train/4283.jpg True, 34, 22, 61, 10, 18
images/train/4284.jpg True, 18, 28, 310, 15, 6
images/train/4285.jpg False, 0, 0, 0, 0, 0
images/train/4286.jpg True, 17, 20, 160, 17, 16
images/train/4287.jpg False, 0, 0, 0, 0, 0
images/train/4288.jpg True, 15, 27, 56, 13, 5
images/train/4289.jpg True, 32, 33, 113, 24, 16
images/train/4290.jpg True, 15, 33, 174, 23, 9
images/train/4291.jpg True, 25, 16, 289, 8, 14
images/train/4292.jpg True, 20, 16, 245, 20, 17
images/train/4293.jpg True, 16, 22, 224, 5, 22
images/train/4294.jpg False, 0, 0, 0, 0, 0
images/train/4295.jpg False, 0, 0, 0, 0, 0
images/train/4296.jpg True, 18, 32, 7, 13, 24
images/train/4297.jpg True, 31, 18, 334, 23, 17
images/train/4298.jpg True, 30, 33, 147, 21, 8
images/train/4299.jpg True, 18, 29, 211, 7, 18
images/train/4300.jpg True, 34, 28, 137, 21, 19
images/train/4301.jpg False, 0, 0, 0, 0, 0
images/train/4302.jpg True, 18, 34, 310, 10, 23
images/train/4303.jpg True, 17, 16, 87, 22, 9
images/train/4304.jpg True, 24, 26, 353, 15, 6
images/train/4305.jpg True, 27, 18, 42, 18, 7
images/train/4306.jpg True, 20, 31, 102, 20, 13
images/train/4307.jpg False, 0, 0, 0, 0, 0
images/train/4308.jpg True, 33, 21, 117, 9, 22
images/train/4309.jpg False, 0, 0, 0, 0, 0
images/train/4310.jpg False, 0, 0, 0, 0, 0
images/train/4311.jpg True, 16, 20, 344, 22, 4
images/train/4312.jpg False, 0, 0, 0, 0, 0
images/train/4313.jpg False, 0, 0, 0, 0, 0
images/train/4314.jpg True, 18, 25, 330, 8, 4
images/train/4315.jpg True, 18, 20, 223, 23, 22
images/train/4316.jpg True, 16, 21, 64, 19, 19
images/train/4317.jpg True, 20, 20, 349, 22, 11
images/train/4318.jpg True, 26, 16, 320, 13, 17
images/train/4319.jpg True, 20, 16, 36, 5, 5
images/train/4320.jpg True, 25, 30, 2, 20, 8
images/train/4321.jpg True, 33, 18, 126, 22, 16
images/train/4322.jpg False, 0, 0, 0, 0, 0
images/train/4323.jpg True, 29, 17, 46, 20, 16
images/train/4324.jpg True, 20, 29, 12, 14, 7
images/train/4325.jpg True, 22, 32, 254, 17, 13
images/train/4326.jpg True, 24, 34, 117, 22, 12
images/train/4327.jpg False, 0, 0, 0, 0, 0
images/train/4328.jpg False, 0, 0, 0, 0, 0
images/train/4329.jpg False, 0, 0, 0, 0, 0
images/train/4330.jpg True, 32, 28, 295, 9, 20
images/train/4331.jpg True, 25, 30, 185, 13, 13
images/train/4332.jpg True, 17, 34, 339, 8, 22
images/train/4333.jpg True, 25, 17, 287, 10, 11
images/train/4334.jpg True, 17, 27, 72, 7, 5
images/train/4335.jpg True, 29, 32, 21, 8, 17
images/train/4336.jpg True, 19, 30, 55, 13, 18
images/train/4337.jpg True, 24, 33, 213, 16, 17
images/train/4338.jpg False, 0, 0, 0, 0, 0
images/train/4339.jpg True, 23, 31, 335, 6, 19
images/train/4340.jpg True, 32, 17, 289, 11, 17
images/train/4341.jpg True, 19, 34, 237, 20, 24
images/train/4342.jpg False, 0, 0, 0, 0, 0
images/train/4343.jpg False, 0, 0, 0, 0, 0
images/train/4344.jpg False, 0, 0, 0, 0, 0
images/train/4345.jpg True, 19, 23, 122, 22, 11
images/train/4346.jpg False, 0, 0, 0, 0, 0
images/train/4347.jpg True, 20, 34, 352, 22, 21
images/train/4348.jpg True, 20, 32, 262, 13, 19
images/train/4349.jpg False, 0, 0, 0, 0, 0
images/train/4350.jpg True, 20, 20, 305, 16, 16
images/train/4351.jpg True, 28, 20, 72, 16, 14
images/train/4352.jpg True, 26, 32, 289, 24, 19
images/train/4353.jpg False, 0, 0, 0, 0, 0
images/train/4354.jpg True, 33, 23, 87, 24, 16
images/train/4355.jpg True, 25, 17, 85, 18, 12
images/train/4356.jpg True, 33, 31, 87, 12, 6
images/train/4357.jpg False, 0, 0, 0, 0, 0
images/train/4358.jpg True, 17, 24, 42, 7, 4
images/train/4359.jpg True, 28, 19, 91, 8, 19
images/train/4360.jpg True, 22, 24, 340, 15, 8
images/train/4361.jpg True, 20, 31, 26, 24, 21
images/train/4362.jpg True, 22, 23, 79, 21, 14
images/train/4363.jpg False, 0, 0, 0, 0, 0
images/train/4364.jpg False, 0, 0, 0, 0, 0
images/train/4365.jpg True, 33, 30, 350, 24, 16
images/train/4366.jpg True, 19, 22, 245, 11, 9
images/train/4367.jpg False, 0, 0, 0, 0, 0
images/train/4368.jpg True, 34, 26, 261, 13, 8
images/train/4369.jpg True, 23, 22, 307, 24, 3
images/train/4370.jpg True, 16, 32, 14, 8, 6
images/train/4371.jpg False, 0, 0, 0, 0, 0
images/train/4372.jpg True, 18, 27, 302, 4, 18
images/train/4373.jpg False, 0, 0, 0, 0, 0
images/train/4374.jpg False, 0, 0, 0, 0, 0
images/train/4375.jpg True, 19, 22, 2, 15, 7
images/train/4376.jpg False, 0, 0, 0, 0, 0
images/train/4377.jpg True, 19, 29, 230, 10, 20
images/train/4378.jpg True, 23, 26, 15, 5, 15
images/train/4379.jpg False, 0, 0, 0, 0, 0
images/train/4380.jpg False, 0, 0, 0, 0, 0
images/train/4381.jpg True, 19, 31, 344, 3, 9
images/train/4382.jpg True, 30, 34, 213, 3, 10
images/train/4383.jpg True, 18, 16, 335, 10, 9
images/train/4384.jpg True, 30, 22, 6, 13, 9
images/train/4385.jpg True, 16, 32, 252, 6, 7
images/train/4386.jpg False, 0, 0, 0, 0, 0
images/train/4387.jpg False, 0, 0, 0, 0, 0
images/train/4388.jpg True, 19, 34, 144, 21, 3
images/train/4389.jpg False, 0, 0, 0, 0, 0
images/train/4390.jpg True, 20, 16, 270, 7, 4
images/train/4391.jpg False, 0, 0, 0, 0, 0
images/train/4392.jpg True, 33, 33, 354, 16, 13
images/train/4393.jpg True, 15, 16, 188, 4, 19
images/train/4394.jpg True, 26, 26, 105, 18, 20
images/train/4395.jpg False, 0, 0, 0, 0, 0
images/train/4396.jpg True, 18, 26, 45, 13, 10
images/train/4397.jpg False, 0, 0, 0, 0, 0
images/train/4398.jpg False, 0, 0, 0, 0, 0
images/train/4399.jpg False, 0, 0, 0, 0, 0
images/train/4400.jpg False, 0, 0, 0, 0, 0
images/train/4401.jpg True, 20, 21, 147, 19, 16
images/train/4402.jpg False, 0, 0, 0, 0, 0
images/train/4403.jpg False, 0, 0, 0, 0, 0
images/train/4404.jpg False, 0, 0, 0, 0, 0
images/train/4405.jpg True, 27, 30, 355, 6, 6
images/train/4406.jpg True, 31, 18, 212, 18, 3
images/train/4407.jpg True, 25, 32, 144, 16, 24
images/train/4408.jpg True, 32, 31, 265, 21, 15
images/train/4409.jpg False, 0, 0, 0, 0, 0
images/train/4410.jpg True, 17, 33, 170, 9, 23
images/train/4411.jpg False, 0, 0, 0, 0, 0
images/train/4412.jpg True, 19, 16, 78, 4, 24
images/train/4413.jpg True, 21, 20, 193, 13, 8
images/train/4414.jpg False, 0, 0, 0, 0, 0
images/train/4415.jpg True, 29, 20, 317, 19, 6
images/train/4416.jpg True, 22, 25, 285, 18, 22
images/train/4417.jpg False, 0, 0, 0, 0, 0
images/train/4418.jpg False, 0, 0, 0, 0, 0
images/train/4419.jpg True, 32, 27, 22, 18, 13
images/train/4420.jpg True, 18, 21, 331, 7, 13
images/train/4421.jpg True, 27, 29, 236, 11, 15
images/train/4422.jpg False, 0, 0, 0, 0, 0
images/train/4423.jpg True, 26, 19, 229, 3, 6
images/train/4424.jpg True, 33, 27, 346, 5, 15
images/train/4425.jpg True, 32, 16, 299, 7, 10
images/train/4426.jpg True, 18, 34, 311, 8, 22
images/train/4427.jpg True, 24, 21, 310, 13, 19
images/train/4428.jpg True, 15, 23, 18, 4, 16
images/train/4429.jpg False, 0, 0, 0, 0, 0
images/train/4430.jpg False, 0, 0, 0, 0, 0
images/train/4431.jpg False, 0, 0, 0, 0, 0
images/train/4432.jpg True, 20, 23, 245, 7, 5
images/train/4433.jpg False, 0, 0, 0, 0, 0
images/train/4434.jpg False, 0, 0, 0, 0, 0
images/train/4435.jpg False, 0, 0, 0, 0, 0
images/train/4436.jpg False, 0, 0, 0, 0, 0
images/train/4437.jpg True, 32, 26, 78, 10, 23
images/train/4438.jpg False, 0, 0, 0, 0, 0
images/train/4439.jpg True, 23, 29, 261, 3, 13
images/train/4440.jpg True, 28, 28, 185, 6, 18
images/train/4441.jpg True, 28, 21, 228, 15, 8
images/train/4442.jpg True, 23, 29, 350, 10, 23
images/train/4443.jpg True, 18, 24, 124, 5, 21
images/train/4444.jpg True, 16, 19, 224, 14, 10
images/train/4445.jpg False, 0, 0, 0, 0, 0
images/train/4446.jpg True, 33, 22, 107, 6, 18
images/train/4447.jpg False, 0, 0, 0, 0, 0
images/train/4448.jpg True, 21, 22, 175, 24, 14
images/train/4449.jpg True, 18, 31, 260, 16, 18
images/train/4450.jpg True, 19, 20, 57, 18, 13
images/train/4451.jpg True, 28, 33, 65, 14, 8
images/train/4452.jpg True, 33, 20, 102, 24, 20
images/train/4453.jpg True, 22, 27, 47, 18, 5
images/train/4454.jpg True, 17, 23, 50, 11, 24
images/train/4455.jpg True, 15, 32, 77, 14, 12
images/train/4456.jpg True, 23, 21, 195, 3, 7
images/train/4457.jpg True, 30, 34, 173, 20, 8
images/train/4458.jpg False, 0, 0, 0, 0, 0
images/train/4459.jpg True, 30, 15, 121, 7, 3
images/train/4460.jpg False, 0, 0, 0, 0, 0
images/train/4461.jpg False, 0, 0, 0, 0, 0
images/train/4462.jpg False, 0, 0, 0, 0, 0
images/train/4463.jpg True, 24, 28, 293, 22, 23
images/train/4464.jpg True, 29, 26, 37, 11, 15
images/train/4465.jpg True, 21, 20, 261, 16, 24
images/train/4466.jpg True, 26, 27, 96, 11, 6
images/train/4467.jpg False, 0, 0, 0, 0, 0
images/train/4468.jpg True, 33, 25, 204, 13, 20
images/train/4469.jpg False, 0, 0, 0, 0, 0
images/train/4470.jpg True, 31, 20, 95, 16, 3
images/train/4471.jpg False, 0, 0, 0, 0, 0
images/train/4472.jpg True, 26, 26, 131, 11, 4
images/train/4473.jpg False, 0, 0, 0, 0, 0
images/train/4474.jpg True, 34, 26, 265, 21, 15
images/train/4475.jpg True, 18, 19, 344, 8, 5
images/train/4476.jpg True, 20, 30, 330, 14, 16
images/train/4477.jpg True, 18, 16, 255, 15, 21
images/train/4478.jpg True, 25, 15, 184, 18, 5
images/train/4479.jpg False, 0, 0, 0, 0, 0
images/train/4480.jpg True, 31, 29, 77, 19, 19
images/train/4481.jpg False, 0, 0, 0, 0, 0
images/train/4482.jpg True, 18, 16, 216, 9, 22
images/train/4483.jpg True, 24, 34, 124, 16, 21
images/train/4484.jpg True, 16, 26, 350, 7, 21
images/train/4485.jpg True, 28, 22, 311, 8, 23
images/train/4486.jpg True, 23, 26, 92, 22, 18
images/train/4487.jpg True, 19, 26, 271, 17, 22
images/train/4488.jpg True, 18, 25, 78, 10, 14
images/train/4489.jpg True, 34, 31, 64, 10, 14
images/train/4490.jpg False, 0, 0, 0, 0, 0
images/train/4491.jpg True, 30, 22, 202, 10, 24
images/train/4492.jpg True, 25, 18, 122, 16, 12
images/train/4493.jpg True, 24, 21, 183, 11, 18
images/train/4494.jpg True, 23, 31, 277, 19, 22
images/train/4495.jpg False, 0, 0, 0, 0, 0
images/train/4496.jpg True, 26, 28, 321, 8, 20
images/train/4497.jpg True, 27, 28, 322, 13, 4
images/train/4498.jpg True, 33, 20, 27, 12, 12
images/train/4499.jpg True, 32, 29, 65, 3, 18
images/train/4500.jpg True, 17, 22, 25, 23, 5
images/train/4501.jpg True, 32, 26, 96, 8, 9
images/train/4502.jpg True, 27, 15, 4, 15, 8
images/train/4503.jpg True, 27, 15, 320, 4, 11
images/train/4504.jpg True, 22, 26, 12, 21, 21
images/train/4505.jpg True, 33, 18, 315, 14, 16
images/train/4506.jpg False, 0, 0, 0, 0, 0
images/train/4507.jpg True, 25, 16, 106, 23, 14
images/train/4508.jpg True, 33, 33, 192, 17, 17
images/train/4509.jpg True, 34, 31, 91, 4, 15
images/train/4510.jpg True, 33, 20, 345, 12, 19
images/train/4511.jpg False, 0, 0, 0, 0, 0
images/train/4512.jpg True, 28, 28, 164, 8, 17
images/train/4513.jpg True, 24, 34, 264, 4, 23
images/train/4514.jpg True, 23, 18, 26, 7, 3
images/train/4515.jpg True, 24, 15, 45, 11, 14
images/train/4516.jpg True, 29, 18, 72, 8, 16
images/train/4517.jpg False, 0, 0, 0, 0, 0
images/train/4518.jpg True, 34, 29, 317, 5, 4
images/train/4519.jpg True, 31, 23, 23, 11, 19
images/train/4520.jpg True, 23, 23, 128, 4, 12
images/train/4521.jpg False, 0, 0, 0, 0, 0
images/train/4522.jpg True, 19, 25, 154, 19, 20
images/train/4523.jpg True, 18, 20, 55, 23, 11
images/train/4524.jpg True, 22, 28, 197, 10, 11
images/train/4525.jpg True, 19, 24, 321, 20, 24
images/train/4526.jpg True, 30, 32, 274, 3, 12
images/train/4527.jpg True, 17, 31, 180, 5, 18
images/train/4528.jpg True, 29, 27, 149, 20, 15
images/train/4529.jpg True, 34, 17, 205, 14, 3
images/train/4530.jpg False, 0, 0, 0, 0, 0
images/train/4531.jpg True, 34, 17, 292, 11, 14
images/train/4532.jpg True, 16, 18, 55, 14, 17
images/train/4533.jpg True, 28, 18, 331, 9, 22
images/train/4534.jpg True, 26, 24, 266, 23, 18
images/train/4535.jpg True, 34, 32, 263, 11, 15
images/train/4536.jpg False, 0, 0, 0, 0, 0
images/train/4537.jpg True, 18, 33, 40, 9, 5
images/train/4538.jpg True, 21, 30, 220, 6, 19
images/train/4539.jpg True, 20, 26, 268, 5, 17
images/train/4540.jpg True, 16, 34, 285, 21, 9
images/train/4541.jpg True, 18, 19, 125, 20, 3
images/train/4542.jpg False, 0, 0, 0, 0, 0
images/train/4543.jpg True, 34, 19, 268, 19, 4
images/train/4544.jpg True, 25, 25, 134, 13, 7
images/train/4545.jpg True, 31, 19, 156, 17, 17
images/train/4546.jpg True, 26, 18, 349, 18, 17
images/train/4547.jpg True, 34, 30, 37, 5, 12
images/train/4548.jpg True, 34, 22, 155, 13, 23
images/train/4549.jpg False, 0, 0, 0, 0, 0
images/train/4550.jpg True, 28, 17, 275, 8, 9
images/train/4551.jpg True, 17, 16, 40, 4, 13
images/train/4552.jpg True, 30, 34, 294, 18, 3
images/train/4553.jpg True, 32, 28, 297, 3, 23
images/train/4554.jpg True, 22, 30, 92, 12, 16
images/train/4555.jpg False, 0, 0, 0, 0, 0
images/train/4556.jpg True, 17, 31, 96, 9, 8
images/train/4557.jpg True, 31, 32, 15, 5, 15
images/train/4558.jpg False, 0, 0, 0, 0, 0
images/train/4559.jpg False, 0, 0, 0, 0, 0
images/train/4560.jpg True, 29, 21, 175, 9, 3
images/train/4561.jpg True, 28, 23, 226, 21, 11
images/train/4562.jpg False, 0, 0, 0, 0, 0
images/train/4563.jpg False, 0, 0, 0, 0, 0
images/train/4564.jpg False, 0, 0, 0, 0, 0
images/train/4565.jpg True, 22, 19, 106, 23, 22
images/train/4566.jpg True, 31, 28, 196, 18, 15
images/train/4567.jpg True, 29, 24, 211, 20, 5
images/train/4568.jpg True, 33, 24, 285, 11, 5
images/train/4569.jpg True, 33, 31, 155, 19, 4
images/train/4570.jpg True, 17, 22, 123, 4, 13
images/train/4571.jpg True, 23, 23, 9, 13, 14
images/train/4572.jpg True, 19, 21, 302, 24, 16
images/train/4573.jpg False, 0, 0, 0, 0, 0
images/train/4574.jpg True, 22, 27, 158, 9, 23
images/train/4575.jpg True, 27, 23, 283, 22, 7
images/train/4576.jpg False, 0, 0, 0, 0, 0
images/train/4577.jpg False, 0, 0, 0, 0, 0
images/train/4578.jpg True, 25, 19, 220, 9, 17
images/train/4579.jpg False, 0, 0, 0, 0, 0
images/train/4580.jpg True, 30, 28, 345, 24, 24
images/train/4581.jpg True, 29, 29, 174, 24, 16
images/train/4582.jpg True, 17, 26, 229, 16, 13
images/train/4583.jpg True, 17, 30, 105, 18, 12
images/train/4584.jpg False, 0, 0, 0, 0, 0
images/train/4585.jpg True, 17, 18, 310, 17, 24
images/train/4586.jpg True, 17, 20, 197, 15, 22
images/train/4587.jpg False, 0, 0, 0, 0, 0
images/train/4588.jpg False, 0, 0, 0, 0, 0
images/train/4589.jpg True, 27, 20, 144, 6, 17
images/train/4590.jpg True, 31, 26, 34, 9, 19
images/train/4591.jpg False, 0, 0, 0, 0, 0
images/train/4592.jpg True, 27, 20, 59, 6, 8
images/train/4593.jpg True, 23, 33, 81, 23, 19
images/train/4594.jpg False, 0, 0, 0, 0, 0
images/train/4595.jpg True, 30, 16, 193, 15, 17
images/train/4596.jpg False, 0, 0, 0, 0, 0
images/train/4597.jpg False, 0, 0, 0, 0, 0
images/train/4598.jpg False, 0, 0, 0, 0, 0
images/train/4599.jpg True, 19, 29, 291, 5, 5
images/train/4600.jpg False, 0, 0, 0, 0, 0
images/train/4601.jpg True, 23, 21, 295, 14, 5
images/train/4602.jpg True, 25, 25, 50, 4, 19
images/train/4603.jpg True, 24, 18, 27, 14, 23
images/train/4604.jpg True, 27, 20, 113, 21, 22
images/train/4605.jpg False, 0, 0, 0, 0, 0
images/train/4606.jpg False, 0, 0, 0, 0, 0
images/train/4607.jpg False, 0, 0, 0, 0, 0
images/train/4608.jpg False, 0, 0, 0, 0, 0
images/train/4609.jpg True, 20, 22, 356, 23, 12
images/train/4610.jpg True, 15, 17, 41, 6, 11
images/train/4611.jpg True, 28, 31, 239, 8, 21
images/train/4612.jpg True, 32, 20, 111, 23, 23
images/train/4613.jpg True, 18, 16, 167, 10, 6
images/train/4614.jpg False, 0, 0, 0, 0, 0
images/train/4615.jpg True, 15, 16, 236, 13, 6
images/train/4616.jpg True, 24, 25, 341, 7, 6
images/train/4617.jpg True, 18, 22, 241, 12, 7
images/train/4618.jpg False, 0, 0, 0, 0, 0
images/train/4619.jpg True, 29, 29, 210, 18, 11
images/train/4620.jpg True, 18, 26, 73, 20, 4
images/train/4621.jpg True, 15, 33, 37, 6, 16
images/train/4622.jpg True, 27, 15, 127, 24, 17
images/train/4623.jpg True, 28, 32, 292, 12, 12
images/train/4624.jpg True, 30, 17, 48, 19, 10
images/train/4625.jpg False, 0, 0, 0, 0, 0
images/train/4626.jpg True, 19, 26, 58, 10, 6
images/train/4627.jpg True, 25, 17, 111, 8, 6
images/train/4628.jpg True, 16, 33, 61, 24, 19
images/train/4629.jpg True, 32, 29, 131, 21, 22
images/train/4630.jpg False, 0, 0, 0, 0, 0
images/train/4631.jpg True, 25, 27, 227, 22, 16
images/train/4632.jpg True, 22, 15, 1, 8, 14
images/train/4633.jpg True, 32, 23, 67, 9, 24
images/train/4634.jpg True, 34, 18, 292, 4, 20
images/train/4635.jpg False, 0, 0, 0, 0, 0
images/train/4636.jpg True, 24, 25, 4, 7, 17
images/train/4637.jpg True, 23, 31, 80, 21, 7
images/train/4638.jpg True, 19, 28, 150, 18, 17
images/train/4639.jpg True, 20, 17, 13, 10, 4
images/train/4640.jpg False, 0, 0, 0, 0, 0
images/train/4641.jpg True, 34, 29, 287, 23, 21
images/train/4642.jpg True, 17, 25, 313, 15, 19
images/train/4643.jpg True, 15, 29, 242, 22, 7
images/train/4644.jpg False, 0, 0, 0, 0, 0
images/train/4645.jpg False, 0, 0, 0, 0, 0
images/train/4646.jpg False, 0, 0, 0, 0, 0
images/train/4647.jpg False, 0, 0, 0, 0, 0
images/train/4648.jpg False, 0, 0, 0, 0, 0
images/train/4649.jpg True, 18, 26, 94, 20, 12
images/train/4650.jpg True, 19, 26, 322, 3, 21
images/train/4651.jpg True, 22, 15, 12, 8, 22
images/train/4652.jpg True, 33, 34, 227, 3, 20
images/train/4653.jpg True, 16, 17, 70, 17, 20
images/train/4654.jpg True, 25, 20, 301, 12, 19
images/train/4655.jpg True, 21, 32, 46, 5, 15
images/train/4656.jpg True, 24, 16, 188, 20, 16
images/train/4657.jpg True, 17, 17, 189, 13, 18
images/train/4658.jpg True, 29, 18, 174, 15, 24
images/train/4659.jpg True, 32, 27, 120, 10, 11
images/train/4660.jpg True, 16, 20, 347, 3, 21
images/train/4661.jpg True, 32, 29, 207, 18, 16
images/train/4662.jpg True, 18, 16, 241, 7, 24
images/train/4663.jpg True, 21, 19, 203, 18, 21
images/train/4664.jpg True, 30, 25, 135, 22, 14
images/train/4665.jpg True, 16, 32, 251, 11, 13
images/train/4666.jpg True, 21, 17, 346, 22, 18
images/train/4667.jpg True, 15, 17, 92, 3, 9
images/train/4668.jpg True, 32, 34, 150, 9, 21
images/train/4669.jpg True, 15, 22, 120, 4, 8
images/train/4670.jpg True, 23, 17, 359, 8, 13
images/train/4671.jpg False, 0, 0, 0, 0, 0
images/train/4672.jpg True, 27, 21, 59, 8, 16
images/train/4673.jpg True, 23, 23, 196, 5, 23
images/train/4674.jpg True, 31, 18, 257, 14, 19
images/train/4675.jpg True, 18, 24, 130, 21, 17
images/train/4676.jpg False, 0, 0, 0, 0, 0
images/train/4677.jpg True, 17, 27, 188, 10, 23
images/train/4678.jpg True, 26, 34, 323, 15, 4
images/train/4679.jpg True, 31, 17, 257, 5, 5
images/train/4680.jpg True, 22, 15, 244, 7, 5
images/train/4681.jpg False, 0, 0, 0, 0, 0
images/train/4682.jpg True, 20, 29, 190, 16, 18
images/train/4683.jpg True, 24, 23, 154, 13, 15
images/train/4684.jpg True, 17, 28, 332, 17, 12
images/train/4685.jpg False, 0, 0, 0, 0, 0
images/train/4686.jpg True, 32, 34, 211, 5, 7
images/train/4687.jpg True, 31, 31, 20, 18, 4
images/train/4688.jpg False, 0, 0, 0, 0, 0
images/train/4689.jpg True, 23, 15, 230, 13, 9
images/train/4690.jpg False, 0, 0, 0, 0, 0
images/train/4691.jpg True, 15, 27, 265, 6, 17
images/train/4692.jpg True, 19, 31, 97, 4, 14
images/train/4693.jpg True, 15, 18, 215, 22, 19
images/train/4694.jpg True, 32, 31, 64, 23, 14
images/train/4695.jpg False, 0, 0, 0, 0, 0
images/train/4696.jpg False, 0, 0, 0, 0, 0
images/train/4697.jpg True, 23, 31, 98, 22, 15
images/train/4698.jpg True, 34, 22, 40, 16, 11
images/train/4699.jpg False, 0, 0, 0, 0, 0
images/train/4700.jpg True, 17, 31, 332, 17, 23
images/train/4701.jpg True, 20, 27, 178, 10, 11
images/train/4702.jpg True, 34, 23, 325, 22, 4
images/train/4703.jpg True, 24, 29, 180, 21, 10
images/train/4704.jpg True, 20, 31, 0, 15, 6
images/train/4705.jpg True, 18, 28, 174, 24, 11
images/train/4706.jpg True, 34, 24, 104, 23, 17
images/train/4707.jpg True, 28, 23, 7, 9, 12
images/train/4708.jpg True, 24, 33, 114, 9, 10
images/train/4709.jpg True, 28, 15, 292, 23, 21
images/train/4710.jpg False, 0, 0, 0, 0, 0
images/train/4711.jpg True, 27, 26, 350, 5, 6
images/train/4712.jpg True, 26, 34, 11, 24, 20
images/train/4713.jpg True, 23, 31, 138, 15, 24
images/train/4714.jpg True, 32, 18, 126, 3, 19
images/train/4715.jpg True, 34, 31, 273, 15, 14
images/train/4716.jpg True, 28, 31, 133, 20, 11
images/train/4717.jpg True, 20, 27, 305, 3, 19
images/train/4718.jpg True, 33, 26, 297, 7, 24
images/train/4719.jpg False, 0, 0, 0, 0, 0
images/train/4720.jpg True, 17, 26, 114, 16, 4
images/train/4721.jpg True, 20, 34, 238, 15, 15
images/train/4722.jpg True, 31, 22, 277, 4, 12
images/train/4723.jpg True, 30, 16, 260, 22, 20
images/train/4724.jpg False, 0, 0, 0, 0, 0
images/train/4725.jpg True, 28, 29, 13, 20, 10
images/train/4726.jpg True, 26, 24, 17, 17, 12
images/train/4727.jpg False, 0, 0, 0, 0, 0
images/train/4728.jpg False, 0, 0, 0, 0, 0
images/train/4729.jpg True, 25, 22, 192, 19, 22
images/train/4730.jpg True, 19, 20, 241, 8, 18
images/train/4731.jpg True, 31, 34, 105, 23, 22
images/train/4732.jpg True, 17, 29, 333, 9, 10
images/train/4733.jpg False, 0, 0, 0, 0, 0
images/train/4734.jpg True, 32, 15, 190, 13, 7
images/train/4735.jpg True, 29, 24, 196, 9, 10
images/train/4736.jpg True, 26, 33, 56, 13, 18
images/train/4737.jpg True, 27, 34, 249, 22, 11
images/train/4738.jpg False, 0, 0, 0, 0, 0
images/train/4739.jpg True, 30, 26, 42, 5, 21
images/train/4740.jpg True, 17, 26, 73, 10, 6
images/train/4741.jpg True, 27, 33, 237, 15, 7
images/train/4742.jpg False, 0, 0, 0, 0, 0
images/train/4743.jpg False, 0, 0, 0, 0, 0
images/train/4744.jpg True, 15, 27, 230, 22, 12
images/train/4745.jpg True, 23, 23, 132, 6, 17
images/train/4746.jpg True, 33, 24, 187, 6, 4
images/train/4747.jpg True, 16, 23, 303, 8, 19
images/train/4748.jpg True, 32, 30, 6, 6, 24
images/train/4749.jpg True, 29, 29, 172, 8, 6
images/train/4750.jpg True, 31, 17, 191, 13, 22
images/train/4751.jpg True, 26, 23, 152, 12, 5
images/train/4752.jpg True, 27, 30, 268, 23, 6
images/train/4753.jpg True, 27, 19, 124, 21, 9
images/train/4754.jpg True, 16, 33, 68, 24, 5
images/train/4755.jpg True, 30, 31, 28, 14, 18
images/train/4756.jpg True, 28, 21, 32, 15, 3
images/train/4757.jpg True, 16, 20, 99, 12, 11
images/train/4758.jpg True, 23, 21, 82, 9, 10
images/train/4759.jpg True, 24, 28, 327, 11, 10
images/train/4760.jpg True, 32, 24, 42, 23, 23
images/train/4761.jpg True, 26, 21, 221, 8, 9
images/train/4762.jpg False, 0, 0, 0, 0, 0
images/train/4763.jpg True, 27, 32, 187, 18, 7
images/train/4764.jpg False, 0, 0, 0, 0, 0
images/train/4765.jpg True, 25, 24, 323, 4, 14
images/train/4766.jpg True, 15, 20, 72, 11, 23
images/train/4767.jpg False, 0, 0, 0, 0, 0
images/train/4768.jpg True, 18, 33, 347, 15, 18
images/train/4769.jpg True, 29, 33, 345, 18, 19
images/train/4770.jpg True, 16, 17, 75, 5, 22
images/train/4771.jpg True, 25, 16, 165, 15, 15
images/train/4772.jpg True, 19, 21, 202, 22, 20
images/train/4773.jpg True, 15, 22, 335, 3, 13
images/train/4774.jpg True, 31, 26, 114, 17, 10
images/train/4775.jpg False, 0, 0, 0, 0, 0
images/train/4776.jpg True, 17, 27, 343, 9, 3
images/train/4777.jpg True, 18, 31, 265, 10, 13
images/train/4778.jpg False, 0, 0, 0, 0, 0
images/train/4779.jpg False, 0, 0, 0, 0, 0
images/train/4780.jpg True, 17, 18, 210, 20, 5
images/train/4781.jpg True, 34, 25, 208, 14, 24
images/train/4782.jpg True, 31, 16, 84, 18, 8
images/train/4783.jpg True, 31, 15, 81, 12, 8
images/train/4784.jpg True, 19, 21, 221, 5, 18
images/train/4785.jpg False, 0, 0, 0, 0, 0
images/train/4786.jpg True, 21, 19, 30, 13, 11
images/train/4787.jpg True, 15, 25, 214, 4, 5
images/train/4788.jpg True, 19, 28, 187, 6, 16
images/train/4789.jpg False, 0, 0, 0, 0, 0
images/train/4790.jpg False, 0, 0, 0, 0, 0
images/train/4791.jpg True, 34, 31, 297, 24, 23
images/train/4792.jpg True, 28, 18, 150, 8, 8
images/train/4793.jpg True, 17, 27, 294, 22, 19
images/train/4794.jpg True, 32, 29, 291, 17, 16
images/train/4795.jpg True, 15, 30, 248, 21, 22
images/train/4796.jpg True, 34, 26, 355, 18, 12
images/train/4797.jpg False, 0, 0, 0, 0, 0
images/train/4798.jpg True, 31, 17, 335, 17, 4
images/train/4799.jpg True, 21, 23, 119, 11, 4
images/train/4800.jpg False, 0, 0, 0, 0, 0
images/train/4801.jpg True, 23, 23, 65, 13, 4
images/train/4802.jpg True, 28, 22, 229, 3, 16
images/train/4803.jpg True, 18, 23, 320, 17, 17
images/train/4804.jpg True, 31, 19, 44, 20, 19
images/train/4805.jpg True, 29, 27, 74, 18, 15
images/train/4806.jpg False, 0, 0, 0, 0, 0
images/train/4807.jpg True, 21, 25, 313, 8, 10
images/train/4808.jpg True, 29, 31, 330, 12, 24
images/train/4809.jpg True, 21, 34, 334, 8, 12
images/train/4810.jpg False, 0, 0, 0, 0, 0
images/train/4811.jpg False, 0, 0, 0, 0, 0
images/train/4812.jpg True, 31, 31, 131, 22, 9
images/train/4813.jpg True, 19, 31, 121, 23, 16
images/train/4814.jpg True, 24, 30, 128, 13, 5
images/train/4815.jpg True, 34, 15, 248, 24, 23
images/train/4816.jpg True, 28, 29, 294, 16, 3
images/train/4817.jpg True, 21, 27, 273, 3, 21
images/train/4818.jpg False, 0, 0, 0, 0, 0
images/train/4819.jpg True, 22, 27, 316, 5, 7
images/train/4820.jpg True, 33, 33, 111, 10, 7
images/train/4821.jpg True, 26, 29, 330, 20, 8
images/train/4822.jpg False, 0, 0, 0, 0, 0
images/train/4823.jpg True, 16, 26, 237, 3, 16
images/train/4824.jpg True, 34, 15, 51, 10, 5
images/train/4825.jpg True, 22, 24, 31, 8, 24
images/train/4826.jpg True, 34, 17, 205, 20, 20
images/train/4827.jpg True, 20, 32, 256, 10, 19
images/train/4828.jpg True, 25, 17, 233, 11, 24
images/train/4829.jpg True, 24, 17, 103, 19, 11
images/train/4830.jpg True, 16, 18, 359, 5, 17
images/train/4831.jpg True, 30, 20, 207, 23, 23
images/train/4832.jpg False, 0, 0, 0, 0, 0
images/train/4833.jpg False, 0, 0, 0, 0, 0
images/train/4834.jpg True, 26, 15, 117, 13, 6
images/train/4835.jpg True, 29, 30, 115, 20, 4
images/train/4836.jpg False, 0, 0, 0, 0, 0
images/train/4837.jpg True, 28, 25, 72, 7, 18
images/train/4838.jpg True, 20, 32, 117, 16, 13
images/train/4839.jpg False, 0, 0, 0, 0, 0
images/train/4840.jpg False, 0, 0, 0, 0, 0
images/train/4841.jpg True, 17, 15, 331, 23, 22
images/train/4842.jpg True, 25, 28, 168, 17, 4
images/train/4843.jpg True, 18, 20, 226, 22, 15
images/train/4844.jpg True, 22, 17, 193, 14, 11
images/train/4845.jpg False, 0, 0, 0, 0, 0
images/train/4846.jpg True, 22, 20, 216, 13, 23
images/train/4847.jpg True, 27, 32, 75, 21, 10
images/train/4848.jpg False, 0, 0, 0, 0, 0
images/train/4849.jpg True, 22, 17, 78, 24, 3
images/train/4850.jpg True, 27, 23, 266, 10, 9
images/train/4851.jpg False, 0, 0, 0, 0, 0
images/train/4852.jpg False, 0, 0, 0, 0, 0
images/train/4853.jpg False, 0, 0, 0, 0, 0
images/train/4854.jpg True, 18, 19, 247, 4, 20
images/train/4855.jpg False, 0, 0, 0, 0, 0
images/train/4856.jpg False, 0, 0, 0, 0, 0
images/train/4857.jpg True, 20, 21, 168, 21, 11
images/train/4858.jpg True, 15, 34, 70, 13, 17
images/train/4859.jpg False, 0, 0, 0, 0, 0
images/train/4860.jpg True, 34, 20, 305, 24, 19
images/train/4861.jpg True, 16, 33, 322, 12, 12
images/train/4862.jpg True, 29, 20, 217, 4, 10
images/train/4863.jpg False, 0, 0, 0, 0, 0
images/train/4864.jpg True, 25, 31, 89, 23, 15
images/train/4865.jpg True, 33, 15, 207, 9, 21
images/train/4866.jpg True, 21, 20, 65, 3, 4
images/train/4867.jpg True, 28, 15, 65, 23, 16
images/train/4868.jpg False, 0, 0, 0, 0, 0
images/train/4869.jpg True, 26, 18, 314, 24, 12
images/train/4870.jpg True, 17, 25, 278, 10, 3
images/train/4871.jpg False, 0, 0, 0, 0, 0
images/train/4872.jpg False, 0, 0, 0, 0, 0
images/train/4873.jpg True, 18, 17, 140, 6, 20
images/train/4874.jpg False, 0, 0, 0, 0, 0
images/train/4875.jpg True, 29, 33, 134, 3, 24
images/train/4876.jpg True, 15, 26, 166, 9, 5
images/train/4877.jpg True, 18, 28, 69, 12, 5
images/train/4878.jpg True, 24, 28, 347, 21, 17
images/train/4879.jpg True, 33, 30, 310, 11, 6
images/train/4880.jpg True, 28, 16, 74, 17, 24
images/train/4881.jpg True, 15, 27, 246, 22, 16
images/train/4882.jpg False, 0, 0, 0, 0, 0
images/train/4883.jpg True, 19, 31, 239, 11, 7
images/train/4884.jpg True, 28, 27, 230, 10, 10
images/train/4885.jpg True, 25, 16, 279, 17, 20
images/train/4886.jpg True, 16, 32, 338, 9, 19
images/train/4887.jpg True, 20, 29, 52, 3, 16
images/train/4888.jpg True, 23, 25, 77, 18, 18
images/train/4889.jpg True, 22, 30, 124, 12, 22
images/train/4890.jpg False, 0, 0, 0, 0, 0
images/train/4891.jpg False, 0, 0, 0, 0, 0
images/train/4892.jpg False, 0, 0, 0, 0, 0
images/train/4893.jpg True, 31, 16, 342, 6, 10
images/train/4894.jpg True, 19, 23, 59, 22, 12
images/train/4895.jpg False, 0, 0, 0, 0, 0
images/train/4896.jpg True, 26, 22, 330, 19, 7
images/train/4897.jpg False, 0, 0, 0, 0, 0
images/train/4898.jpg True, 27, 31, 50, 13, 11
images/train/4899.jpg True, 27, 32, 283, 12, 19
images/train/4900.jpg True, 31, 18, 142, 22, 23
images/train/4901.jpg True, 27, 23, 234, 6, 17
images/train/4902.jpg True, 25, 19, 48, 19, 10
images/train/4903.jpg True, 17, 24, 93, 18, 23
images/train/4904.jpg True, 26, 29, 354, 22, 9
images/train/4905.jpg True, 33, 17, 106, 3, 22
images/train/4906.jpg False, 0, 0, 0, 0, 0
images/train/4907.jpg False, 0, 0, 0, 0, 0
images/train/4908.jpg False, 0, 0, 0, 0, 0
images/train/4909.jpg True, 18, 25, 6, 18, 19
images/train/4910.jpg True, 29, 15, 127, 12, 20
images/train/4911.jpg True, 28, 23, 44, 19, 6
images/train/4912.jpg False, 0, 0, 0, 0, 0
images/train/4913.jpg True, 19, 23, 119, 24, 15
images/train/4914.jpg True, 30, 26, 339, 7, 13
images/train/4915.jpg True, 32, 34, 39, 15, 10
images/train/4916.jpg False, 0, 0, 0, 0, 0
images/train/4917.jpg False, 0, 0, 0, 0, 0
images/train/4918.jpg True, 32, 26, 209, 24, 22
images/train/4919.jpg True, 24, 25, 152, 21, 16
images/train/4920.jpg True, 30, 16, 59, 15, 13
images/train/4921.jpg True, 25, 27, 31, 18, 15
images/train/4922.jpg False, 0, 0, 0, 0, 0
images/train/4923.jpg True, 23, 22, 139, 12, 5
images/train/4924.jpg False, 0, 0, 0, 0, 0
images/train/4925.jpg True, 21, 18, 221, 19, 13
images/train/4926.jpg False, 0, 0, 0, 0, 0
images/train/4927.jpg False, 0, 0, 0, 0, 0
images/train/4928.jpg False, 0, 0, 0, 0, 0
images/train/4929.jpg False, 0, 0, 0, 0, 0
images/train/4930.jpg False, 0, 0, 0, 0, 0
images/train/4931.jpg True, 33, 21, 72, 9, 12
images/train/4932.jpg True, 30, 30, 171, 16, 14
images/train/4933.jpg True, 20, 29, 267, 3, 16
images/train/4934.jpg True, 32, 25, 266, 6, 22
images/train/4935.jpg True, 29, 26, 170, 20, 22
images/train/4936.jpg True, 31, 27, 179, 23, 19
images/train/4937.jpg True, 30, 18, 237, 10, 21
images/train/4938.jpg True, 29, 27, 243, 12, 22
images/train/4939.jpg True, 33, 26, 8, 8, 10
images/train/4940.jpg True, 31, 23, 340, 19, 7
images/train/4941.jpg True, 21, 28, 115, 14, 6
images/train/4942.jpg True, 32, 34, 238, 10, 17
images/train/4943.jpg False, 0, 0, 0, 0, 0
images/train/4944.jpg False, 0, 0, 0, 0, 0
images/train/4945.jpg True, 32, 21, 99, 11, 12
images/train/4946.jpg True, 33, 33, 241, 22, 18
images/train/4947.jpg True, 19, 16, 167, 3, 14
images/train/4948.jpg True, 29, 20, 283, 24, 12
images/train/4949.jpg True, 15, 34, 246, 23, 17
images/train/4950.jpg True, 22, 31, 57, 13, 10
images/train/4951.jpg False, 0, 0, 0, 0, 0
images/train/4952.jpg True, 32, 15, 276, 17, 20
images/train/4953.jpg True, 23, 24, 99, 14, 10
images/train/4954.jpg True, 17, 31, 291, 9, 6
images/train/4955.jpg False, 0, 0, 0, 0, 0
images/train/4956.jpg False, 0, 0, 0, 0, 0
images/train/4957.jpg True, 18, 34, 269, 7, 4
images/train/4958.jpg False, 0, 0, 0, 0, 0
images/train/4959.jpg False, 0, 0, 0, 0, 0
images/train/4960.jpg True, 18, 21, 53, 21, 7
images/train/4961.jpg True, 30, 24, 171, 20, 20
images/train/4962.jpg False, 0, 0, 0, 0, 0
images/train/4963.jpg True, 30, 19, 313, 24, 5
images/train/4964.jpg False, 0, 0, 0, 0, 0
images/train/4965.jpg True, 26, 31, 166, 6, 21
images/train/4966.jpg True, 25, 33, 136, 6, 17
images/train/4967.jpg False, 0, 0, 0, 0, 0
images/train/4968.jpg True, 23, 22, 164, 5, 17
images/train/4969.jpg False, 0, 0, 0, 0, 0
images/train/4970.jpg False, 0, 0, 0, 0, 0
images/train/4971.jpg True, 24, 24, 93, 10, 9
images/train/4972.jpg True, 32, 23, 207, 24, 5
images/train/4973.jpg True, 31, 18, 33, 24, 11
images/train/4974.jpg True, 20, 19, 12, 4, 3
images/train/4975.jpg True, 21, 29, 322, 14, 18
images/train/4976.jpg True, 33, 24, 138, 6, 23
images/train/4977.jpg False, 0, 0, 0, 0, 0
images/train/4978.jpg False, 0, 0, 0, 0, 0
images/train/4979.jpg True, 30, 33, 76, 6, 6
images/train/4980.jpg True, 21, 18, 3, 15, 10
images/train/4981.jpg True, 15, 19, 201, 22, 4
images/train/4982.jpg True, 25, 16, 42, 3, 19
images/train/4983.jpg False, 0, 0, 0, 0, 0
images/train/4984.jpg False, 0, 0, 0, 0, 0
images/train/4985.jpg True, 25, 30, 126, 4, 9
images/train/4986.jpg True, 19, 17, 123, 13, 4
images/train/4987.jpg True, 32, 27, 94, 12, 12
images/train/4988.jpg True, 15, 33, 230, 19, 8
images/train/4989.jpg True, 28, 20, 56, 17, 17
images/train/4990.jpg True, 18, 20, 338, 8, 14
images/train/4991.jpg True, 16, 30, 327, 18, 3
images/train/4992.jpg True, 28, 32, 270, 21, 15
images/train/4993.jpg False, 0, 0, 0, 0, 0
images/train/4994.jpg False, 0, 0, 0, 0, 0
images/train/4995.jpg True, 29, 26, 283, 24, 17
images/train/4996.jpg False, 0, 0, 0, 0, 0
images/train/4997.jpg True, 26, 31, 318, 10, 17
images/train/4998.jpg True, 29, 26, 249, 17, 11
images/train/4999.jpg True, 29, 27, 347, 4, 4
images/train/5000.jpg False, 0, 0, 0, 0, 0
images/train/5001.jpg False, 0, 0, 0, 0, 0
images/train/5002.jpg True, 29, 21, 174, 5, 20
images/train/5003.jpg True, 27, 31, 235, 22, 9
images/train/5004.jpg True, 16, 32, 123, 3, 14
images/train/5005.jpg True, 18, 23, 253, 12, 7
images/train/5006.jpg False, 0, 0, 0, 0, 0
images/train/5007.jpg True, 27, 21, 232, 4, 23
images/train/5008.jpg True, 27, 16, 162, 14, 18
images/train/5009.jpg False, 0, 0, 0, 0, 0
images/train/5010.jpg True, 19, 22, 352, 18, 11
images/train/5011.jpg True, 24, 26, 251, 14, 17
images/train/5012.jpg True, 34, 28, 55, 20, 14
images/train/5013.jpg False, 0, 0, 0, 0, 0
images/train/5014.jpg False, 0, 0, 0, 0, 0
images/train/5015.jpg True, 33, 20, 105, 14, 18
images/train/5016.jpg True, 15, 29, 263, 23, 17
images/train/5017.jpg True, 15, 33, 243, 8, 6
images/train/5018.jpg True, 26, 17, 130, 5, 17
images/train/5019.jpg False, 0, 0, 0, 0, 0
images/train/5020.jpg False, 0, 0, 0, 0, 0
images/train/5021.jpg False, 0, 0, 0, 0, 0
images/train/5022.jpg True, 28, 25, 331, 9, 16
images/train/5023.jpg True, 24, 18, 213, 14, 10
images/train/5024.jpg False, 0, 0, 0, 0, 0
images/train/5025.jpg True, 30, 17, 200, 12, 22
images/train/5026.jpg True, 30, 19, 233, 16, 13
images/train/5027.jpg False, 0, 0, 0, 0, 0
images/train/5028.jpg True, 15, 15, 181, 14, 20
images/train/5029.jpg True, 18, 17, 57, 16, 9
images/train/5030.jpg True, 31, 30, 159, 8, 23
images/train/5031.jpg True, 33, 29, 253, 14, 20
images/train/5032.jpg True, 25, 34, 103, 8, 21
images/train/5033.jpg True, 24, 31, 152, 14, 20
images/train/5034.jpg True, 16, 31, 294, 19, 20
images/train/5035.jpg True, 30, 33, 312, 4, 8
images/train/5036.jpg False, 0, 0, 0, 0, 0
images/train/5037.jpg True, 31, 19, 71, 20, 15
images/train/5038.jpg True, 24, 26, 113, 5, 22
images/train/5039.jpg False, 0, 0, 0, 0, 0
images/train/5040.jpg True, 15, 22, 285, 18, 10
images/train/5041.jpg True, 27, 20, 19, 3, 3
images/train/5042.jpg False, 0, 0, 0, 0, 0
images/train/5043.jpg False, 0, 0, 0, 0, 0
images/train/5044.jpg True, 20, 24, 67, 21, 3
images/train/5045.jpg True, 29, 19, 164, 9, 14
images/train/5046.jpg True, 28, 17, 63, 12, 8
images/train/5047.jpg False, 0, 0, 0, 0, 0
images/train/5048.jpg True, 31, 16, 223, 5, 19
images/train/5049.jpg True, 33, 23, 169, 15, 17
images/train/5050.jpg False, 0, 0, 0, 0, 0
images/train/5051.jpg True, 32, 26, 292, 23, 24
images/train/5052.jpg True, 30, 28, 24, 15, 23
images/train/5053.jpg False, 0, 0, 0, 0, 0
images/train/5054.jpg True, 24, 30, 87, 13, 8
images/train/5055.jpg True, 26, 24, 224, 20, 24
images/train/5056.jpg True, 31, 25, 160, 9, 14
images/train/5057.jpg False, 0, 0, 0, 0, 0
images/train/5058.jpg True, 23, 23, 230, 6, 11
images/train/5059.jpg False, 0, 0, 0, 0, 0
images/train/5060.jpg True, 29, 16, 216, 18, 4
images/train/5061.jpg True, 15, 25, 122, 18, 20
images/train/5062.jpg True, 29, 34, 310, 20, 22
images/train/5063.jpg False, 0, 0, 0, 0, 0
images/train/5064.jpg True, 32, 19, 213, 19, 9
images/train/5065.jpg True, 28, 25, 213, 6, 18
images/train/5066.jpg True, 34, 19, 14, 23, 6
images/train/5067.jpg True, 30, 23, 200, 16, 7
images/train/5068.jpg False, 0, 0, 0, 0, 0
images/train/5069.jpg False, 0, 0, 0, 0, 0
images/train/5070.jpg True, 27, 34, 200, 8, 18
images/train/5071.jpg True, 31, 25, 22, 14, 14
images/train/5072.jpg True, 31, 30, 191, 4, 16
images/train/5073.jpg True, 15, 21, 65, 3, 10
images/train/5074.jpg False, 0, 0, 0, 0, 0
images/train/5075.jpg False, 0, 0, 0, 0, 0
images/train/5076.jpg False, 0, 0, 0, 0, 0
images/train/5077.jpg True, 17, 20, 46, 18, 19
images/train/5078.jpg True, 17, 26, 235, 21, 22
images/train/5079.jpg True, 24, 30, 96, 6, 16
images/train/5080.jpg True, 18, 16, 264, 5, 18
images/train/5081.jpg True, 17, 23, 112, 13, 20
images/train/5082.jpg False, 0, 0, 0, 0, 0
images/train/5083.jpg False, 0, 0, 0, 0, 0
images/train/5084.jpg False, 0, 0, 0, 0, 0
images/train/5085.jpg True, 17, 25, 326, 6, 21
images/train/5086.jpg False, 0, 0, 0, 0, 0
images/train/5087.jpg False, 0, 0, 0, 0, 0
images/train/5088.jpg True, 19, 31, 121, 18, 21
images/train/5089.jpg True, 21, 22, 12, 5, 21
images/train/5090.jpg False, 0, 0, 0, 0, 0
images/train/5091.jpg True, 31, 17, 102, 6, 3
images/train/5092.jpg True, 17, 29, 198, 9, 11
images/train/5093.jpg False, 0, 0, 0, 0, 0
images/train/5094.jpg False, 0, 0, 0, 0, 0
images/train/5095.jpg False, 0, 0, 0, 0, 0
images/train/5096.jpg True, 29, 28, 95, 8, 8
images/train/5097.jpg True, 32, 22, 348, 11, 5
images/train/5098.jpg True, 18, 29, 109, 11, 8
images/train/5099.jpg False, 0, 0, 0, 0, 0
images/train/5100.jpg True, 33, 30, 312, 19, 20
images/train/5101.jpg True, 28, 16, 0, 10, 6
images/train/5102.jpg True, 15, 26, 287, 16, 19
images/train/5103.jpg True, 25, 24, 346, 5, 21
images/train/5104.jpg True, 21, 21, 129, 13, 16
images/train/5105.jpg True, 15, 34, 311, 9, 24
images/train/5106.jpg True, 15, 24, 153, 5, 19
images/train/5107.jpg True, 24, 23, 111, 23, 7
images/train/5108.jpg True, 21, 32, 296, 14, 20
images/train/5109.jpg True, 31, 17, 138, 24, 3
images/train/5110.jpg False, 0, 0, 0, 0, 0
images/train/5111.jpg False, 0, 0, 0, 0, 0
images/train/5112.jpg True, 32, 15, 340, 16, 7
images/train/5113.jpg False, 0, 0, 0, 0, 0
images/train/5114.jpg False, 0, 0, 0, 0, 0
images/train/5115.jpg False, 0, 0, 0, 0, 0
images/train/5116.jpg True, 20, 21, 265, 3, 21
images/train/5117.jpg True, 26, 16, 42, 21, 3
images/train/5118.jpg True, 17, 15, 336, 5, 21
images/train/5119.jpg False, 0, 0, 0, 0, 0
images/train/5120.jpg False, 0, 0, 0, 0, 0
images/train/5121.jpg False, 0, 0, 0, 0, 0
images/train/5122.jpg True, 28, 27, 356, 12, 14
images/train/5123.jpg True, 22, 31, 112, 19, 14
images/train/5124.jpg False, 0, 0, 0, 0, 0
images/train/5125.jpg True, 18, 15, 12, 6, 20
images/train/5126.jpg True, 31, 15, 16, 22, 10
images/train/5127.jpg True, 31, 32, 253, 21, 21
images/train/5128.jpg True, 24, 20, 262, 13, 5
images/train/5129.jpg True, 34, 26, 192, 18, 23
images/train/5130.jpg True, 27, 22, 86, 10, 5
images/train/5131.jpg True, 29, 20, 71, 19, 13
images/train/5132.jpg True, 29, 29, 235, 8, 19
images/train/5133.jpg True, 26, 34, 57, 7, 18
images/train/5134.jpg True, 34, 27, 77, 18, 8
images/train/5135.jpg True, 20, 20, 247, 24, 19
images/train/5136.jpg False, 0, 0, 0, 0, 0
images/train/5137.jpg True, 15, 16, 82, 24, 5
images/train/5138.jpg False, 0, 0, 0, 0, 0
images/train/5139.jpg True, 31, 19, 205, 10, 23
images/train/5140.jpg True, 28, 26, 4, 6, 13
images/train/5141.jpg True, 18, 23, 238, 20, 21
images/train/5142.jpg False, 0, 0, 0, 0, 0
images/train/5143.jpg True, 24, 30, 92, 22, 17
images/train/5144.jpg True, 29, 18, 352, 5, 7
images/train/5145.jpg False, 0, 0, 0, 0, 0
images/train/5146.jpg False, 0, 0, 0, 0, 0
images/train/5147.jpg True, 18, 19, 358, 7, 20
images/train/5148.jpg True, 20, 26, 97, 23, 20
images/train/5149.jpg True, 34, 31, 162, 9, 4
images/train/5150.jpg True, 31, 16, 321, 5, 17
images/train/5151.jpg False, 0, 0, 0, 0, 0
images/train/5152.jpg False, 0, 0, 0, 0, 0
images/train/5153.jpg False, 0, 0, 0, 0, 0
images/train/5154.jpg True, 25, 33, 193, 4, 17
images/train/5155.jpg True, 23, 17, 72, 10, 20
images/train/5156.jpg True, 16, 33, 14, 22, 15
images/train/5157.jpg False, 0, 0, 0, 0, 0
images/train/5158.jpg True, 26, 21, 299, 13, 3
images/train/5159.jpg True, 19, 23, 191, 23, 16
images/train/5160.jpg True, 17, 15, 237, 20, 14
images/train/5161.jpg True, 30, 23, 227, 22, 15
images/train/5162.jpg False, 0, 0, 0, 0, 0
images/train/5163.jpg True, 31, 19, 347, 4, 14
images/train/5164.jpg True, 23, 29, 34, 19, 10
images/train/5165.jpg True, 18, 34, 96, 21, 23
images/train/5166.jpg False, 0, 0, 0, 0, 0
images/train/5167.jpg True, 30, 27, 294, 14, 20
images/train/5168.jpg True, 16, 30, 177, 4, 16
images/train/5169.jpg True, 21, 25, 324, 13, 8
images/train/5170.jpg True, 26, 33, 255, 4, 5
images/train/5171.jpg True, 27, 23, 302, 24, 15
images/train/5172.jpg True, 16, 26, 233, 11, 21
images/train/5173.jpg False, 0, 0, 0, 0, 0
images/train/5174.jpg True, 34, 28, 325, 4, 22
images/train/5175.jpg True, 34, 23, 17, 23, 23
images/train/5176.jpg True, 33, 23, 39, 13, 18
images/train/5177.jpg False, 0, 0, 0, 0, 0
images/train/5178.jpg False, 0, 0, 0, 0, 0
images/train/5179.jpg False, 0, 0, 0, 0, 0
images/train/5180.jpg True, 23, 31, 64, 18, 12
images/train/5181.jpg True, 31, 22, 208, 7, 5
images/train/5182.jpg True, 20, 28, 34, 22, 6
images/train/5183.jpg True, 20, 17, 298, 9, 18
images/train/5184.jpg True, 28, 30, 157, 17, 19
images/train/5185.jpg True, 20, 26, 79, 24, 16
images/train/5186.jpg False, 0, 0, 0, 0, 0
images/train/5187.jpg False, 0, 0, 0, 0, 0
images/train/5188.jpg False, 0, 0, 0, 0, 0
images/train/5189.jpg True, 31, 34, 314, 15, 14
images/train/5190.jpg True, 23, 31, 187, 6, 7
images/train/5191.jpg False, 0, 0, 0, 0, 0
images/train/5192.jpg True, 17, 15, 23, 19, 6
images/train/5193.jpg False, 0, 0, 0, 0, 0
images/train/5194.jpg True, 31, 21, 165, 14, 12
images/train/5195.jpg False, 0, 0, 0, 0, 0
images/train/5196.jpg True, 22, 32, 181, 5, 23
images/train/5197.jpg True, 28, 23, 218, 7, 13
images/train/5198.jpg True, 20, 22, 183, 10, 15
images/train/5199.jpg True, 23, 26, 233, 16, 7
images/train/5200.jpg True, 29, 19, 218, 5, 3
images/train/5201.jpg True, 26, 24, 194, 8, 22
images/train/5202.jpg True, 18, 24, 122, 4, 23
images/train/5203.jpg True, 30, 26, 323, 8, 7
images/train/5204.jpg True, 18, 25, 254, 5, 20
images/train/5205.jpg True, 18, 32, 71, 24, 3
images/train/5206.jpg True, 25, 24, 56, 16, 16
images/train/5207.jpg True, 33, 21, 118, 12, 15
images/train/5208.jpg True, 20, 34, 356, 14, 12
images/train/5209.jpg False, 0, 0, 0, 0, 0
images/train/5210.jpg False, 0, 0, 0, 0, 0
images/train/5211.jpg False, 0, 0, 0, 0, 0
images/train/5212.jpg True, 33, 26, 237, 6, 11
images/train/5213.jpg True, 15, 27, 39, 11, 17
images/train/5214.jpg True, 19, 29, 172, 17, 5
images/train/5215.jpg True, 34, 29, 257, 8, 11
images/train/5216.jpg False, 0, 0, 0, 0, 0
images/train/5217.jpg True, 27, 29, 355, 19, 16
images/train/5218.jpg True, 30, 21, 298, 12, 6
images/train/5219.jpg True, 20, 23, 1, 14, 8
images/train/5220.jpg True, 34, 22, 98, 8, 21
images/train/5221.jpg False, 0, 0, 0, 0, 0
images/train/5222.jpg True, 34, 33, 13, 20, 4
images/train/5223.jpg False, 0, 0, 0, 0, 0
images/train/5224.jpg False, 0, 0, 0, 0, 0
images/train/5225.jpg True, 29, 25, 63, 11, 11
images/train/5226.jpg True, 32, 19, 100, 24, 19
images/train/5227.jpg False, 0, 0, 0, 0, 0
images/train/5228.jpg False, 0, 0, 0, 0, 0
images/train/5229.jpg False, 0, 0, 0, 0, 0
images/train/5230.jpg True, 24, 19, 207, 7, 7
images/train/5231.jpg True, 16, 28, 13, 6, 18
images/train/5232.jpg False, 0, 0, 0, 0, 0
images/train/5233.jpg True, 19, 27, 300, 5, 7
images/train/5234.jpg True, 15, 23, 248, 4, 9
images/train/5235.jpg False, 0, 0, 0, 0, 0
images/train/5236.jpg False, 0, 0, 0, 0, 0
images/train/5237.jpg False, 0, 0, 0, 0, 0
images/train/5238.jpg True, 16, 19, 196, 5, 23
images/train/5239.jpg False, 0, 0, 0, 0, 0
images/train/5240.jpg True, 17, 30, 237, 7, 23
images/train/5241.jpg True, 20, 31, 121, 11, 18
images/train/5242.jpg True, 29, 29, 113, 16, 15
images/train/5243.jpg True, 19, 16, 164, 19, 12
images/train/5244.jpg True, 18, 23, 222, 17, 8
images/train/5245.jpg True, 21, 32, 257, 17, 5
images/train/5246.jpg False, 0, 0, 0, 0, 0
images/train/5247.jpg True, 32, 17, 304, 14, 24
images/train/5248.jpg True, 29, 23, 262, 19, 20
images/train/5249.jpg True, 31, 20, 110, 17, 3
images/train/5250.jpg False, 0, 0, 0, 0, 0
images/train/5251.jpg False, 0, 0, 0, 0, 0
images/train/5252.jpg True, 24, 25, 308, 22, 8
images/train/5253.jpg False, 0, 0, 0, 0, 0
images/train/5254.jpg True, 29, 26, 309, 10, 8
images/train/5255.jpg True, 30, 22, 178, 11, 14
images/train/5256.jpg False, 0, 0, 0, 0, 0
images/train/5257.jpg True, 34, 23, 284, 23, 16
images/train/5258.jpg False, 0, 0, 0, 0, 0
images/train/5259.jpg True, 24, 19, 200, 22, 4
images/train/5260.jpg False, 0, 0, 0, 0, 0
images/train/5261.jpg False, 0, 0, 0, 0, 0
images/train/5262.jpg True, 28, 23, 43, 22, 3
images/train/5263.jpg False, 0, 0, 0, 0, 0
images/train/5264.jpg True, 25, 30, 80, 18, 18
images/train/5265.jpg False, 0, 0, 0, 0, 0
images/train/5266.jpg True, 15, 24, 306, 19, 8
images/train/5267.jpg True, 28, 32, 210, 7, 13
images/train/5268.jpg True, 22, 29, 109, 20, 22
images/train/5269.jpg True, 32, 19, 41, 5, 9
images/train/5270.jpg True, 19, 23, 285, 22, 19
images/train/5271.jpg True, 30, 34, 232, 10, 12
images/train/5272.jpg True, 32, 32, 313, 5, 17
images/train/5273.jpg True, 23, 21, 332, 15, 4
images/train/5274.jpg True, 26, 17, 356, 10, 3
images/train/5275.jpg True, 29, 24, 182, 22, 18
images/train/5276.jpg True, 15, 21, 306, 11, 4
images/train/5277.jpg True, 28, 23, 104, 14, 6
images/train/5278.jpg False, 0, 0, 0, 0, 0
images/train/5279.jpg False, 0, 0, 0, 0, 0
images/train/5280.jpg True, 16, 24, 14, 12, 3
images/train/5281.jpg True, 24, 15, 316, 7, 24
images/train/5282.jpg True, 22, 28, 304, 3, 11
images/train/5283.jpg False, 0, 0, 0, 0, 0
images/train/5284.jpg False, 0, 0, 0, 0, 0
images/train/5285.jpg True, 18, 26, 350, 17, 17
images/train/5286.jpg False, 0, 0, 0, 0, 0
images/train/5287.jpg False, 0, 0, 0, 0, 0
images/train/5288.jpg False, 0, 0, 0, 0, 0
images/train/5289.jpg True, 22, 21, 42, 20, 13
images/train/5290.jpg True, 23, 26, 266, 8, 12
images/train/5291.jpg True, 16, 31, 338, 23, 21
images/train/5292.jpg True, 30, 24, 220, 11, 19
images/train/5293.jpg True, 16, 16, 316, 7, 15
images/train/5294.jpg True, 24, 15, 69, 5, 24
images/train/5295.jpg False, 0, 0, 0, 0, 0
images/train/5296.jpg False, 0, 0, 0, 0, 0
images/train/5297.jpg True, 31, 30, 17, 3, 11
images/train/5298.jpg False, 0, 0, 0, 0, 0
images/train/5299.jpg True, 30, 17, 339, 6, 19
images/train/5300.jpg True, 21, 31, 111, 16, 3
images/train/5301.jpg True, 21, 30, 25, 4, 17
images/train/5302.jpg True, 25, 19, 250, 17, 13
images/train/5303.jpg True, 20, 20, 296, 6, 8
images/train/5304.jpg False, 0, 0, 0, 0, 0
images/train/5305.jpg True, 29, 29, 39, 5, 17
images/train/5306.jpg True, 22, 25, 351, 22, 22
images/train/5307.jpg True, 17, 16, 303, 22, 17
images/train/5308.jpg False, 0, 0, 0, 0, 0
images/train/5309.jpg False, 0, 0, 0, 0, 0
images/train/5310.jpg True, 27, 25, 178, 23, 5
images/train/5311.jpg True, 25, 27, 125, 15, 8
images/train/5312.jpg False, 0, 0, 0, 0, 0
images/train/5313.jpg False, 0, 0, 0, 0, 0
images/train/5314.jpg False, 0, 0, 0, 0, 0
images/train/5315.jpg False, 0, 0, 0, 0, 0
images/train/5316.jpg False, 0, 0, 0, 0, 0
images/train/5317.jpg True, 32, 30, 44, 16, 17
images/train/5318.jpg False, 0, 0, 0, 0, 0
images/train/5319.jpg True, 24, 30, 333, 5, 7
images/train/5320.jpg True, 15, 21, 33, 3, 13
images/train/5321.jpg True, 17, 24, 50, 11, 16
images/train/5322.jpg True, 19, 32, 262, 6, 18
images/train/5323.jpg False, 0, 0, 0, 0, 0
images/train/5324.jpg False, 0, 0, 0, 0, 0
images/train/5325.jpg True, 32, 34, 296, 10, 23
images/train/5326.jpg True, 31, 22, 238, 24, 23
images/train/5327.jpg True, 24, 24, 260, 18, 20
images/train/5328.jpg False, 0, 0, 0, 0, 0
images/train/5329.jpg False, 0, 0, 0, 0, 0
images/train/5330.jpg False, 0, 0, 0, 0, 0
images/train/5331.jpg True, 25, 19, 245, 22, 13
images/train/5332.jpg True, 27, 27, 294, 17, 4
images/train/5333.jpg True, 33, 28, 158, 19, 14
images/train/5334.jpg True, 20, 22, 243, 4, 11
images/train/5335.jpg True, 34, 18, 30, 10, 5
images/train/5336.jpg True, 32, 19, 338, 4, 19
images/train/5337.jpg True, 19, 33, 158, 5, 15
images/train/5338.jpg True, 16, 24, 9, 9, 3
images/train/5339.jpg False, 0, 0, 0, 0, 0
images/train/5340.jpg False, 0, 0, 0, 0, 0
images/train/5341.jpg False, 0, 0, 0, 0, 0
images/train/5342.jpg True, 21, 33, 49, 24, 9
images/train/5343.jpg False, 0, 0, 0, 0, 0
images/train/5344.jpg True, 17, 34, 169, 8, 17
images/train/5345.jpg False, 0, 0, 0, 0, 0
images/train/5346.jpg True, 16, 28, 5, 15, 8
images/train/5347.jpg True, 28, 20, 62, 8, 18
images/train/5348.jpg True, 33, 29, 156, 5, 17
images/train/5349.jpg True, 33, 34, 45, 14, 21
images/train/5350.jpg True, 28, 18, 241, 10, 5
images/train/5351.jpg True, 34, 29, 137, 12, 23
images/train/5352.jpg False, 0, 0, 0, 0, 0
images/train/5353.jpg False, 0, 0, 0, 0, 0
images/train/5354.jpg True, 27, 19, 197, 13, 18
images/train/5355.jpg True, 24, 21, 135, 18, 18
images/train/5356.jpg True, 23, 22, 55, 11, 15
images/train/5357.jpg False, 0, 0, 0, 0, 0
images/train/5358.jpg True, 20, 19, 96, 4, 4
images/train/5359.jpg False, 0, 0, 0, 0, 0
images/train/5360.jpg True, 26, 16, 352, 11, 7
images/train/5361.jpg False, 0, 0, 0, 0, 0
images/train/5362.jpg True, 34, 19, 344, 18, 8
images/train/5363.jpg True, 26, 34, 320, 8, 3
images/train/5364.jpg False, 0, 0, 0, 0, 0
images/train/5365.jpg True, 26, 18, 286, 18, 12
images/train/5366.jpg True, 25, 19, 157, 9, 15
images/train/5367.jpg True, 34, 26, 18, 5, 16
images/train/5368.jpg False, 0, 0, 0, 0, 0
images/train/5369.jpg True, 16, 28, 102, 8, 22
images/train/5370.jpg False, 0, 0, 0, 0, 0
images/train/5371.jpg True, 33, 15, 96, 17, 18
images/train/5372.jpg True, 20, 21, 99, 11, 12
images/train/5373.jpg True, 17, 33, 31, 4, 14
images/train/5374.jpg True, 15, 25, 148, 22, 19
images/train/5375.jpg True, 19, 28, 346, 15, 6
images/train/5376.jpg False, 0, 0, 0, 0, 0
images/train/5377.jpg True, 27, 31, 323, 3, 9
images/train/5378.jpg True, 22, 18, 158, 14, 13
images/train/5379.jpg True, 32, 20, 344, 22, 19
images/train/5380.jpg True, 20, 32, 250, 22, 14
images/train/5381.jpg True, 20, 27, 0, 16, 18
images/train/5382.jpg True, 28, 17, 77, 19, 23
images/train/5383.jpg False, 0, 0, 0, 0, 0
images/train/5384.jpg True, 25, 31, 130, 12, 19
images/train/5385.jpg True, 21, 34, 345, 9, 5
images/train/5386.jpg True, 29, 32, 167, 3, 10
images/train/5387.jpg False, 0, 0, 0, 0, 0
images/train/5388.jpg False, 0, 0, 0, 0, 0
images/train/5389.jpg True, 34, 15, 225, 8, 20
images/train/5390.jpg False, 0, 0, 0, 0, 0
images/train/5391.jpg True, 23, 33, 345, 13, 23
images/train/5392.jpg True, 20, 22, 270, 22, 16
images/train/5393.jpg True, 33, 29, 342, 22, 12
images/train/5394.jpg False, 0, 0, 0, 0, 0
images/train/5395.jpg True, 23, 28, 52, 5, 7
images/train/5396.jpg False, 0, 0, 0, 0, 0
images/train/5397.jpg True, 31, 22, 278, 3, 4
images/train/5398.jpg True, 34, 16, 161, 19, 7
images/train/5399.jpg False, 0, 0, 0, 0, 0
images/train/5400.jpg True, 27, 18, 195, 17, 10
images/train/5401.jpg False, 0, 0, 0, 0, 0
images/train/5402.jpg True, 19, 16, 240, 13, 14
images/train/5403.jpg True, 34, 21, 274, 17, 21
images/train/5404.jpg False, 0, 0, 0, 0, 0
images/train/5405.jpg False, 0, 0, 0, 0, 0
images/train/5406.jpg True, 34, 34, 41, 19, 24
images/train/5407.jpg True, 24, 20, 328, 5, 4
images/train/5408.jpg False, 0, 0, 0, 0, 0
images/train/5409.jpg True, 29, 29, 69, 5, 17
images/train/5410.jpg True, 32, 32, 6, 18, 13
images/train/5411.jpg True, 32, 32, 25, 22, 15
images/train/5412.jpg False, 0, 0, 0, 0, 0
images/train/5413.jpg True, 15, 19, 20, 10, 3
images/train/5414.jpg False, 0, 0, 0, 0, 0
images/train/5415.jpg True, 18, 27, 181, 19, 20
images/train/5416.jpg False, 0, 0, 0, 0, 0
images/train/5417.jpg True, 28, 22, 163, 21, 9
images/train/5418.jpg True, 34, 26, 346, 20, 8
images/train/5419.jpg True, 26, 34, 24, 23, 10
images/train/5420.jpg False, 0, 0, 0, 0, 0
images/train/5421.jpg True, 22, 29, 125, 13, 8
images/train/5422.jpg True, 31, 22, 79, 18, 6
images/train/5423.jpg False, 0, 0, 0, 0, 0
images/train/5424.jpg False, 0, 0, 0, 0, 0
images/train/5425.jpg False, 0, 0, 0, 0, 0
images/train/5426.jpg False, 0, 0, 0, 0, 0
images/train/5427.jpg False, 0, 0, 0, 0, 0
images/train/5428.jpg True, 34, 26, 83, 18, 4
images/train/5429.jpg True, 25, 19, 192, 20, 23
images/train/5430.jpg True, 28, 18, 315, 5, 16
images/train/5431.jpg True, 22, 22, 55, 11, 10
images/train/5432.jpg False, 0, 0, 0, 0, 0
images/train/5433.jpg False, 0, 0, 0, 0, 0
images/train/5434.jpg True, 19, 26, 261, 20, 11
images/train/5435.jpg True, 33, 15, 47, 23, 11
images/train/5436.jpg True, 19, 23, 32, 11, 19
images/train/5437.jpg True, 23, 30, 139, 13, 22
images/train/5438.jpg True, 26, 16, 231, 19, 24
images/train/5439.jpg True, 27, 26, 183, 13, 20
images/train/5440.jpg True, 18, 33, 174, 7, 17
images/train/5441.jpg True, 19, 22, 26, 19, 19
images/train/5442.jpg True, 30, 19, 249, 18, 21
images/train/5443.jpg True, 17, 31, 103, 22, 11
images/train/5444.jpg True, 15, 23, 351, 9, 21
images/train/5445.jpg False, 0, 0, 0, 0, 0
images/train/5446.jpg True, 34, 17, 115, 7, 9
images/train/5447.jpg False, 0, 0, 0, 0, 0
images/train/5448.jpg True, 18, 24, 248, 3, 14
images/train/5449.jpg True, 32, 31, 26, 24, 10
images/train/5450.jpg True, 16, 31, 253, 3, 19
images/train/5451.jpg True, 29, 20, 72, 17, 7
images/train/5452.jpg True, 20, 17, 337, 19, 4
images/train/5453.jpg True, 24, 23, 41, 12, 20
images/train/5454.jpg False, 0, 0, 0, 0, 0
images/train/5455.jpg True, 23, 28, 61, 19, 22
images/train/5456.jpg False, 0, 0, 0, 0, 0
images/train/5457.jpg True, 29, 26, 77, 3, 21
images/train/5458.jpg False, 0, 0, 0, 0, 0
images/train/5459.jpg False, 0, 0, 0, 0, 0
images/train/5460.jpg False, 0, 0, 0, 0, 0
images/train/5461.jpg False, 0, 0, 0, 0, 0
images/train/5462.jpg False, 0, 0, 0, 0, 0
images/train/5463.jpg True, 24, 19, 116, 24, 20
images/train/5464.jpg False, 0, 0, 0, 0, 0
images/train/5465.jpg True, 16, 27, 338, 4, 13
images/train/5466.jpg True, 27, 25, 269, 4, 8
images/train/5467.jpg True, 17, 29, 67, 17, 12
images/train/5468.jpg True, 26, 17, 28, 7, 21
images/train/5469.jpg False, 0, 0, 0, 0, 0
images/train/5470.jpg True, 19, 20, 196, 4, 24
images/train/5471.jpg True, 25, 23, 290, 5, 22
images/train/5472.jpg True, 31, 15, 233, 8, 18
images/train/5473.jpg True, 30, 29, 33, 4, 7
images/train/5474.jpg True, 30, 29, 115, 3, 3
images/train/5475.jpg True, 15, 22, 69, 18, 8
images/train/5476.jpg True, 26, 24, 353, 23, 14
images/train/5477.jpg True, 25, 17, 308, 24, 24
images/train/5478.jpg False, 0, 0, 0, 0, 0
images/train/5479.jpg False, 0, 0, 0, 0, 0
images/train/5480.jpg True, 17, 20, 26, 20, 12
images/train/5481.jpg False, 0, 0, 0, 0, 0
images/train/5482.jpg True, 18, 33, 302, 12, 6
images/train/5483.jpg True, 19, 22, 283, 24, 4
images/train/5484.jpg True, 31, 27, 186, 10, 10
images/train/5485.jpg True, 21, 27, 170, 12, 5
images/train/5486.jpg True, 17, 21, 357, 3, 12
images/train/5487.jpg True, 29, 34, 136, 19, 7
images/train/5488.jpg True, 18, 15, 190, 16, 14
images/train/5489.jpg True, 18, 29, 215, 4, 12
images/train/5490.jpg True, 34, 25, 149, 13, 14
images/train/5491.jpg True, 28, 17, 41, 9, 3
images/train/5492.jpg False, 0, 0, 0, 0, 0
images/train/5493.jpg False, 0, 0, 0, 0, 0
images/train/5494.jpg True, 30, 21, 273, 19, 17
images/train/5495.jpg True, 20, 22, 199, 9, 17
images/train/5496.jpg True, 15, 22, 49, 12, 5
images/train/5497.jpg True, 34, 33, 32, 21, 6
images/train/5498.jpg False, 0, 0, 0, 0, 0
images/train/5499.jpg True, 27, 34, 1, 5, 14
images/train/5500.jpg True, 20, 32, 199, 12, 13
images/train/5501.jpg False, 0, 0, 0, 0, 0
images/train/5502.jpg True, 22, 15, 329, 4, 16
images/train/5503.jpg True, 30, 29, 331, 3, 12
images/train/5504.jpg False, 0, 0, 0, 0, 0
images/train/5505.jpg False, 0, 0, 0, 0, 0
images/train/5506.jpg False, 0, 0, 0, 0, 0
images/train/5507.jpg True, 33, 16, 101, 15, 13
images/train/5508.jpg True, 21, 32, 305, 8, 9
images/train/5509.jpg True, 16, 18, 220, 21, 13
images/train/5510.jpg True, 31, 24, 186, 8, 24
images/train/5511.jpg True, 16, 19, 329, 19, 16
images/train/5512.jpg False, 0, 0, 0, 0, 0
images/train/5513.jpg True, 23, 26, 146, 22, 20
images/train/5514.jpg True, 23, 21, 60, 7, 22
images/train/5515.jpg True, 20, 34, 261, 7, 14
images/train/5516.jpg True, 24, 27, 24, 12, 18
images/train/5517.jpg True, 26, 25, 288, 6, 7
images/train/5518.jpg False, 0, 0, 0, 0, 0
images/train/5519.jpg True, 16, 28, 58, 10, 18
images/train/5520.jpg False, 0, 0, 0, 0, 0
images/train/5521.jpg True, 33, 15, 78, 17, 17
images/train/5522.jpg True, 24, 30, 230, 15, 5
images/train/5523.jpg True, 24, 23, 175, 19, 13
images/train/5524.jpg True, 21, 30, 241, 5, 14
images/train/5525.jpg True, 23, 24, 328, 14, 23
images/train/5526.jpg False, 0, 0, 0, 0, 0
images/train/5527.jpg True, 26, 22, 167, 9, 14
images/train/5528.jpg True, 24, 15, 332, 6, 5
images/train/5529.jpg True, 15, 23, 302, 15, 4
images/train/5530.jpg True, 33, 21, 212, 7, 14
images/train/5531.jpg True, 30, 18, 38, 22, 6
images/train/5532.jpg False, 0, 0, 0, 0, 0
images/train/5533.jpg True, 31, 22, 89, 19, 23
images/train/5534.jpg True, 28, 28, 180, 24, 20
images/train/5535.jpg False, 0, 0, 0, 0, 0
images/train/5536.jpg True, 31, 19, 50, 18, 19
images/train/5537.jpg True, 30, 26, 149, 7, 24
images/train/5538.jpg False, 0, 0, 0, 0, 0
images/train/5539.jpg True, 29, 23, 273, 10, 20
images/train/5540.jpg True, 18, 16, 106, 20, 11
images/train/5541.jpg True, 33, 28, 5, 10, 3
images/train/5542.jpg True, 22, 30, 152, 5, 4
images/train/5543.jpg False, 0, 0, 0, 0, 0
images/train/5544.jpg True, 29, 26, 48, 20, 12
images/train/5545.jpg True, 15, 25, 103, 9, 8
images/train/5546.jpg True, 24, 29, 97, 23, 16
images/train/5547.jpg False, 0, 0, 0, 0, 0
images/train/5548.jpg False, 0, 0, 0, 0, 0
images/train/5549.jpg True, 24, 34, 254, 18, 8
images/train/5550.jpg True, 19, 23, 330, 17, 14
images/train/5551.jpg True, 28, 21, 237, 9, 4
images/train/5552.jpg False, 0, 0, 0, 0, 0
images/train/5553.jpg False, 0, 0, 0, 0, 0
images/train/5554.jpg True, 24, 15, 344, 5, 17
images/train/5555.jpg True, 19, 21, 156, 18, 24
images/train/5556.jpg False, 0, 0, 0, 0, 0
images/train/5557.jpg True, 15, 20, 350, 16, 13
images/train/5558.jpg True, 28, 15, 14, 17, 3
images/train/5559.jpg True, 24, 29, 318, 10, 4
images/train/5560.jpg False, 0, 0, 0, 0, 0
images/train/5561.jpg True, 28, 31, 139, 15, 3
images/train/5562.jpg True, 29, 27, 182, 5, 7
images/train/5563.jpg True, 15, 34, 144, 3, 17
images/train/5564.jpg True, 27, 24, 71, 10, 7
images/train/5565.jpg True, 30, 27, 128, 12, 7
images/train/5566.jpg True, 29, 16, 295, 14, 8
images/train/5567.jpg True, 33, 21, 347, 21, 18
images/train/5568.jpg True, 18, 22, 68, 22, 21
images/train/5569.jpg True, 19, 15, 180, 17, 6
images/train/5570.jpg False, 0, 0, 0, 0, 0
images/train/5571.jpg False, 0, 0, 0, 0, 0
images/train/5572.jpg True, 26, 30, 55, 8, 15
images/train/5573.jpg True, 28, 30, 209, 9, 12
images/train/5574.jpg True, 17, 18, 78, 22, 24
images/train/5575.jpg True, 24, 18, 306, 24, 4
images/train/5576.jpg True, 27, 17, 153, 3, 10
images/train/5577.jpg True, 32, 29, 95, 12, 5
images/train/5578.jpg True, 27, 28, 265, 21, 7
images/train/5579.jpg True, 19, 18, 72, 5, 11
images/train/5580.jpg False, 0, 0, 0, 0, 0
images/train/5581.jpg True, 31, 23, 134, 13, 9
images/train/5582.jpg True, 22, 32, 169, 10, 12
images/train/5583.jpg True, 17, 22, 240, 10, 8
images/train/5584.jpg True, 26, 30, 133, 8, 20
images/train/5585.jpg False, 0, 0, 0, 0, 0
images/train/5586.jpg True, 34, 18, 71, 19, 22
images/train/5587.jpg True, 16, 28, 274, 10, 21
images/train/5588.jpg False, 0, 0, 0, 0, 0
images/train/5589.jpg True, 22, 25, 234, 15, 23
images/train/5590.jpg True, 20, 20, 255, 19, 12
images/train/5591.jpg True, 21, 33, 227, 6, 20
images/train/5592.jpg True, 15, 27, 155, 3, 12
images/train/5593.jpg False, 0, 0, 0, 0, 0
images/train/5594.jpg True, 21, 23, 124, 19, 17
images/train/5595.jpg False, 0, 0, 0, 0, 0
images/train/5596.jpg False, 0, 0, 0, 0, 0
images/train/5597.jpg True, 34, 23, 96, 15, 19
images/train/5598.jpg False, 0, 0, 0, 0, 0
images/train/5599.jpg True, 19, 32, 334, 21, 23
images/train/5600.jpg True, 22, 18, 124, 18, 12
images/train/5601.jpg True, 15, 28, 342, 14, 21
images/train/5602.jpg True, 29, 28, 331, 4, 10
images/train/5603.jpg False, 0, 0, 0, 0, 0
images/train/5604.jpg True, 18, 32, 176, 16, 24
images/train/5605.jpg False, 0, 0, 0, 0, 0
images/train/5606.jpg True, 31, 18, 3, 21, 7
images/train/5607.jpg True, 15, 24, 265, 20, 4
images/train/5608.jpg True, 24, 24, 213, 11, 20
images/train/5609.jpg True, 18, 34, 325, 14, 6
images/train/5610.jpg False, 0, 0, 0, 0, 0
images/train/5611.jpg True, 34, 25, 84, 21, 12
images/train/5612.jpg False, 0, 0, 0, 0, 0
images/train/5613.jpg True, 31, 31, 234, 6, 3
images/train/5614.jpg False, 0, 0, 0, 0, 0
images/train/5615.jpg True, 18, 20, 326, 4, 16
images/train/5616.jpg False, 0, 0, 0, 0, 0
images/train/5617.jpg False, 0, 0, 0, 0, 0
images/train/5618.jpg True, 27, 26, 88, 21, 5
images/train/5619.jpg True, 16, 31, 208, 14, 23
images/train/5620.jpg False, 0, 0, 0, 0, 0
images/train/5621.jpg False, 0, 0, 0, 0, 0
images/train/5622.jpg True, 29, 15, 212, 11, 21
images/train/5623.jpg True, 25, 17, 333, 12, 4
images/train/5624.jpg False, 0, 0, 0, 0, 0
images/train/5625.jpg False, 0, 0, 0, 0, 0
images/train/5626.jpg False, 0, 0, 0, 0, 0
images/train/5627.jpg True, 26, 19, 247, 20, 17
images/train/5628.jpg True, 26, 21, 194, 24, 9
images/train/5629.jpg True, 23, 22, 337, 17, 4
images/train/5630.jpg True, 26, 27, 104, 20, 20
images/train/5631.jpg True, 20, 20, 307, 19, 8
images/train/5632.jpg True, 32, 25, 148, 9, 9
images/train/5633.jpg False, 0, 0, 0, 0, 0
images/train/5634.jpg False, 0, 0, 0, 0, 0
images/train/5635.jpg True, 30, 17, 221, 21, 22
images/train/5636.jpg True, 31, 23, 16, 9, 13
images/train/5637.jpg False, 0, 0, 0, 0, 0
images/train/5638.jpg True, 15, 21, 135, 9, 16
images/train/5639.jpg False, 0, 0, 0, 0, 0
images/train/5640.jpg True, 33, 15, 165, 20, 11
images/train/5641.jpg False, 0, 0, 0, 0, 0
images/train/5642.jpg True, 19, 24, 294, 15, 15
images/train/5643.jpg False, 0, 0, 0, 0, 0
images/train/5644.jpg True, 17, 18, 11, 13, 20
images/train/5645.jpg False, 0, 0, 0, 0, 0
images/train/5646.jpg True, 30, 19, 359, 18, 23
images/train/5647.jpg False, 0, 0, 0, 0, 0
images/train/5648.jpg False, 0, 0, 0, 0, 0
images/train/5649.jpg True, 24, 30, 346, 4, 12
images/train/5650.jpg False, 0, 0, 0, 0, 0
images/train/5651.jpg True, 34, 33, 202, 5, 7
images/train/5652.jpg False, 0, 0, 0, 0, 0
images/train/5653.jpg True, 26, 17, 171, 24, 8
images/train/5654.jpg False, 0, 0, 0, 0, 0
images/train/5655.jpg True, 27, 32, 314, 17, 16
images/train/5656.jpg True, 32, 26, 140, 20, 5
images/train/5657.jpg True, 22, 34, 127, 18, 16
images/train/5658.jpg True, 18, 18, 273, 20, 13
images/train/5659.jpg False, 0, 0, 0, 0, 0
images/train/5660.jpg False, 0, 0, 0, 0, 0
images/train/5661.jpg True, 26, 29, 221, 15, 22
images/train/5662.jpg True, 33, 21, 99, 22, 18
images/train/5663.jpg True, 30, 17, 318, 14, 19
images/train/5664.jpg True, 26, 22, 13, 16, 21
images/train/5665.jpg True, 21, 32, 320, 16, 22
images/train/5666.jpg False, 0, 0, 0, 0, 0
images/train/5667.jpg True, 20, 21, 135, 23, 7
images/train/5668.jpg True, 29, 24, 137, 13, 14
images/train/5669.jpg True, 32, 19, 242, 15, 16
images/train/5670.jpg False, 0, 0, 0, 0, 0
images/train/5671.jpg True, 18, 18, 57, 14, 18
images/train/5672.jpg True, 34, 15, 338, 13, 9
images/train/5673.jpg True, 21, 27, 343, 12, 13
images/train/5674.jpg True, 30, 16, 29, 3, 15
images/train/5675.jpg True, 17, 24, 228, 18, 7
images/train/5676.jpg True, 19, 32, 203, 9, 13
images/train/5677.jpg True, 16, 23, 227, 3, 22
images/train/5678.jpg False, 0, 0, 0, 0, 0
images/train/5679.jpg True, 15, 30, 5, 21, 20
images/train/5680.jpg True, 17, 31, 47, 13, 5
images/train/5681.jpg True, 16, 33, 246, 11, 10
images/train/5682.jpg True, 22, 28, 325, 10, 22
images/train/5683.jpg True, 30, 16, 295, 7, 14
images/train/5684.jpg False, 0, 0, 0, 0, 0
images/train/5685.jpg True, 31, 34, 344, 6, 5
images/train/5686.jpg True, 24, 32, 317, 12, 22
images/train/5687.jpg False, 0, 0, 0, 0, 0
images/train/5688.jpg True, 32, 22, 309, 17, 8
images/train/5689.jpg True, 28, 25, 335, 3, 6
images/train/5690.jpg True, 29, 16, 272, 3, 24
images/train/5691.jpg False, 0, 0, 0, 0, 0
images/train/5692.jpg True, 29, 17, 209, 14, 14
images/train/5693.jpg True, 22, 24, 342, 4, 17
images/train/5694.jpg False, 0, 0, 0, 0, 0
images/train/5695.jpg False, 0, 0, 0, 0, 0
images/train/5696.jpg True, 34, 26, 265, 8, 18
images/train/5697.jpg True, 29, 20, 9, 10, 14
images/train/5698.jpg True, 22, 16, 238, 4, 14
images/train/5699.jpg False, 0, 0, 0, 0, 0
images/train/5700.jpg False, 0, 0, 0, 0, 0
images/train/5701.jpg True, 25, 19, 253, 8, 22
images/train/5702.jpg True, 18, 15, 312, 17, 5
images/train/5703.jpg True, 20, 25, 176, 24, 14
images/train/5704.jpg True, 21, 27, 132, 6, 4
images/train/5705.jpg True, 18, 16, 108, 22, 21
images/train/5706.jpg True, 27, 16, 202, 20, 15
images/train/5707.jpg True, 20, 21, 44, 12, 17
images/train/5708.jpg True, 31, 17, 258, 19, 3
images/train/5709.jpg True, 34, 22, 120, 17, 21
images/train/5710.jpg True, 17, 19, 40, 20, 4
images/train/5711.jpg True, 34, 27, 197, 5, 4
images/train/5712.jpg True, 23, 21, 202, 4, 10
images/train/5713.jpg True, 24, 31, 200, 11, 22
images/train/5714.jpg False, 0, 0, 0, 0, 0
images/train/5715.jpg False, 0, 0, 0, 0, 0
images/train/5716.jpg False, 0, 0, 0, 0, 0
images/train/5717.jpg False, 0, 0, 0, 0, 0
images/train/5718.jpg True, 18, 34, 306, 13, 13
images/train/5719.jpg True, 32, 15, 42, 8, 17
images/train/5720.jpg True, 28, 21, 213, 24, 23
images/train/5721.jpg True, 33, 19, 34, 18, 16
images/train/5722.jpg False, 0, 0, 0, 0, 0
images/train/5723.jpg True, 31, 21, 50, 18, 7
images/train/5724.jpg True, 25, 23, 6, 18, 17
images/train/5725.jpg False, 0, 0, 0, 0, 0
images/train/5726.jpg True, 34, 30, 99, 16, 14
images/train/5727.jpg True, 30, 33, 74, 3, 13
images/train/5728.jpg False, 0, 0, 0, 0, 0
images/train/5729.jpg True, 22, 24, 159, 4, 12
images/train/5730.jpg True, 28, 25, 41, 13, 11
images/train/5731.jpg True, 21, 26, 87, 3, 3
images/train/5732.jpg True, 28, 33, 88, 20, 12
images/train/5733.jpg True, 17, 16, 12, 6, 20
images/train/5734.jpg True, 34, 20, 281, 17, 3
images/train/5735.jpg True, 18, 32, 193, 8, 5
images/train/5736.jpg False, 0, 0, 0, 0, 0
images/train/5737.jpg True, 30, 18, 181, 22, 21
images/train/5738.jpg True, 27, 19, 327, 23, 3
images/train/5739.jpg False, 0, 0, 0, 0, 0
images/train/5740.jpg False, 0, 0, 0, 0, 0
images/train/5741.jpg True, 30, 31, 354, 21, 22
images/train/5742.jpg True, 27, 28, 7, 15, 10
images/train/5743.jpg False, 0, 0, 0, 0, 0
images/train/5744.jpg False, 0, 0, 0, 0, 0
images/train/5745.jpg False, 0, 0, 0, 0, 0
images/train/5746.jpg True, 15, 20, 97, 4, 23
images/train/5747.jpg False, 0, 0, 0, 0, 0
images/train/5748.jpg False, 0, 0, 0, 0, 0
images/train/5749.jpg True, 33, 19, 327, 12, 17
images/train/5750.jpg True, 26, 31, 313, 6, 13
images/train/5751.jpg False, 0, 0, 0, 0, 0
images/train/5752.jpg True, 18, 21, 101, 20, 18
images/train/5753.jpg False, 0, 0, 0, 0, 0
images/train/5754.jpg False, 0, 0, 0, 0, 0
images/train/5755.jpg True, 17, 29, 65, 24, 5
images/train/5756.jpg True, 27, 24, 146, 13, 8
images/train/5757.jpg True, 30, 34, 318, 19, 7
images/train/5758.jpg False, 0, 0, 0, 0, 0
images/train/5759.jpg True, 17, 15, 48, 19, 5
images/train/5760.jpg True, 18, 19, 211, 14, 5
images/train/5761.jpg False, 0, 0, 0, 0, 0
images/train/5762.jpg True, 27, 23, 73, 5, 12
images/train/5763.jpg True, 21, 17, 223, 24, 5
images/train/5764.jpg True, 25, 19, 350, 19, 16
images/train/5765.jpg True, 27, 27, 28, 18, 24
images/train/5766.jpg False, 0, 0, 0, 0, 0
images/train/5767.jpg True, 28, 32, 253, 11, 16
images/train/5768.jpg False, 0, 0, 0, 0, 0
images/train/5769.jpg False, 0, 0, 0, 0, 0
images/train/5770.jpg True, 15, 25, 82, 17, 5
images/train/5771.jpg True, 33, 29, 326, 12, 23
images/train/5772.jpg True, 17, 17, 122, 20, 23
images/train/5773.jpg True, 26, 23, 331, 22, 11
images/train/5774.jpg False, 0, 0, 0, 0, 0
images/train/5775.jpg False, 0, 0, 0, 0, 0
images/train/5776.jpg True, 32, 19, 147, 20, 7
images/train/5777.jpg True, 23, 20, 44, 20, 5
images/train/5778.jpg False, 0, 0, 0, 0, 0
images/train/5779.jpg False, 0, 0, 0, 0, 0
images/train/5780.jpg True, 24, 26, 28, 9, 3
images/train/5781.jpg True, 30, 32, 165, 15, 15
images/train/5782.jpg False, 0, 0, 0, 0, 0
images/train/5783.jpg True, 21, 31, 83, 23, 4
images/train/5784.jpg True, 33, 24, 192, 19, 9
images/train/5785.jpg False, 0, 0, 0, 0, 0
images/train/5786.jpg False, 0, 0, 0, 0, 0
images/train/5787.jpg True, 31, 29, 182, 20, 20
images/train/5788.jpg True, 18, 32, 324, 6, 18
images/train/5789.jpg False, 0, 0, 0, 0, 0
images/train/5790.jpg True, 23, 33, 217, 22, 10
images/train/5791.jpg False, 0, 0, 0, 0, 0
images/train/5792.jpg False, 0, 0, 0, 0, 0
images/train/5793.jpg True, 19, 26, 282, 16, 21
images/train/5794.jpg True, 17, 32, 247, 18, 16
images/train/5795.jpg True, 18, 30, 270, 18, 17
images/train/5796.jpg True, 27, 19, 155, 4, 4
images/train/5797.jpg True, 15, 15, 185, 9, 23
images/train/5798.jpg True, 32, 18, 87, 19, 13
images/train/5799.jpg False, 0, 0, 0, 0, 0
images/train/5800.jpg True, 16, 24, 210, 5, 21
images/train/5801.jpg True, 27, 22, 274, 11, 9
images/train/5802.jpg True, 21, 32, 26, 6, 12
images/train/5803.jpg True, 26, 17, 149, 16, 6
images/train/5804.jpg True, 28, 21, 336, 7, 16
images/train/5805.jpg False, 0, 0, 0, 0, 0
images/train/5806.jpg True, 29, 20, 148, 21, 7
images/train/5807.jpg False, 0, 0, 0, 0, 0
images/train/5808.jpg True, 16, 20, 231, 23, 6
images/train/5809.jpg True, 33, 33, 192, 24, 20
images/train/5810.jpg False, 0, 0, 0, 0, 0
images/train/5811.jpg True, 17, 17, 196, 21, 18
images/train/5812.jpg False, 0, 0, 0, 0, 0
images/train/5813.jpg True, 33, 17, 339, 11, 16
images/train/5814.jpg False, 0, 0, 0, 0, 0
images/train/5815.jpg True, 34, 22, 43, 10, 8
images/train/5816.jpg False, 0, 0, 0, 0, 0
images/train/5817.jpg True, 28, 31, 139, 18, 19
images/train/5818.jpg False, 0, 0, 0, 0, 0
images/train/5819.jpg True, 15, 31, 99, 13, 15
images/train/5820.jpg True, 17, 27, 230, 11, 9
images/train/5821.jpg True, 15, 25, 306, 20, 16
images/train/5822.jpg True, 18, 17, 11, 15, 24
images/train/5823.jpg True, 21, 17, 151, 4, 5
images/train/5824.jpg True, 27, 17, 185, 5, 11
images/train/5825.jpg True, 16, 23, 86, 17, 10
images/train/5826.jpg True, 26, 17, 200, 5, 3
images/train/5827.jpg True, 27, 17, 43, 3, 23
images/train/5828.jpg True, 25, 15, 329, 9, 13
images/train/5829.jpg True, 28, 18, 349, 10, 4
images/train/5830.jpg False, 0, 0, 0, 0, 0
images/train/5831.jpg True, 21, 28, 4, 18, 23
images/train/5832.jpg True, 28, 24, 277, 15, 11
images/train/5833.jpg True, 28, 24, 72, 5, 3
images/train/5834.jpg True, 30, 32, 318, 12, 4
images/train/5835.jpg False, 0, 0, 0, 0, 0
images/train/5836.jpg True, 23, 29, 22, 9, 11
images/train/5837.jpg False, 0, 0, 0, 0, 0
images/train/5838.jpg True, 17, 34, 245, 16, 13
images/train/5839.jpg True, 27, 34, 216, 10, 4
images/train/5840.jpg True, 28, 29, 151, 13, 4
images/train/5841.jpg False, 0, 0, 0, 0, 0
images/train/5842.jpg False, 0, 0, 0, 0, 0
images/train/5843.jpg False, 0, 0, 0, 0, 0
images/train/5844.jpg False, 0, 0, 0, 0, 0
images/train/5845.jpg True, 22, 28, 290, 20, 9
images/train/5846.jpg False, 0, 0, 0, 0, 0
images/train/5847.jpg True, 33, 33, 318, 22, 23
images/train/5848.jpg False, 0, 0, 0, 0, 0
images/train/5849.jpg True, 18, 30, 109, 11, 6
images/train/5850.jpg False, 0, 0, 0, 0, 0
images/train/5851.jpg True, 27, 16, 95, 18, 11
images/train/5852.jpg False, 0, 0, 0, 0, 0
images/train/5853.jpg True, 17, 32, 166, 14, 12
images/train/5854.jpg False, 0, 0, 0, 0, 0
images/train/5855.jpg True, 33, 30, 9, 11, 6
images/train/5856.jpg False, 0, 0, 0, 0, 0
images/train/5857.jpg False, 0, 0, 0, 0, 0
images/train/5858.jpg True, 31, 18, 259, 8, 23
images/train/5859.jpg True, 28, 34, 155, 20, 9
images/train/5860.jpg True, 33, 19, 58, 12, 11
images/train/5861.jpg True, 28, 22, 122, 11, 3
images/train/5862.jpg True, 23, 17, 287, 8, 12
images/train/5863.jpg True, 15, 24, 337, 24, 19
images/train/5864.jpg True, 28, 16, 194, 20, 22
images/train/5865.jpg True, 27, 20, 39, 15, 19
images/train/5866.jpg True, 33, 18, 19, 11, 16
images/train/5867.jpg False, 0, 0, 0, 0, 0
images/train/5868.jpg True, 17, 15, 91, 3, 18
images/train/5869.jpg True, 34, 29, 210, 11, 22
images/train/5870.jpg False, 0, 0, 0, 0, 0
images/train/5871.jpg True, 26, 24, 16, 24, 7
images/train/5872.jpg False, 0, 0, 0, 0, 0
images/train/5873.jpg True, 21, 17, 19, 12, 16
images/train/5874.jpg False, 0, 0, 0, 0, 0
images/train/5875.jpg False, 0, 0, 0, 0, 0
images/train/5876.jpg True, 17, 22, 127, 5, 11
images/train/5877.jpg True, 30, 17, 137, 20, 4
images/train/5878.jpg True, 20, 22, 212, 10, 20
images/train/5879.jpg True, 19, 30, 202, 9, 7
images/train/5880.jpg True, 16, 16, 332, 4, 3
images/train/5881.jpg True, 15, 15, 25, 22, 16
images/train/5882.jpg False, 0, 0, 0, 0, 0
images/train/5883.jpg False, 0, 0, 0, 0, 0
images/train/5884.jpg False, 0, 0, 0, 0, 0
images/train/5885.jpg False, 0, 0, 0, 0, 0
images/train/5886.jpg True, 18, 16, 353, 7, 22
images/train/5887.jpg True, 24, 25, 47, 15, 8
images/train/5888.jpg True, 28, 17, 42, 24, 10
images/train/5889.jpg False, 0, 0, 0, 0, 0
images/train/5890.jpg False, 0, 0, 0, 0, 0
images/train/5891.jpg True, 28, 28, 265, 22, 24
images/train/5892.jpg True, 33, 15, 82, 15, 19
images/train/5893.jpg True, 30, 34, 40, 17, 19
images/train/5894.jpg True, 31, 20, 216, 19, 7
images/train/5895.jpg True, 32, 33, 322, 10, 5
images/train/5896.jpg True, 17, 31, 124, 10, 9
images/train/5897.jpg False, 0, 0, 0, 0, 0
images/train/5898.jpg False, 0, 0, 0, 0, 0
images/train/5899.jpg True, 29, 23, 86, 23, 21
images/train/5900.jpg True, 22, 27, 293, 18, 19
images/train/5901.jpg True, 18, 26, 271, 4, 18
images/train/5902.jpg True, 18, 31, 282, 20, 3
images/train/5903.jpg True, 15, 17, 28, 21, 8
images/train/5904.jpg False, 0, 0, 0, 0, 0
images/train/5905.jpg True, 33, 24, 275, 19, 15
images/train/5906.jpg True, 33, 27, 117, 13, 8
images/train/5907.jpg False, 0, 0, 0, 0, 0
images/train/5908.jpg True, 33, 21, 14, 8, 15
images/train/5909.jpg False, 0, 0, 0, 0, 0
images/train/5910.jpg True, 29, 26, 104, 17, 18
images/train/5911.jpg False, 0, 0, 0, 0, 0
images/train/5912.jpg True, 28, 30, 16, 15, 3
images/train/5913.jpg False, 0, 0, 0, 0, 0
images/train/5914.jpg False, 0, 0, 0, 0, 0
images/train/5915.jpg True, 31, 21, 105, 7, 12
images/train/5916.jpg True, 29, 23, 328, 18, 7
images/train/5917.jpg True, 25, 16, 262, 7, 18
images/train/5918.jpg False, 0, 0, 0, 0, 0
images/train/5919.jpg False, 0, 0, 0, 0, 0
images/train/5920.jpg False, 0, 0, 0, 0, 0
images/train/5921.jpg True, 27, 23, 314, 13, 9
images/train/5922.jpg False, 0, 0, 0, 0, 0
images/train/5923.jpg True, 20, 24, 313, 22, 18
images/train/5924.jpg True, 32, 24, 177, 17, 11
images/train/5925.jpg True, 22, 26, 320, 12, 22
images/train/5926.jpg False, 0, 0, 0, 0, 0
images/train/5927.jpg True, 22, 33, 11, 8, 24
images/train/5928.jpg True, 26, 17, 332, 5, 18
images/train/5929.jpg True, 17, 19, 246, 11, 4
images/train/5930.jpg True, 32, 19, 166, 7, 24
images/train/5931.jpg True, 21, 17, 34, 13, 9
images/train/5932.jpg True, 27, 18, 199, 23, 14
images/train/5933.jpg True, 32, 22, 147, 23, 7
images/train/5934.jpg True, 27, 31, 284, 13, 24
images/train/5935.jpg True, 18, 27, 290, 24, 3
images/train/5936.jpg True, 31, 15, 76, 17, 9
images/train/5937.jpg True, 25, 28, 94, 20, 9
images/train/5938.jpg True, 31, 27, 113, 6, 7
images/train/5939.jpg True, 21, 27, 243, 6, 8
images/train/5940.jpg False, 0, 0, 0, 0, 0
images/train/5941.jpg True, 19, 17, 264, 23, 7
images/train/5942.jpg True, 19, 17, 232, 5, 5
images/train/5943.jpg True, 17, 16, 272, 14, 6
images/train/5944.jpg True, 21, 19, 265, 19, 21
images/train/5945.jpg False, 0, 0, 0, 0, 0
images/train/5946.jpg True, 22, 25, 301, 24, 19
images/train/5947.jpg True, 20, 23, 235, 22, 6
images/train/5948.jpg False, 0, 0, 0, 0, 0
images/train/5949.jpg True, 17, 24, 52, 4, 19
images/train/5950.jpg False, 0, 0, 0, 0, 0
images/train/5951.jpg True, 20, 17, 165, 19, 5
images/train/5952.jpg True, 23, 16, 232, 18, 20
images/train/5953.jpg False, 0, 0, 0, 0, 0
images/train/5954.jpg False, 0, 0, 0, 0, 0
images/train/5955.jpg True, 25, 22, 57, 11, 5
images/train/5956.jpg False, 0, 0, 0, 0, 0
images/train/5957.jpg True, 28, 17, 64, 7, 24
images/train/5958.jpg True, 18, 28, 278, 24, 7
images/train/5959.jpg False, 0, 0, 0, 0, 0
images/train/5960.jpg True, 34, 25, 296, 5, 7
images/train/5961.jpg True, 29, 20, 340, 15, 16
images/train/5962.jpg True, 16, 26, 102, 14, 4
images/train/5963.jpg True, 34, 23, 152, 13, 14
images/train/5964.jpg True, 30, 28, 229, 16, 18
images/train/5965.jpg True, 23, 15, 60, 15, 21
images/train/5966.jpg False, 0, 0, 0, 0, 0
images/train/5967.jpg True, 17, 25, 168, 7, 11
images/train/5968.jpg True, 18, 33, 349, 4, 21
images/train/5969.jpg True, 24, 24, 258, 8, 20
images/train/5970.jpg True, 27, 24, 78, 19, 14
images/train/5971.jpg True, 34, 33, 130, 11, 15
images/train/5972.jpg True, 17, 24, 175, 10, 16
images/train/5973.jpg True, 16, 24, 165, 5, 19
images/train/5974.jpg True, 33, 16, 341, 11, 10
images/train/5975.jpg True, 29, 28, 273, 16, 16
images/train/5976.jpg True, 30, 20, 173, 9, 21
images/train/5977.jpg True, 29, 22, 305, 11, 18
images/train/5978.jpg True, 34, 34, 93, 4, 3
images/train/5979.jpg True, 33, 23, 290, 10, 24
images/train/5980.jpg True, 28, 17, 61, 8, 11
images/train/5981.jpg True, 15, 27, 125, 3, 12
images/train/5982.jpg True, 26, 32, 315, 23, 5
images/train/5983.jpg True, 21, 27, 189, 8, 14
images/train/5984.jpg True, 34, 27, 83, 22, 19
images/train/5985.jpg False, 0, 0, 0, 0, 0
images/train/5986.jpg True, 18, 32, 28, 10, 5
images/train/5987.jpg True, 15, 26, 186, 8, 19
images/train/5988.jpg True, 23, 16, 319, 18, 8
images/train/5989.jpg False, 0, 0, 0, 0, 0
images/train/5990.jpg True, 15, 15, 192, 4, 20
images/train/5991.jpg True, 33, 22, 259, 4, 12
images/train/5992.jpg True, 24, 22, 278, 19, 7
images/train/5993.jpg True, 32, 31, 307, 14, 13
images/train/5994.jpg True, 31, 29, 354, 18, 4
images/train/5995.jpg True, 33, 29, 308, 8, 20
images/train/5996.jpg True, 17, 24, 105, 17, 11
images/train/5997.jpg True, 33, 26, 301, 14, 3
images/train/5998.jpg False, 0, 0, 0, 0, 0
images/train/5999.jpg True, 18, 33, 28, 12, 15
images/train/6000.jpg True, 33, 26, 204, 8, 22
images/train/6001.jpg False, 0, 0, 0, 0, 0
images/train/6002.jpg True, 34, 18, 316, 11, 21
images/train/6003.jpg True, 22, 28, 165, 6, 21
images/train/6004.jpg True, 33, 24, 252, 7, 15
images/train/6005.jpg False, 0, 0, 0, 0, 0
images/train/6006.jpg False, 0, 0, 0, 0, 0
images/train/6007.jpg True, 23, 17, 276, 20, 19
images/train/6008.jpg True, 26, 26, 120, 24, 21
images/train/6009.jpg True, 28, 20, 359, 14, 10
images/train/6010.jpg False, 0, 0, 0, 0, 0
images/train/6011.jpg True, 15, 26, 56, 5, 23
images/train/6012.jpg False, 0, 0, 0, 0, 0
images/train/6013.jpg False, 0, 0, 0, 0, 0
images/train/6014.jpg True, 23, 27, 312, 22, 7
images/train/6015.jpg False, 0, 0, 0, 0, 0
images/train/6016.jpg False, 0, 0, 0, 0, 0
images/train/6017.jpg True, 24, 22, 354, 9, 13
images/train/6018.jpg False, 0, 0, 0, 0, 0
images/train/6019.jpg True, 18, 25, 218, 7, 20
images/train/6020.jpg True, 24, 22, 204, 4, 12
images/train/6021.jpg True, 25, 16, 134, 16, 20
images/train/6022.jpg True, 27, 32, 280, 9, 7
images/train/6023.jpg True, 20, 18, 66, 12, 24
images/train/6024.jpg True, 22, 24, 348, 24, 4
images/train/6025.jpg True, 34, 24, 320, 5, 4
images/train/6026.jpg True, 31, 18, 251, 3, 13
images/train/6027.jpg True, 28, 21, 40, 16, 24
images/train/6028.jpg True, 19, 25, 42, 5, 17
images/train/6029.jpg True, 28, 34, 234, 24, 23
images/train/6030.jpg False, 0, 0, 0, 0, 0
images/train/6031.jpg False, 0, 0, 0, 0, 0
images/train/6032.jpg False, 0, 0, 0, 0, 0
images/train/6033.jpg True, 34, 17, 358, 7, 24
images/train/6034.jpg True, 30, 34, 124, 18, 20
images/train/6035.jpg True, 30, 29, 209, 21, 11
images/train/6036.jpg True, 17, 15, 65, 8, 7
images/train/6037.jpg True, 19, 27, 119, 13, 8
images/train/6038.jpg True, 29, 34, 276, 14, 17
images/train/6039.jpg True, 31, 23, 235, 20, 7
images/train/6040.jpg True, 18, 23, 18, 18, 17
images/train/6041.jpg False, 0, 0, 0, 0, 0
images/train/6042.jpg True, 26, 30, 75, 4, 15
images/train/6043.jpg False, 0, 0, 0, 0, 0
images/train/6044.jpg False, 0, 0, 0, 0, 0
images/train/6045.jpg True, 23, 19, 90, 14, 17
images/train/6046.jpg True, 31, 31, 194, 11, 4
images/train/6047.jpg True, 23, 16, 206, 12, 3
images/train/6048.jpg False, 0, 0, 0, 0, 0
images/train/6049.jpg False, 0, 0, 0, 0, 0
images/train/6050.jpg False, 0, 0, 0, 0, 0
images/train/6051.jpg True, 32, 24, 130, 24, 11
images/train/6052.jpg False, 0, 0, 0, 0, 0
images/train/6053.jpg True, 18, 27, 131, 15, 6
images/train/6054.jpg True, 30, 31, 247, 17, 17
images/train/6055.jpg True, 20, 29, 94, 11, 18
images/train/6056.jpg True, 25, 19, 66, 4, 22
images/train/6057.jpg True, 21, 29, 215, 23, 13
images/train/6058.jpg True, 32, 28, 33, 10, 5
images/train/6059.jpg False, 0, 0, 0, 0, 0
images/train/6060.jpg True, 28, 29, 309, 5, 6
images/train/6061.jpg True, 25, 29, 109, 19, 10
images/train/6062.jpg False, 0, 0, 0, 0, 0
images/train/6063.jpg True, 28, 17, 103, 22, 20
images/train/6064.jpg True, 29, 28, 269, 7, 10
images/train/6065.jpg False, 0, 0, 0, 0, 0
images/train/6066.jpg True, 27, 16, 354, 18, 19
images/train/6067.jpg False, 0, 0, 0, 0, 0
images/train/6068.jpg True, 19, 17, 4, 7, 14
images/train/6069.jpg True, 21, 24, 358, 9, 17
images/train/6070.jpg True, 33, 23, 118, 6, 15
images/train/6071.jpg False, 0, 0, 0, 0, 0
images/train/6072.jpg False, 0, 0, 0, 0, 0
images/train/6073.jpg True, 24, 16, 119, 5, 16
images/train/6074.jpg True, 22, 32, 275, 4, 13
images/train/6075.jpg True, 33, 17, 49, 18, 8
images/train/6076.jpg True, 32, 33, 80, 14, 15
images/train/6077.jpg True, 15, 26, 155, 19, 23
images/train/6078.jpg True, 18, 18, 284, 4, 22
images/train/6079.jpg False, 0, 0, 0, 0, 0
images/train/6080.jpg True, 21, 30, 155, 24, 8
images/train/6081.jpg False, 0, 0, 0, 0, 0
images/train/6082.jpg True, 32, 23, 182, 7, 7
images/train/6083.jpg False, 0, 0, 0, 0, 0
images/train/6084.jpg True, 23, 16, 289, 17, 19
images/train/6085.jpg True, 32, 15, 322, 8, 10
images/train/6086.jpg True, 21, 30, 175, 22, 11
images/train/6087.jpg False, 0, 0, 0, 0, 0
images/train/6088.jpg True, 33, 16, 327, 10, 20
images/train/6089.jpg False, 0, 0, 0, 0, 0
images/train/6090.jpg True, 18, 23, 315, 10, 5
images/train/6091.jpg True, 16, 28, 275, 17, 18
images/train/6092.jpg False, 0, 0, 0, 0, 0
images/train/6093.jpg True, 17, 28, 319, 14, 24
images/train/6094.jpg False, 0, 0, 0, 0, 0
images/train/6095.jpg True, 31, 28, 89, 5, 4
images/train/6096.jpg True, 19, 15, 66, 8, 3
images/train/6097.jpg True, 30, 32, 75, 13, 10
images/train/6098.jpg False, 0, 0, 0, 0, 0
images/train/6099.jpg True, 29, 22, 285, 19, 6
images/train/6100.jpg False, 0, 0, 0, 0, 0
images/train/6101.jpg True, 34, 34, 226, 6, 19
images/train/6102.jpg True, 28, 15, 357, 10, 12
images/train/6103.jpg True, 20, 22, 190, 16, 20
images/train/6104.jpg True, 18, 28, 326, 7, 10
images/train/6105.jpg True, 19, 33, 163, 14, 15
images/train/6106.jpg False, 0, 0, 0, 0, 0
images/train/6107.jpg False, 0, 0, 0, 0, 0
images/train/6108.jpg True, 19, 30, 240, 23, 20
images/train/6109.jpg True, 33, 29, 179, 4, 13
images/train/6110.jpg True, 32, 33, 164, 7, 10
images/train/6111.jpg True, 26, 17, 346, 16, 13
images/train/6112.jpg True, 22, 28, 239, 6, 5
images/train/6113.jpg True, 33, 34, 135, 17, 3
images/train/6114.jpg True, 23, 23, 111, 9, 6
images/train/6115.jpg True, 25, 23, 156, 11, 11
images/train/6116.jpg True, 23, 25, 108, 13, 5
images/train/6117.jpg True, 15, 27, 48, 10, 3
images/train/6118.jpg False, 0, 0, 0, 0, 0
images/train/6119.jpg True, 29, 20, 25, 12, 17
images/train/6120.jpg True, 32, 28, 136, 20, 19
images/train/6121.jpg True, 32, 19, 206, 7, 11
images/train/6122.jpg False, 0, 0, 0, 0, 0
images/train/6123.jpg False, 0, 0, 0, 0, 0
images/train/6124.jpg True, 31, 16, 77, 21, 12
images/train/6125.jpg False, 0, 0, 0, 0, 0
images/train/6126.jpg False, 0, 0, 0, 0, 0
images/train/6127.jpg True, 19, 31, 50, 13, 8
images/train/6128.jpg True, 23, 16, 355, 10, 12
images/train/6129.jpg True, 32, 31, 20, 24, 6
images/train/6130.jpg True, 31, 16, 167, 6, 17
images/train/6131.jpg True, 28, 19, 334, 7, 20
images/train/6132.jpg False, 0, 0, 0, 0, 0
images/train/6133.jpg True, 22, 32, 287, 17, 6
images/train/6134.jpg True, 22, 18, 309, 14, 12
images/train/6135.jpg True, 18, 22, 141, 6, 13
images/train/6136.jpg True, 29, 30, 18, 11, 20
images/train/6137.jpg True, 25, 33, 102, 24, 4
images/train/6138.jpg True, 26, 22, 135, 7, 4
images/train/6139.jpg True, 15, 23, 267, 13, 19
images/train/6140.jpg True, 33, 21, 165, 12, 9
images/train/6141.jpg True, 26, 24, 196, 7, 19
images/train/6142.jpg False, 0, 0, 0, 0, 0
images/train/6143.jpg True, 24, 24, 299, 13, 17
images/train/6144.jpg True, 26, 31, 99, 4, 15
images/train/6145.jpg True, 32, 24, 221, 12, 12
images/train/6146.jpg True, 28, 26, 298, 14, 19
images/train/6147.jpg True, 34, 32, 69, 4, 17
images/train/6148.jpg False, 0, 0, 0, 0, 0
images/train/6149.jpg False, 0, 0, 0, 0, 0
images/train/6150.jpg False, 0, 0, 0, 0, 0
images/train/6151.jpg True, 29, 17, 35, 3, 4
images/train/6152.jpg True, 21, 31, 269, 7, 16
images/train/6153.jpg True, 27, 15, 129, 21, 9
images/train/6154.jpg False, 0, 0, 0, 0, 0
images/train/6155.jpg False, 0, 0, 0, 0, 0
images/train/6156.jpg True, 18, 19, 239, 24, 14
images/train/6157.jpg False, 0, 0, 0, 0, 0
images/train/6158.jpg True, 15, 25, 68, 13, 21
images/train/6159.jpg False, 0, 0, 0, 0, 0
images/train/6160.jpg False, 0, 0, 0, 0, 0
images/train/6161.jpg False, 0, 0, 0, 0, 0
images/train/6162.jpg True, 24, 30, 29, 9, 14
images/train/6163.jpg True, 28, 26, 278, 10, 10
images/train/6164.jpg True, 25, 34, 20, 10, 10
images/train/6165.jpg True, 27, 24, 41, 12, 8
images/train/6166.jpg True, 22, 22, 213, 19, 5
images/train/6167.jpg True, 18, 27, 224, 11, 7
images/train/6168.jpg True, 28, 20, 239, 21, 4
images/train/6169.jpg True, 29, 20, 203, 21, 15
images/train/6170.jpg True, 27, 29, 91, 5, 22
images/train/6171.jpg False, 0, 0, 0, 0, 0
images/train/6172.jpg True, 27, 32, 184, 16, 19
images/train/6173.jpg True, 29, 25, 117, 19, 18
images/train/6174.jpg True, 25, 25, 3, 15, 17
images/train/6175.jpg True, 15, 15, 336, 4, 6
images/train/6176.jpg True, 17, 27, 36, 3, 19
images/train/6177.jpg True, 34, 20, 139, 12, 13
images/train/6178.jpg True, 33, 34, 290, 15, 15
images/train/6179.jpg False, 0, 0, 0, 0, 0
images/train/6180.jpg True, 16, 23, 133, 7, 12
images/train/6181.jpg True, 32, 29, 131, 14, 4
images/train/6182.jpg True, 29, 21, 256, 6, 11
images/train/6183.jpg True, 28, 32, 275, 8, 16
images/train/6184.jpg True, 19, 29, 268, 18, 8
images/train/6185.jpg False, 0, 0, 0, 0, 0
images/train/6186.jpg True, 29, 33, 171, 21, 3
images/train/6187.jpg True, 20, 31, 179, 6, 19
images/train/6188.jpg False, 0, 0, 0, 0, 0
images/train/6189.jpg True, 15, 18, 46, 3, 18
images/train/6190.jpg True, 22, 18, 238, 7, 9
images/train/6191.jpg False, 0, 0, 0, 0, 0
images/train/6192.jpg False, 0, 0, 0, 0, 0
images/train/6193.jpg False, 0, 0, 0, 0, 0
images/train/6194.jpg True, 25, 27, 93, 15, 20
images/train/6195.jpg False, 0, 0, 0, 0, 0
images/train/6196.jpg True, 19, 20, 315, 4, 19
images/train/6197.jpg True, 16, 23, 79, 12, 9
images/train/6198.jpg True, 27, 19, 56, 5, 20
images/train/6199.jpg False, 0, 0, 0, 0, 0
images/train/6200.jpg True, 30, 22, 208, 6, 5
images/train/6201.jpg True, 23, 31, 212, 10, 4
images/train/6202.jpg False, 0, 0, 0, 0, 0
images/train/6203.jpg True, 28, 30, 210, 14, 11
images/train/6204.jpg False, 0, 0, 0, 0, 0
images/train/6205.jpg True, 29, 34, 113, 24, 21
images/train/6206.jpg True, 20, 20, 240, 19, 13
images/train/6207.jpg True, 33, 32, 128, 12, 21
images/train/6208.jpg True, 25, 30, 191, 6, 8
images/train/6209.jpg True, 28, 29, 236, 5, 24
images/train/6210.jpg True, 17, 17, 157, 4, 7
images/train/6211.jpg True, 18, 26, 55, 11, 9
images/train/6212.jpg True, 30, 15, 214, 21, 19
images/train/6213.jpg False, 0, 0, 0, 0, 0
images/train/6214.jpg True, 28, 17, 178, 6, 17
images/train/6215.jpg True, 31, 24, 30, 6, 16
images/train/6216.jpg False, 0, 0, 0, 0, 0
images/train/6217.jpg True, 33, 21, 239, 11, 12
images/train/6218.jpg True, 22, 33, 257, 8, 23
images/train/6219.jpg True, 15, 22, 137, 15, 16
images/train/6220.jpg True, 15, 30, 296, 11, 18
images/train/6221.jpg True, 32, 30, 6, 20, 9
images/train/6222.jpg True, 32, 28, 67, 17, 9
images/train/6223.jpg True, 34, 21, 43, 18, 19
images/train/6224.jpg True, 25, 27, 186, 10, 8
images/train/6225.jpg True, 18, 30, 197, 22, 16
images/train/6226.jpg True, 22, 27, 112, 13, 19
images/train/6227.jpg True, 18, 27, 57, 9, 9
images/train/6228.jpg False, 0, 0, 0, 0, 0
images/train/6229.jpg True, 16, 21, 242, 10, 15
images/train/6230.jpg True, 28, 23, 24, 19, 16
images/train/6231.jpg False, 0, 0, 0, 0, 0
images/train/6232.jpg True, 32, 16, 248, 22, 11
images/train/6233.jpg True, 26, 15, 157, 20, 7
images/train/6234.jpg True, 17, 19, 252, 14, 12
images/train/6235.jpg False, 0, 0, 0, 0, 0
images/train/6236.jpg False, 0, 0, 0, 0, 0
images/train/6237.jpg False, 0, 0, 0, 0, 0
images/train/6238.jpg True, 23, 32, 85, 24, 20
images/train/6239.jpg True, 27, 29, 327, 5, 12
images/train/6240.jpg True, 23, 20, 241, 17, 18
images/train/6241.jpg True, 19, 34, 153, 7, 21
images/train/6242.jpg True, 16, 30, 48, 20, 14
images/train/6243.jpg False, 0, 0, 0, 0, 0
images/train/6244.jpg True, 20, 15, 156, 6, 22
images/train/6245.jpg True, 17, 22, 332, 17, 23
images/train/6246.jpg True, 20, 21, 133, 7, 22
images/train/6247.jpg True, 29, 33, 347, 19, 21
images/train/6248.jpg False, 0, 0, 0, 0, 0
images/train/6249.jpg True, 17, 27, 170, 7, 12
images/train/6250.jpg False, 0, 0, 0, 0, 0
images/train/6251.jpg True, 22, 20, 112, 16, 15
images/train/6252.jpg True, 30, 25, 262, 16, 18
images/train/6253.jpg True, 15, 25, 321, 6, 10
images/train/6254.jpg True, 22, 23, 205, 12, 6
images/train/6255.jpg True, 27, 15, 105, 20, 23
images/train/6256.jpg True, 30, 15, 167, 22, 10
images/train/6257.jpg False, 0, 0, 0, 0, 0
images/train/6258.jpg True, 15, 17, 293, 13, 7
images/train/6259.jpg True, 24, 17, 261, 14, 20
images/train/6260.jpg True, 25, 34, 293, 22, 17
images/train/6261.jpg True, 20, 30, 194, 19, 24
images/train/6262.jpg False, 0, 0, 0, 0, 0
images/train/6263.jpg True, 28, 16, 108, 7, 20
images/train/6264.jpg True, 23, 34, 279, 14, 5
images/train/6265.jpg True, 16, 21, 99, 13, 3
images/train/6266.jpg True, 29, 26, 176, 10, 15
images/train/6267.jpg False, 0, 0, 0, 0, 0
images/train/6268.jpg False, 0, 0, 0, 0, 0
images/train/6269.jpg True, 16, 31, 60, 5, 19
images/train/6270.jpg False, 0, 0, 0, 0, 0
images/train/6271.jpg True, 30, 19, 56, 21, 5
images/train/6272.jpg True, 20, 18, 68, 9, 21
images/train/6273.jpg True, 27, 22, 3, 23, 10
images/train/6274.jpg False, 0, 0, 0, 0, 0
images/train/6275.jpg True, 16, 19, 264, 17, 7
images/train/6276.jpg False, 0, 0, 0, 0, 0
images/train/6277.jpg False, 0, 0, 0, 0, 0
images/train/6278.jpg True, 27, 33, 101, 11, 6
images/train/6279.jpg True, 22, 32, 264, 21, 9
images/train/6280.jpg False, 0, 0, 0, 0, 0
images/train/6281.jpg True, 19, 23, 58, 6, 18
images/train/6282.jpg False, 0, 0, 0, 0, 0
images/train/6283.jpg True, 15, 16, 222, 21, 5
images/train/6284.jpg True, 32, 32, 226, 16, 18
images/train/6285.jpg True, 26, 19, 11, 8, 11
images/train/6286.jpg True, 27, 16, 275, 13, 10
images/train/6287.jpg True, 27, 15, 0, 18, 9
images/train/6288.jpg False, 0, 0, 0, 0, 0
images/train/6289.jpg False, 0, 0, 0, 0, 0
images/train/6290.jpg True, 29, 28, 111, 7, 12
images/train/6291.jpg True, 18, 19, 196, 10, 8
images/train/6292.jpg False, 0, 0, 0, 0, 0
images/train/6293.jpg False, 0, 0, 0, 0, 0
images/train/6294.jpg True, 25, 21, 35, 20, 12
images/train/6295.jpg True, 19, 32, 151, 10, 19
images/train/6296.jpg True, 19, 33, 123, 12, 21
images/train/6297.jpg True, 34, 15, 207, 16, 15
images/train/6298.jpg True, 19, 30, 201, 19, 7
images/train/6299.jpg True, 29, 29, 125, 21, 21
images/train/6300.jpg False, 0, 0, 0, 0, 0
images/train/6301.jpg True, 27, 16, 198, 13, 6
images/train/6302.jpg False, 0, 0, 0, 0, 0
images/train/6303.jpg True, 33, 18, 186, 12, 9
images/train/6304.jpg True, 32, 16, 150, 4, 21
images/train/6305.jpg True, 28, 32, 240, 3, 16
images/train/6306.jpg True, 34, 21, 106, 12, 24
images/train/6307.jpg True, 24, 28, 213, 3, 3
images/train/6308.jpg True, 17, 20, 232, 9, 22
images/train/6309.jpg True, 28, 25, 148, 3, 7
images/train/6310.jpg True, 18, 26, 330, 3, 14
images/train/6311.jpg False, 0, 0, 0, 0, 0
images/train/6312.jpg False, 0, 0, 0, 0, 0
images/train/6313.jpg True, 24, 21, 202, 7, 14
images/train/6314.jpg True, 21, 31, 80, 20, 16
images/train/6315.jpg True, 27, 22, 250, 20, 14
images/train/6316.jpg True, 20, 28, 258, 19, 10
images/train/6317.jpg True, 27, 30, 251, 18, 4
images/train/6318.jpg True, 33, 23, 64, 10, 4
images/train/6319.jpg False, 0, 0, 0, 0, 0
images/train/6320.jpg True, 30, 32, 100, 23, 24
images/train/6321.jpg True, 32, 34, 316, 9, 6
images/train/6322.jpg True, 18, 32, 154, 11, 7
images/train/6323.jpg True, 15, 27, 91, 19, 6
images/train/6324.jpg True, 32, 31, 130, 12, 15
images/train/6325.jpg True, 21, 32, 25, 20, 24
images/train/6326.jpg True, 18, 19, 25, 12, 23
images/train/6327.jpg False, 0, 0, 0, 0, 0
images/train/6328.jpg True, 30, 26, 32, 5, 4
images/train/6329.jpg True, 30, 29, 118, 13, 6
images/train/6330.jpg True, 16, 20, 211, 11, 22
images/train/6331.jpg True, 31, 30, 2, 13, 6
images/train/6332.jpg True, 28, 19, 86, 18, 17
images/train/6333.jpg False, 0, 0, 0, 0, 0
images/train/6334.jpg False, 0, 0, 0, 0, 0
images/train/6335.jpg False, 0, 0, 0, 0, 0
images/train/6336.jpg True, 29, 34, 3, 10, 21
images/train/6337.jpg False, 0, 0, 0, 0, 0
images/train/6338.jpg True, 22, 19, 357, 18, 14
images/train/6339.jpg True, 20, 17, 247, 20, 23
images/train/6340.jpg True, 22, 17, 171, 12, 14
images/train/6341.jpg True, 16, 34, 351, 10, 24
images/train/6342.jpg False, 0, 0, 0, 0, 0
images/train/6343.jpg True, 31, 17, 309, 17, 23
images/train/6344.jpg True, 20, 30, 18, 19, 17
images/train/6345.jpg True, 25, 25, 12, 20, 9
images/train/6346.jpg False, 0, 0, 0, 0, 0
images/train/6347.jpg False, 0, 0, 0, 0, 0
images/train/6348.jpg True, 29, 32, 307, 10, 13
images/train/6349.jpg False, 0, 0, 0, 0, 0
images/train/6350.jpg True, 32, 31, 118, 13, 20
images/train/6351.jpg True, 21, 34, 287, 5, 18
images/train/6352.jpg True, 33, 18, 270, 8, 8
images/train/6353.jpg True, 31, 25, 143, 6, 20
images/train/6354.jpg False, 0, 0, 0, 0, 0
images/train/6355.jpg True, 31, 23, 38, 19, 15
images/train/6356.jpg True, 15, 31, 279, 11, 19
images/train/6357.jpg True, 22, 19, 180, 24, 23
images/train/6358.jpg True, 20, 16, 149, 8, 3
images/train/6359.jpg True, 17, 18, 193, 12, 6
images/train/6360.jpg False, 0, 0, 0, 0, 0
images/train/6361.jpg True, 26, 31, 44, 22, 8
images/train/6362.jpg True, 24, 16, 204, 4, 8
images/train/6363.jpg False, 0, 0, 0, 0, 0
images/train/6364.jpg True, 23, 31, 44, 16, 22
images/train/6365.jpg True, 16, 22, 70, 13, 15
images/train/6366.jpg False, 0, 0, 0, 0, 0
images/train/6367.jpg False, 0, 0, 0, 0, 0
images/train/6368.jpg False, 0, 0, 0, 0, 0
images/train/6369.jpg True, 31, 29, 152, 21, 15
images/train/6370.jpg False, 0, 0, 0, 0, 0
images/train/6371.jpg True, 20, 17, 136, 23, 8
images/train/6372.jpg True, 22, 15, 307, 14, 7
images/train/6373.jpg True, 19, 33, 88, 22, 9
images/train/6374.jpg True, 24, 19, 164, 22, 12
images/train/6375.jpg True, 32, 19, 70, 6, 24
images/train/6376.jpg True, 29, 33, 352, 14, 20
images/train/6377.jpg True, 24, 32, 36, 9, 12
images/train/6378.jpg True, 31, 24, 68, 14, 6
images/train/6379.jpg False, 0, 0, 0, 0, 0
images/train/6380.jpg True, 27, 32, 309, 4, 13
images/train/6381.jpg False, 0, 0, 0, 0, 0
images/train/6382.jpg False, 0, 0, 0, 0, 0
images/train/6383.jpg True, 25, 24, 251, 22, 12
images/train/6384.jpg True, 23, 27, 303, 16, 24
images/train/6385.jpg False, 0, 0, 0, 0, 0
images/train/6386.jpg True, 34, 33, 125, 23, 24
images/train/6387.jpg True, 34, 22, 285, 24, 7
images/train/6388.jpg True, 20, 17, 327, 18, 24
images/train/6389.jpg True, 32, 31, 258, 24, 19
images/train/6390.jpg True, 27, 31, 53, 14, 13
images/train/6391.jpg True, 25, 19, 214, 12, 8
images/train/6392.jpg True, 15, 17, 166, 3, 17
images/train/6393.jpg False, 0, 0, 0, 0, 0
images/train/6394.jpg False, 0, 0, 0, 0, 0
images/train/6395.jpg False, 0, 0, 0, 0, 0
images/train/6396.jpg True, 34, 28, 126, 15, 22
images/train/6397.jpg True, 16, 28, 337, 6, 23
images/train/6398.jpg False, 0, 0, 0, 0, 0
images/train/6399.jpg True, 20, 26, 33, 17, 11
images/train/6400.jpg True, 22, 22, 227, 17, 11
images/train/6401.jpg False, 0, 0, 0, 0, 0
images/train/6402.jpg True, 25, 22, 356, 3, 5
images/train/6403.jpg True, 30, 27, 267, 11, 5
images/train/6404.jpg True, 24, 25, 261, 18, 15
images/train/6405.jpg True, 32, 33, 63, 18, 23
images/train/6406.jpg True, 27, 15, 307, 23, 12
images/train/6407.jpg True, 21, 17, 179, 7, 9
images/train/6408.jpg True, 33, 27, 240, 18, 19
images/train/6409.jpg True, 19, 27, 233, 24, 14
images/train/6410.jpg False, 0, 0, 0, 0, 0
images/train/6411.jpg True, 25, 15, 95, 23, 4
images/train/6412.jpg True, 18, 18, 275, 12, 6
images/train/6413.jpg True, 15, 34, 83, 12, 9
images/train/6414.jpg True, 26, 31, 262, 7, 6
images/train/6415.jpg False, 0, 0, 0, 0, 0
images/train/6416.jpg True, 30, 17, 21, 23, 4
images/train/6417.jpg True, 29, 20, 326, 10, 17
images/train/6418.jpg True, 28, 29, 207, 19, 20
images/train/6419.jpg False, 0, 0, 0, 0, 0
images/train/6420.jpg False, 0, 0, 0, 0, 0
images/train/6421.jpg False, 0, 0, 0, 0, 0
images/train/6422.jpg True, 34, 16, 336, 9, 9
images/train/6423.jpg True, 26, 26, 146, 7, 12
images/train/6424.jpg True, 15, 21, 264, 11, 3
images/train/6425.jpg True, 23, 15, 291, 22, 6
images/train/6426.jpg True, 25, 31, 317, 11, 24
images/train/6427.jpg True, 28, 24, 1, 17, 12
images/train/6428.jpg True, 20, 16, 270, 18, 24
images/train/6429.jpg True, 16, 30, 12, 22, 14
images/train/6430.jpg True, 27, 25, 264, 11, 12
images/train/6431.jpg True, 25, 17, 101, 4, 5
images/train/6432.jpg True, 20, 30, 99, 12, 12
images/train/6433.jpg False, 0, 0, 0, 0, 0
images/train/6434.jpg False, 0, 0, 0, 0, 0
images/train/6435.jpg True, 18, 25, 168, 9, 6
images/train/6436.jpg True, 27, 20, 150, 9, 22
images/train/6437.jpg True, 30, 27, 237, 22, 18
images/train/6438.jpg True, 20, 17, 222, 6, 8
images/train/6439.jpg True, 17, 27, 240, 14, 23
images/train/6440.jpg True, 23, 28, 58, 16, 22
images/train/6441.jpg False, 0, 0, 0, 0, 0
images/train/6442.jpg False, 0, 0, 0, 0, 0
images/train/6443.jpg True, 16, 21, 80, 23, 3
images/train/6444.jpg True, 19, 19, 54, 19, 7
images/train/6445.jpg True, 24, 21, 320, 12, 21
images/train/6446.jpg True, 15, 25, 15, 14, 15
images/train/6447.jpg False, 0, 0, 0, 0, 0
images/train/6448.jpg False, 0, 0, 0, 0, 0
images/train/6449.jpg True, 27, 15, 294, 8, 3
images/train/6450.jpg True, 15, 31, 359, 9, 17
images/train/6451.jpg True, 19, 16, 0, 15, 20
images/train/6452.jpg True, 31, 21, 77, 19, 14
images/train/6453.jpg False, 0, 0, 0, 0, 0
images/train/6454.jpg True, 20, 31, 299, 14, 21
images/train/6455.jpg True, 28, 30, 174, 17, 12
images/train/6456.jpg True, 17, 33, 165, 15, 9
images/train/6457.jpg True, 18, 16, 39, 19, 3
images/train/6458.jpg False, 0, 0, 0, 0, 0
images/train/6459.jpg True, 28, 28, 18, 4, 18
images/train/6460.jpg False, 0, 0, 0, 0, 0
images/train/6461.jpg True, 29, 31, 154, 17, 3
images/train/6462.jpg False, 0, 0, 0, 0, 0
images/train/6463.jpg True, 23, 28, 270, 23, 5
images/train/6464.jpg False, 0, 0, 0, 0, 0
images/train/6465.jpg True, 33, 23, 359, 3, 13
images/train/6466.jpg True, 29, 31, 211, 20, 11
images/train/6467.jpg True, 32, 15, 232, 3, 22
images/train/6468.jpg True, 32, 31, 54, 3, 17
images/train/6469.jpg True, 16, 32, 231, 24, 22
images/train/6470.jpg True, 34, 33, 127, 3, 14
images/train/6471.jpg True, 15, 32, 161, 10, 4
images/train/6472.jpg True, 22, 27, 180, 5, 17
images/train/6473.jpg False, 0, 0, 0, 0, 0
images/train/6474.jpg False, 0, 0, 0, 0, 0
images/train/6475.jpg True, 18, 29, 139, 20, 12
images/train/6476.jpg False, 0, 0, 0, 0, 0
images/train/6477.jpg True, 26, 18, 258, 10, 13
images/train/6478.jpg True, 20, 34, 357, 9, 5
images/train/6479.jpg True, 27, 18, 234, 7, 24
images/train/6480.jpg True, 24, 32, 25, 19, 13
images/train/6481.jpg True, 32, 19, 107, 9, 8
images/train/6482.jpg True, 21, 18, 348, 5, 20
images/train/6483.jpg True, 17, 34, 120, 18, 11
images/train/6484.jpg True, 33, 30, 87, 16, 6
images/train/6485.jpg True, 20, 19, 317, 16, 17
images/train/6486.jpg False, 0, 0, 0, 0, 0
images/train/6487.jpg True, 22, 18, 183, 18, 9
images/train/6488.jpg True, 17, 30, 23, 23, 12
images/train/6489.jpg True, 18, 23, 69, 8, 24
images/train/6490.jpg True, 27, 26, 54, 23, 24
images/train/6491.jpg False, 0, 0, 0, 0, 0
images/train/6492.jpg True, 24, 22, 0, 21, 13
images/train/6493.jpg False, 0, 0, 0, 0, 0
images/train/6494.jpg True, 28, 24, 69, 17, 5
images/train/6495.jpg True, 15, 30, 266, 4, 21
images/train/6496.jpg True, 34, 16, 42, 22, 21
images/train/6497.jpg False, 0, 0, 0, 0, 0
images/train/6498.jpg True, 15, 20, 290, 16, 12
images/train/6499.jpg True, 28, 24, 304, 3, 22
images/train/6500.jpg True, 25, 21, 72, 22, 3
images/train/6501.jpg True, 34, 19, 104, 8, 7
images/train/6502.jpg False, 0, 0, 0, 0, 0
images/train/6503.jpg True, 19, 24, 83, 15, 23
images/train/6504.jpg False, 0, 0, 0, 0, 0
images/train/6505.jpg False, 0, 0, 0, 0, 0
images/train/6506.jpg False, 0, 0, 0, 0, 0
images/train/6507.jpg False, 0, 0, 0, 0, 0
images/train/6508.jpg True, 31, 27, 69, 13, 22
images/train/6509.jpg True, 29, 22, 231, 5, 10
images/train/6510.jpg True, 18, 16, 24, 5, 13
images/train/6511.jpg True, 20, 30, 88, 19, 17
images/train/6512.jpg True, 17, 18, 163, 23, 13
images/train/6513.jpg True, 30, 29, 256, 21, 4
images/train/6514.jpg True, 22, 30, 342, 8, 20
images/train/6515.jpg True, 21, 21, 201, 6, 22
images/train/6516.jpg True, 19, 27, 137, 6, 20
images/train/6517.jpg False, 0, 0, 0, 0, 0
images/train/6518.jpg True, 30, 33, 321, 19, 8
images/train/6519.jpg False, 0, 0, 0, 0, 0
images/train/6520.jpg True, 18, 16, 143, 19, 6
images/train/6521.jpg True, 18, 29, 347, 23, 14
images/train/6522.jpg True, 26, 28, 287, 16, 19
images/train/6523.jpg True, 18, 27, 240, 20, 24
images/train/6524.jpg True, 26, 18, 342, 22, 17
images/train/6525.jpg True, 31, 34, 29, 10, 15
images/train/6526.jpg True, 19, 34, 216, 5, 18
images/train/6527.jpg False, 0, 0, 0, 0, 0
images/train/6528.jpg False, 0, 0, 0, 0, 0
images/train/6529.jpg False, 0, 0, 0, 0, 0
images/train/6530.jpg False, 0, 0, 0, 0, 0
images/train/6531.jpg False, 0, 0, 0, 0, 0
images/train/6532.jpg True, 25, 27, 133, 12, 8
images/train/6533.jpg False, 0, 0, 0, 0, 0
images/train/6534.jpg False, 0, 0, 0, 0, 0
images/train/6535.jpg True, 18, 27, 110, 18, 10
images/train/6536.jpg False, 0, 0, 0, 0, 0
images/train/6537.jpg False, 0, 0, 0, 0, 0
images/train/6538.jpg False, 0, 0, 0, 0, 0
images/train/6539.jpg True, 16, 18, 27, 17, 16
images/train/6540.jpg True, 22, 28, 105, 14, 8
images/train/6541.jpg True, 21, 23, 337, 6, 5
images/train/6542.jpg True, 23, 24, 191, 23, 12
images/train/6543.jpg False, 0, 0, 0, 0, 0
images/train/6544.jpg True, 26, 33, 276, 18, 20
images/train/6545.jpg True, 28, 16, 304, 14, 3
images/train/6546.jpg False, 0, 0, 0, 0, 0
images/train/6547.jpg False, 0, 0, 0, 0, 0
images/train/6548.jpg True, 32, 25, 299, 11, 4
images/train/6549.jpg False, 0, 0, 0, 0, 0
images/train/6550.jpg True, 34, 24, 311, 17, 18
images/train/6551.jpg False, 0, 0, 0, 0, 0
images/train/6552.jpg True, 15, 18, 4, 18, 4
images/train/6553.jpg False, 0, 0, 0, 0, 0
images/train/6554.jpg True, 34, 20, 273, 17, 9
images/train/6555.jpg False, 0, 0, 0, 0, 0
images/train/6556.jpg True, 29, 24, 87, 24, 21
images/train/6557.jpg True, 25, 25, 220, 19, 22
images/train/6558.jpg False, 0, 0, 0, 0, 0
images/train/6559.jpg True, 28, 20, 287, 18, 9
images/train/6560.jpg True, 20, 18, 216, 18, 10
images/train/6561.jpg True, 23, 33, 169, 15, 17
images/train/6562.jpg True, 32, 21, 169, 16, 9
images/train/6563.jpg True, 29, 16, 258, 12, 3
images/train/6564.jpg True, 26, 32, 185, 5, 10
images/train/6565.jpg True, 22, 34, 124, 23, 15
images/train/6566.jpg True, 34, 34, 188, 24, 10
images/train/6567.jpg True, 34, 30, 94, 17, 19
images/train/6568.jpg True, 21, 15, 354, 5, 4
images/train/6569.jpg False, 0, 0, 0, 0, 0
images/train/6570.jpg True, 29, 31, 102, 17, 5
images/train/6571.jpg False, 0, 0, 0, 0, 0
images/train/6572.jpg True, 24, 20, 44, 9, 24
images/train/6573.jpg True, 27, 31, 63, 5, 16
images/train/6574.jpg False, 0, 0, 0, 0, 0
images/train/6575.jpg False, 0, 0, 0, 0, 0
images/train/6576.jpg True, 32, 30, 267, 18, 18
images/train/6577.jpg True, 22, 21, 232, 19, 9
images/train/6578.jpg True, 19, 15, 246, 3, 15
images/train/6579.jpg True, 31, 23, 244, 4, 16
images/train/6580.jpg True, 28, 16, 73, 16, 14
images/train/6581.jpg True, 20, 17, 86, 24, 11
images/train/6582.jpg True, 19, 16, 225, 15, 13
images/train/6583.jpg True, 22, 15, 70, 11, 10
images/train/6584.jpg True, 34, 18, 182, 17, 24
images/train/6585.jpg True, 15, 15, 21, 19, 10
images/train/6586.jpg True, 34, 30, 52, 6, 3
images/train/6587.jpg True, 33, 26, 280, 17, 9
images/train/6588.jpg True, 23, 16, 14, 13, 24
images/train/6589.jpg True, 17, 34, 317, 19, 22
images/train/6590.jpg True, 27, 17, 336, 5, 20
images/train/6591.jpg True, 24, 19, 253, 12, 21
images/train/6592.jpg False, 0, 0, 0, 0, 0
images/train/6593.jpg True, 26, 19, 300, 23, 18
images/train/6594.jpg True, 26, 28, 309, 19, 7
images/train/6595.jpg True, 28, 19, 317, 9, 16
images/train/6596.jpg True, 30, 18, 317, 17, 23
images/train/6597.jpg True, 25, 17, 272, 23, 13
images/train/6598.jpg True, 15, 15, 335, 11, 13
images/train/6599.jpg True, 29, 33, 294, 11, 7
images/train/6600.jpg True, 30, 33, 273, 6, 10
images/train/6601.jpg True, 19, 16, 41, 11, 16
images/train/6602.jpg False, 0, 0, 0, 0, 0
images/train/6603.jpg True, 18, 18, 348, 4, 13
images/train/6604.jpg True, 32, 16, 239, 22, 22
images/train/6605.jpg True, 25, 30, 71, 24, 23
images/train/6606.jpg True, 32, 27, 271, 22, 14
images/train/6607.jpg True, 15, 27, 279, 18, 12
images/train/6608.jpg False, 0, 0, 0, 0, 0
images/train/6609.jpg False, 0, 0, 0, 0, 0
images/train/6610.jpg True, 28, 20, 4, 14, 3
images/train/6611.jpg False, 0, 0, 0, 0, 0
images/train/6612.jpg True, 27, 28, 255, 22, 5
images/train/6613.jpg True, 23, 17, 157, 6, 23
images/train/6614.jpg True, 19, 33, 278, 19, 17
images/train/6615.jpg False, 0, 0, 0, 0, 0
images/train/6616.jpg False, 0, 0, 0, 0, 0
images/train/6617.jpg True, 18, 34, 47, 19, 11
images/train/6618.jpg True, 29, 34, 199, 22, 9
images/train/6619.jpg False, 0, 0, 0, 0, 0
images/train/6620.jpg False, 0, 0, 0, 0, 0
images/train/6621.jpg False, 0, 0, 0, 0, 0
images/train/6622.jpg True, 30, 24, 109, 10, 3
images/train/6623.jpg True, 25, 20, 246, 20, 21
images/train/6624.jpg True, 21, 20, 119, 12, 14
images/train/6625.jpg False, 0, 0, 0, 0, 0
images/train/6626.jpg True, 17, 19, 333, 19, 8
images/train/6627.jpg True, 30, 34, 10, 19, 4
images/train/6628.jpg False, 0, 0, 0, 0, 0
images/train/6629.jpg True, 28, 32, 272, 8, 8
images/train/6630.jpg False, 0, 0, 0, 0, 0
images/train/6631.jpg True, 24, 20, 259, 15, 24
images/train/6632.jpg False, 0, 0, 0, 0, 0
images/train/6633.jpg True, 17, 32, 157, 3, 4
images/train/6634.jpg True, 17, 29, 189, 22, 12
images/train/6635.jpg True, 17, 31, 93, 10, 16
images/train/6636.jpg True, 16, 24, 255, 22, 11
images/train/6637.jpg False, 0, 0, 0, 0, 0
images/train/6638.jpg True, 28, 15, 307, 19, 23
images/train/6639.jpg True, 30, 32, 147, 19, 20
images/train/6640.jpg False, 0, 0, 0, 0, 0
images/train/6641.jpg True, 18, 32, 121, 6, 8
images/train/6642.jpg False, 0, 0, 0, 0, 0
images/train/6643.jpg False, 0, 0, 0, 0, 0
images/train/6644.jpg True, 28, 19, 123, 17, 3
images/train/6645.jpg True, 29, 17, 177, 11, 17
images/train/6646.jpg True, 18, 26, 111, 8, 24
images/train/6647.jpg False, 0, 0, 0, 0, 0
images/train/6648.jpg False, 0, 0, 0, 0, 0
images/train/6649.jpg False, 0, 0, 0, 0, 0
images/train/6650.jpg False, 0, 0, 0, 0, 0
images/train/6651.jpg True, 34, 20, 130, 11, 17
images/train/6652.jpg True, 31, 29, 303, 9, 18
images/train/6653.jpg True, 17, 27, 180, 8, 10
images/train/6654.jpg True, 16, 15, 117, 18, 5
images/train/6655.jpg False, 0, 0, 0, 0, 0
images/train/6656.jpg True, 32, 24, 274, 19, 13
images/train/6657.jpg False, 0, 0, 0, 0, 0
images/train/6658.jpg True, 23, 26, 326, 14, 21
images/train/6659.jpg True, 30, 26, 226, 22, 18
images/train/6660.jpg True, 31, 34, 110, 13, 12
images/train/6661.jpg True, 31, 33, 24, 19, 24
images/train/6662.jpg True, 21, 29, 119, 18, 15
images/train/6663.jpg True, 17, 32, 154, 19, 15
images/train/6664.jpg True, 29, 22, 122, 9, 16
images/train/6665.jpg True, 27, 28, 274, 16, 4
images/train/6666.jpg False, 0, 0, 0, 0, 0
images/train/6667.jpg True, 16, 28, 65, 15, 17
images/train/6668.jpg True, 28, 16, 74, 17, 14
images/train/6669.jpg True, 32, 27, 51, 22, 17
images/train/6670.jpg False, 0, 0, 0, 0, 0
images/train/6671.jpg True, 34, 18, 267, 19, 4
images/train/6672.jpg True, 17, 29, 135, 7, 4
images/train/6673.jpg True, 29, 33, 7, 15, 5
images/train/6674.jpg True, 34, 20, 259, 5, 10
images/train/6675.jpg True, 20, 34, 347, 12, 20
images/train/6676.jpg True, 17, 31, 140, 12, 9
images/train/6677.jpg True, 18, 23, 235, 15, 24
images/train/6678.jpg True, 30, 15, 66, 13, 7
images/train/6679.jpg False, 0, 0, 0, 0, 0
images/train/6680.jpg True, 33, 21, 13, 21, 22
images/train/6681.jpg True, 28, 34, 316, 9, 4
images/train/6682.jpg True, 33, 31, 206, 11, 22
images/train/6683.jpg True, 16, 29, 216, 13, 7
images/train/6684.jpg False, 0, 0, 0, 0, 0
images/train/6685.jpg False, 0, 0, 0, 0, 0
images/train/6686.jpg True, 15, 30, 194, 18, 16
images/train/6687.jpg True, 22, 31, 4, 15, 3
images/train/6688.jpg True, 16, 30, 342, 6, 23
images/train/6689.jpg True, 20, 33, 16, 3, 21
images/train/6690.jpg True, 26, 15, 182, 3, 16
images/train/6691.jpg True, 32, 22, 223, 4, 7
images/train/6692.jpg False, 0, 0, 0, 0, 0
images/train/6693.jpg True, 32, 23, 269, 16, 23
images/train/6694.jpg True, 26, 18, 116, 3, 3
images/train/6695.jpg True, 22, 28, 341, 19, 8
images/train/6696.jpg True, 27, 16, 44, 16, 21
images/train/6697.jpg True, 22, 15, 334, 9, 13
images/train/6698.jpg True, 29, 17, 40, 8, 3
images/train/6699.jpg False, 0, 0, 0, 0, 0
images/train/6700.jpg False, 0, 0, 0, 0, 0
images/train/6701.jpg False, 0, 0, 0, 0, 0
images/train/6702.jpg False, 0, 0, 0, 0, 0
images/train/6703.jpg True, 20, 16, 244, 5, 16
images/train/6704.jpg False, 0, 0, 0, 0, 0
images/train/6705.jpg True, 25, 20, 350, 9, 4
images/train/6706.jpg True, 34, 31, 45, 8, 6
images/train/6707.jpg False, 0, 0, 0, 0, 0
images/train/6708.jpg True, 26, 16, 11, 6, 15
images/train/6709.jpg True, 29, 25, 54, 6, 11
images/train/6710.jpg False, 0, 0, 0, 0, 0
images/train/6711.jpg True, 15, 15, 127, 19, 10
images/train/6712.jpg True, 16, 24, 104, 14, 16
images/train/6713.jpg True, 20, 27, 234, 24, 19
images/train/6714.jpg True, 29, 21, 232, 16, 17
images/train/6715.jpg False, 0, 0, 0, 0, 0
images/train/6716.jpg False, 0, 0, 0, 0, 0
images/train/6717.jpg True, 34, 24, 162, 23, 15
images/train/6718.jpg True, 33, 31, 197, 7, 16
images/train/6719.jpg False, 0, 0, 0, 0, 0
images/train/6720.jpg False, 0, 0, 0, 0, 0
images/train/6721.jpg True, 22, 15, 322, 4, 9
images/train/6722.jpg True, 24, 17, 192, 15, 20
images/train/6723.jpg True, 34, 34, 48, 18, 22
images/train/6724.jpg False, 0, 0, 0, 0, 0
images/train/6725.jpg True, 19, 15, 290, 21, 15
images/train/6726.jpg True, 26, 29, 262, 16, 14
images/train/6727.jpg True, 27, 16, 283, 19, 15
images/train/6728.jpg False, 0, 0, 0, 0, 0
images/train/6729.jpg True, 34, 21, 343, 3, 22
images/train/6730.jpg False, 0, 0, 0, 0, 0
images/train/6731.jpg True, 24, 24, 199, 10, 6
images/train/6732.jpg True, 16, 26, 339, 8, 22
images/train/6733.jpg False, 0, 0, 0, 0, 0
images/train/6734.jpg True, 28, 21, 183, 9, 18
images/train/6735.jpg True, 19, 29, 355, 19, 23
images/train/6736.jpg True, 24, 23, 227, 12, 13
images/train/6737.jpg True, 30, 31, 10, 13, 19
images/train/6738.jpg False, 0, 0, 0, 0, 0
images/train/6739.jpg False, 0, 0, 0, 0, 0
images/train/6740.jpg True, 24, 15, 130, 23, 23
images/train/6741.jpg True, 17, 21, 354, 4, 5
images/train/6742.jpg True, 32, 24, 241, 10, 5
images/train/6743.jpg False, 0, 0, 0, 0, 0
images/train/6744.jpg False, 0, 0, 0, 0, 0
images/train/6745.jpg True, 18, 22, 121, 16, 3
images/train/6746.jpg True, 20, 29, 161, 6, 13
images/train/6747.jpg True, 30, 34, 192, 14, 7
images/train/6748.jpg True, 24, 34, 231, 12, 11
images/train/6749.jpg True, 17, 19, 245, 10, 10
images/train/6750.jpg False, 0, 0, 0, 0, 0
images/train/6751.jpg True, 17, 27, 284, 23, 16
images/train/6752.jpg True, 19, 28, 209, 4, 16
images/train/6753.jpg True, 17, 23, 310, 18, 3
images/train/6754.jpg False, 0, 0, 0, 0, 0
images/train/6755.jpg True, 23, 23, 60, 8, 22
images/train/6756.jpg False, 0, 0, 0, 0, 0
images/train/6757.jpg True, 18, 23, 260, 9, 7
images/train/6758.jpg False, 0, 0, 0, 0, 0
images/train/6759.jpg True, 17, 15, 133, 18, 7
images/train/6760.jpg False, 0, 0, 0, 0, 0
images/train/6761.jpg True, 25, 27, 34, 9, 11
images/train/6762.jpg False, 0, 0, 0, 0, 0
images/train/6763.jpg False, 0, 0, 0, 0, 0
images/train/6764.jpg True, 29, 32, 255, 3, 7
images/train/6765.jpg False, 0, 0, 0, 0, 0
images/train/6766.jpg True, 15, 26, 251, 10, 12
images/train/6767.jpg True, 21, 23, 16, 6, 13
images/train/6768.jpg True, 20, 32, 72, 22, 9
images/train/6769.jpg False, 0, 0, 0, 0, 0
images/train/6770.jpg True, 29, 33, 92, 17, 8
images/train/6771.jpg False, 0, 0, 0, 0, 0
images/train/6772.jpg True, 23, 17, 196, 5, 16
images/train/6773.jpg True, 19, 31, 77, 16, 16
images/train/6774.jpg False, 0, 0, 0, 0, 0
images/train/6775.jpg False, 0, 0, 0, 0, 0
images/train/6776.jpg True, 17, 17, 99, 3, 16
images/train/6777.jpg True, 20, 31, 247, 16, 17
images/train/6778.jpg False, 0, 0, 0, 0, 0
images/train/6779.jpg True, 28, 25, 77, 4, 17
images/train/6780.jpg True, 27, 32, 109, 24, 17
images/train/6781.jpg False, 0, 0, 0, 0, 0
images/train/6782.jpg False, 0, 0, 0, 0, 0
images/train/6783.jpg False, 0, 0, 0, 0, 0
images/train/6784.jpg True, 33, 22, 94, 5, 17
images/train/6785.jpg False, 0, 0, 0, 0, 0
images/train/6786.jpg True, 28, 25, 224, 6, 11
images/train/6787.jpg True, 18, 25, 179, 10, 9
images/train/6788.jpg True, 23, 24, 13, 15, 9
images/train/6789.jpg False, 0, 0, 0, 0, 0
images/train/6790.jpg True, 15, 20, 110, 12, 14
images/train/6791.jpg True, 18, 25, 198, 4, 15
images/train/6792.jpg True, 34, 31, 115, 3, 17
images/train/6793.jpg True, 22, 33, 185, 4, 11
images/train/6794.jpg False, 0, 0, 0, 0, 0
images/train/6795.jpg True, 18, 24, 304, 6, 3
images/train/6796.jpg True, 30, 23, 44, 16, 20
images/train/6797.jpg True, 29, 29, 308, 8, 19
images/train/6798.jpg True, 24, 23, 111, 11, 15
images/train/6799.jpg True, 32, 26, 321, 17, 3
images/train/6800.jpg True, 17, 17, 326, 6, 20
images/train/6801.jpg True, 18, 19, 210, 14, 21
images/train/6802.jpg False, 0, 0, 0, 0, 0
images/train/6803.jpg False, 0, 0, 0, 0, 0
images/train/6804.jpg False, 0, 0, 0, 0, 0
images/train/6805.jpg True, 25, 22, 135, 4, 23
images/train/6806.jpg True, 21, 18, 177, 15, 8
images/train/6807.jpg False, 0, 0, 0, 0, 0
images/train/6808.jpg True, 21, 24, 307, 20, 3
images/train/6809.jpg True, 31, 22, 350, 10, 3
images/train/6810.jpg False, 0, 0, 0, 0, 0
images/train/6811.jpg True, 24, 31, 85, 5, 22
images/train/6812.jpg True, 17, 30, 21, 9, 7
images/train/6813.jpg True, 29, 17, 10, 17, 13
images/train/6814.jpg True, 32, 15, 312, 7, 17
images/train/6815.jpg True, 21, 29, 172, 21, 20
images/train/6816.jpg True, 34, 30, 152, 7, 16
images/train/6817.jpg True, 17, 23, 202, 6, 23
images/train/6818.jpg True, 17, 18, 5, 18, 8
images/train/6819.jpg True, 30, 18, 21, 18, 21
images/train/6820.jpg False, 0, 0, 0, 0, 0
images/train/6821.jpg False, 0, 0, 0, 0, 0
images/train/6822.jpg False, 0, 0, 0, 0, 0
images/train/6823.jpg True, 26, 22, 134, 11, 14
images/train/6824.jpg True, 26, 28, 121, 10, 13
images/train/6825.jpg True, 15, 31, 330, 24, 11
images/train/6826.jpg True, 29, 29, 215, 17, 17
images/train/6827.jpg True, 15, 17, 174, 17, 18
images/train/6828.jpg False, 0, 0, 0, 0, 0
images/train/6829.jpg True, 21, 28, 206, 9, 6
images/train/6830.jpg True, 20, 18, 195, 24, 6
images/train/6831.jpg False, 0, 0, 0, 0, 0
images/train/6832.jpg True, 25, 23, 60, 8, 11
images/train/6833.jpg True, 29, 26, 266, 20, 13
images/train/6834.jpg False, 0, 0, 0, 0, 0
images/train/6835.jpg True, 29, 26, 245, 7, 17
images/train/6836.jpg True, 27, 32, 98, 16, 7
images/train/6837.jpg False, 0, 0, 0, 0, 0
images/train/6838.jpg True, 21, 33, 341, 9, 8
images/train/6839.jpg False, 0, 0, 0, 0, 0
images/train/6840.jpg False, 0, 0, 0, 0, 0
images/train/6841.jpg True, 32, 31, 69, 3, 13
images/train/6842.jpg False, 0, 0, 0, 0, 0
images/train/6843.jpg True, 19, 31, 77, 12, 20
images/train/6844.jpg True, 28, 19, 194, 14, 21
images/train/6845.jpg True, 28, 34, 145, 23, 16
images/train/6846.jpg True, 17, 33, 192, 3, 22
images/train/6847.jpg True, 34, 34, 145, 7, 22
images/train/6848.jpg True, 26, 31, 60, 6, 20
images/train/6849.jpg False, 0, 0, 0, 0, 0
images/train/6850.jpg True, 20, 17, 134, 24, 12
images/train/6851.jpg False, 0, 0, 0, 0, 0
images/train/6852.jpg True, 34, 20, 151, 23, 19
images/train/6853.jpg True, 15, 34, 289, 14, 14
images/train/6854.jpg True, 34, 31, 79, 23, 6
images/train/6855.jpg True, 19, 27, 315, 3, 7
images/train/6856.jpg False, 0, 0, 0, 0, 0
images/train/6857.jpg True, 17, 15, 122, 5, 19
images/train/6858.jpg True, 31, 28, 125, 22, 6
images/train/6859.jpg True, 21, 29, 82, 17, 19
images/train/6860.jpg False, 0, 0, 0, 0, 0
images/train/6861.jpg True, 20, 17, 63, 14, 11
images/train/6862.jpg True, 26, 33, 187, 24, 9
images/train/6863.jpg True, 25, 27, 24, 9, 16
images/train/6864.jpg True, 18, 20, 318, 14, 23
images/train/6865.jpg True, 23, 18, 100, 18, 3
images/train/6866.jpg True, 31, 25, 252, 10, 19
images/train/6867.jpg False, 0, 0, 0, 0, 0
images/train/6868.jpg True, 22, 20, 113, 6, 6
images/train/6869.jpg True, 30, 32, 269, 10, 8
images/train/6870.jpg True, 31, 16, 259, 12, 7
images/train/6871.jpg True, 18, 27, 244, 7, 11
images/train/6872.jpg True, 33, 16, 99, 10, 18
images/train/6873.jpg True, 32, 21, 294, 7, 10
images/train/6874.jpg False, 0, 0, 0, 0, 0
images/train/6875.jpg True, 31, 33, 351, 21, 17
images/train/6876.jpg False, 0, 0, 0, 0, 0
images/train/6877.jpg False, 0, 0, 0, 0, 0
images/train/6878.jpg True, 23, 17, 227, 11, 13
images/train/6879.jpg True, 17, 28, 102, 14, 21
images/train/6880.jpg False, 0, 0, 0, 0, 0
images/train/6881.jpg True, 19, 20, 171, 5, 8
images/train/6882.jpg False, 0, 0, 0, 0, 0
images/train/6883.jpg True, 34, 31, 41, 4, 11
images/train/6884.jpg False, 0, 0, 0, 0, 0
images/train/6885.jpg False, 0, 0, 0, 0, 0
images/train/6886.jpg False, 0, 0, 0, 0, 0
images/train/6887.jpg False, 0, 0, 0, 0, 0
images/train/6888.jpg True, 31, 20, 282, 17, 4
images/train/6889.jpg True, 34, 17, 18, 18, 8
images/train/6890.jpg True, 31, 21, 260, 16, 9
images/train/6891.jpg True, 31, 17, 243, 24, 16
images/train/6892.jpg False, 0, 0, 0, 0, 0
images/train/6893.jpg True, 29, 17, 157, 14, 24
images/train/6894.jpg False, 0, 0, 0, 0, 0
images/train/6895.jpg True, 27, 26, 300, 3, 7
images/train/6896.jpg True, 24, 24, 262, 12, 12
images/train/6897.jpg True, 34, 30, 146, 19, 6
images/train/6898.jpg True, 23, 32, 37, 19, 4
images/train/6899.jpg False, 0, 0, 0, 0, 0
images/train/6900.jpg False, 0, 0, 0, 0, 0
images/train/6901.jpg True, 26, 24, 31, 7, 16
images/train/6902.jpg True, 22, 16, 47, 24, 6
images/train/6903.jpg False, 0, 0, 0, 0, 0
images/train/6904.jpg True, 15, 29, 177, 6, 19
images/train/6905.jpg True, 20, 32, 225, 22, 13
images/train/6906.jpg True, 22, 22, 215, 4, 24
images/train/6907.jpg False, 0, 0, 0, 0, 0
images/train/6908.jpg True, 33, 20, 198, 20, 11
images/train/6909.jpg True, 21, 30, 86, 21, 10
images/train/6910.jpg True, 30, 28, 91, 22, 12
images/train/6911.jpg False, 0, 0, 0, 0, 0
images/train/6912.jpg False, 0, 0, 0, 0, 0
images/train/6913.jpg True, 33, 27, 7, 16, 4
images/train/6914.jpg True, 26, 27, 133, 18, 13
images/train/6915.jpg True, 16, 23, 180, 19, 3
images/train/6916.jpg True, 30, 23, 18, 19, 20
images/train/6917.jpg True, 27, 28, 293, 10, 13
images/train/6918.jpg False, 0, 0, 0, 0, 0
images/train/6919.jpg True, 24, 20, 22, 17, 11
images/train/6920.jpg True, 20, 31, 8, 18, 3
images/train/6921.jpg True, 22, 28, 248, 7, 8
images/train/6922.jpg True, 28, 33, 151, 18, 5
images/train/6923.jpg True, 23, 16, 294, 11, 19
images/train/6924.jpg False, 0, 0, 0, 0, 0
images/train/6925.jpg False, 0, 0, 0, 0, 0
images/train/6926.jpg True, 31, 29, 164, 14, 20
images/train/6927.jpg False, 0, 0, 0, 0, 0
images/train/6928.jpg True, 22, 17, 267, 13, 18
images/train/6929.jpg False, 0, 0, 0, 0, 0
images/train/6930.jpg True, 26, 15, 22, 4, 3
images/train/6931.jpg True, 17, 26, 261, 4, 4
images/train/6932.jpg True, 24, 30, 231, 8, 9
images/train/6933.jpg True, 33, 21, 280, 14, 12
images/train/6934.jpg True, 19, 28, 318, 14, 13
images/train/6935.jpg True, 15, 16, 325, 10, 5
images/train/6936.jpg True, 21, 22, 200, 16, 15
images/train/6937.jpg True, 31, 19, 295, 5, 10
images/train/6938.jpg True, 20, 20, 302, 21, 9
images/train/6939.jpg True, 29, 26, 12, 17, 21
images/train/6940.jpg True, 16, 31, 59, 21, 11
images/train/6941.jpg True, 31, 17, 342, 4, 4
images/train/6942.jpg False, 0, 0, 0, 0, 0
images/train/6943.jpg True, 19, 27, 115, 4, 15
images/train/6944.jpg True, 34, 29, 145, 20, 13
images/train/6945.jpg True, 34, 28, 83, 13, 14
images/train/6946.jpg True, 15, 26, 156, 23, 12
images/train/6947.jpg False, 0, 0, 0, 0, 0
images/train/6948.jpg True, 26, 28, 266, 15, 19
images/train/6949.jpg True, 32, 25, 186, 10, 17
images/train/6950.jpg True, 30, 25, 152, 18, 16
images/train/6951.jpg True, 25, 32, 84, 8, 18
images/train/6952.jpg True, 20, 29, 29, 22, 18
images/train/6953.jpg True, 23, 34, 42, 5, 3
images/train/6954.jpg False, 0, 0, 0, 0, 0
images/train/6955.jpg False, 0, 0, 0, 0, 0
images/train/6956.jpg True, 24, 25, 165, 9, 13
images/train/6957.jpg True, 15, 25, 302, 17, 15
images/train/6958.jpg True, 23, 27, 51, 17, 17
images/train/6959.jpg True, 30, 30, 359, 4, 23
images/train/6960.jpg False, 0, 0, 0, 0, 0
images/train/6961.jpg True, 28, 32, 120, 9, 5
images/train/6962.jpg True, 25, 26, 202, 4, 8
images/train/6963.jpg True, 15, 18, 313, 22, 14
images/train/6964.jpg True, 32, 24, 353, 3, 16
images/train/6965.jpg True, 15, 22, 211, 13, 9
images/train/6966.jpg False, 0, 0, 0, 0, 0
images/train/6967.jpg True, 27, 30, 205, 24, 6
images/train/6968.jpg True, 32, 25, 6, 6, 10
images/train/6969.jpg True, 24, 29, 117, 23, 22
images/train/6970.jpg False, 0, 0, 0, 0, 0
images/train/6971.jpg False, 0, 0, 0, 0, 0
images/train/6972.jpg False, 0, 0, 0, 0, 0
images/train/6973.jpg True, 33, 33, 262, 7, 3
images/train/6974.jpg False, 0, 0, 0, 0, 0
images/train/6975.jpg False, 0, 0, 0, 0, 0
images/train/6976.jpg False, 0, 0, 0, 0, 0
images/train/6977.jpg True, 19, 30, 259, 8, 6
images/train/6978.jpg False, 0, 0, 0, 0, 0
images/train/6979.jpg False, 0, 0, 0, 0, 0
images/train/6980.jpg True, 32, 19, 161, 22, 15
images/train/6981.jpg False, 0, 0, 0, 0, 0
images/train/6982.jpg False, 0, 0, 0, 0, 0
images/train/6983.jpg True, 19, 22, 243, 6, 11
images/train/6984.jpg True, 15, 23, 1, 7, 14
images/train/6985.jpg False, 0, 0, 0, 0, 0
images/train/6986.jpg True, 27, 17, 103, 20, 19
images/train/6987.jpg True, 17, 28, 107, 18, 7
images/train/6988.jpg True, 31, 28, 167, 6, 14
images/train/6989.jpg True, 19, 33, 79, 12, 12
images/train/6990.jpg True, 30, 16, 32, 23, 3
images/train/6991.jpg True, 29, 17, 194, 3, 4
images/train/6992.jpg False, 0, 0, 0, 0, 0
images/train/6993.jpg False, 0, 0, 0, 0, 0
images/train/6994.jpg True, 27, 18, 281, 14, 16
images/train/6995.jpg True, 19, 17, 171, 16, 18
images/train/6996.jpg True, 24, 15, 81, 21, 16
images/train/6997.jpg True, 25, 22, 149, 3, 14
images/train/6998.jpg True, 24, 25, 90, 10, 6
images/train/6999.jpg False, 0, 0, 0, 0, 0
images/train/7000.jpg False, 0, 0, 0, 0, 0
images/train/7001.jpg True, 26, 19, 109, 4, 20
images/train/7002.jpg True, 31, 17, 138, 10, 14
images/train/7003.jpg True, 22, 16, 250, 22, 5
images/train/7004.jpg True, 15, 31, 344, 23, 4
images/train/7005.jpg True, 31, 16, 65, 12, 15
images/train/7006.jpg True, 33, 24, 2, 20, 15
images/train/7007.jpg False, 0, 0, 0, 0, 0
images/train/7008.jpg True, 31, 27, 51, 4, 10
images/train/7009.jpg True, 31, 18, 107, 4, 12
images/train/7010.jpg False, 0, 0, 0, 0, 0
images/train/7011.jpg False, 0, 0, 0, 0, 0
images/train/7012.jpg True, 21, 34, 87, 21, 9
images/train/7013.jpg True, 33, 17, 298, 23, 18
images/train/7014.jpg False, 0, 0, 0, 0, 0
images/train/7015.jpg True, 25, 27, 342, 5, 16
images/train/7016.jpg True, 17, 20, 54, 10, 21
images/train/7017.jpg False, 0, 0, 0, 0, 0
images/train/7018.jpg True, 28, 26, 95, 21, 10
images/train/7019.jpg True, 18, 22, 48, 24, 3
images/train/7020.jpg True, 19, 21, 69, 14, 22
images/train/7021.jpg True, 28, 26, 359, 22, 16
images/train/7022.jpg False, 0, 0, 0, 0, 0
images/train/7023.jpg True, 21, 32, 90, 8, 17
images/train/7024.jpg True, 20, 22, 62, 24, 21
images/train/7025.jpg True, 18, 25, 148, 22, 20
images/train/7026.jpg True, 28, 23, 280, 21, 9
images/train/7027.jpg False, 0, 0, 0, 0, 0
images/train/7028.jpg True, 33, 31, 85, 11, 24
images/train/7029.jpg False, 0, 0, 0, 0, 0
images/train/7030.jpg True, 22, 33, 309, 21, 16
images/train/7031.jpg True, 22, 23, 61, 7, 16
images/train/7032.jpg True, 22, 21, 244, 13, 12
images/train/7033.jpg True, 27, 28, 206, 8, 23
images/train/7034.jpg True, 24, 15, 37, 6, 17
images/train/7035.jpg False, 0, 0, 0, 0, 0
images/train/7036.jpg True, 21, 25, 42, 3, 12
images/train/7037.jpg False, 0, 0, 0, 0, 0
images/train/7038.jpg True, 17, 32, 178, 15, 11
images/train/7039.jpg True, 32, 17, 130, 17, 21
images/train/7040.jpg True, 19, 31, 274, 6, 19
images/train/7041.jpg True, 20, 31, 112, 15, 3
images/train/7042.jpg False, 0, 0, 0, 0, 0
images/train/7043.jpg True, 24, 33, 242, 16, 3
images/train/7044.jpg False, 0, 0, 0, 0, 0
images/train/7045.jpg True, 18, 28, 159, 23, 13
images/train/7046.jpg True, 22, 23, 227, 19, 11
images/train/7047.jpg True, 26, 28, 64, 17, 14
images/train/7048.jpg True, 18, 26, 292, 22, 11
images/train/7049.jpg True, 17, 31, 105, 15, 19
images/train/7050.jpg False, 0, 0, 0, 0, 0
images/train/7051.jpg True, 33, 16, 30, 15, 6
images/train/7052.jpg True, 25, 24, 73, 23, 19
images/train/7053.jpg True, 27, 34, 96, 6, 11
images/train/7054.jpg False, 0, 0, 0, 0, 0
images/train/7055.jpg False, 0, 0, 0, 0, 0
images/train/7056.jpg True, 33, 15, 108, 4, 7
images/train/7057.jpg True, 28, 24, 316, 11, 15
images/train/7058.jpg True, 26, 33, 43, 6, 19
images/train/7059.jpg True, 25, 22, 306, 15, 12
images/train/7060.jpg True, 17, 31, 326, 8, 18
images/train/7061.jpg True, 31, 25, 83, 11, 15
images/train/7062.jpg True, 28, 28, 67, 11, 22
images/train/7063.jpg True, 26, 16, 152, 6, 20
images/train/7064.jpg True, 15, 16, 106, 14, 19
images/train/7065.jpg True, 31, 18, 167, 15, 10
images/train/7066.jpg True, 15, 25, 83, 14, 19
images/train/7067.jpg True, 29, 32, 96, 5, 5
images/train/7068.jpg True, 27, 25, 75, 15, 4
images/train/7069.jpg False, 0, 0, 0, 0, 0
images/train/7070.jpg True, 16, 32, 274, 4, 7
images/train/7071.jpg False, 0, 0, 0, 0, 0
images/train/7072.jpg True, 32, 26, 152, 3, 16
images/train/7073.jpg True, 29, 29, 232, 21, 21
images/train/7074.jpg False, 0, 0, 0, 0, 0
images/train/7075.jpg False, 0, 0, 0, 0, 0
images/train/7076.jpg False, 0, 0, 0, 0, 0
images/train/7077.jpg True, 20, 18, 27, 9, 15
images/train/7078.jpg True, 34, 30, 291, 10, 13
images/train/7079.jpg True, 33, 25, 278, 12, 3
images/train/7080.jpg True, 23, 34, 210, 16, 21
images/train/7081.jpg True, 28, 24, 216, 7, 14
images/train/7082.jpg True, 21, 18, 17, 24, 16
images/train/7083.jpg True, 20, 27, 57, 14, 6
images/train/7084.jpg True, 21, 28, 107, 8, 10
images/train/7085.jpg False, 0, 0, 0, 0, 0
images/train/7086.jpg True, 23, 33, 114, 23, 18
images/train/7087.jpg True, 19, 31, 141, 17, 4
images/train/7088.jpg False, 0, 0, 0, 0, 0
images/train/7089.jpg False, 0, 0, 0, 0, 0
images/train/7090.jpg False, 0, 0, 0, 0, 0
images/train/7091.jpg False, 0, 0, 0, 0, 0
images/train/7092.jpg True, 21, 25, 291, 23, 14
images/train/7093.jpg True, 33, 16, 63, 16, 7
images/train/7094.jpg True, 22, 27, 331, 7, 21
images/train/7095.jpg False, 0, 0, 0, 0, 0
images/train/7096.jpg False, 0, 0, 0, 0, 0
images/train/7097.jpg False, 0, 0, 0, 0, 0
images/train/7098.jpg False, 0, 0, 0, 0, 0
images/train/7099.jpg False, 0, 0, 0, 0, 0
images/train/7100.jpg True, 18, 32, 119, 20, 24
images/train/7101.jpg False, 0, 0, 0, 0, 0
images/train/7102.jpg True, 25, 19, 202, 4, 17
images/train/7103.jpg True, 25, 25, 178, 6, 19
images/train/7104.jpg True, 33, 29, 206, 3, 5
images/train/7105.jpg False, 0, 0, 0, 0, 0
images/train/7106.jpg True, 21, 18, 353, 14, 12
images/train/7107.jpg True, 32, 30, 216, 8, 8
images/train/7108.jpg True, 34, 32, 125, 4, 21
images/train/7109.jpg True, 29, 17, 185, 22, 9
images/train/7110.jpg True, 20, 17, 237, 24, 11
images/train/7111.jpg True, 25, 31, 64, 7, 10
images/train/7112.jpg True, 34, 18, 105, 18, 21
images/train/7113.jpg True, 24, 28, 12, 11, 23
images/train/7114.jpg False, 0, 0, 0, 0, 0
images/train/7115.jpg True, 33, 24, 157, 6, 10
images/train/7116.jpg False, 0, 0, 0, 0, 0
images/train/7117.jpg True, 25, 22, 91, 8, 9
images/train/7118.jpg False, 0, 0, 0, 0, 0
images/train/7119.jpg True, 33, 23, 254, 4, 18
images/train/7120.jpg False, 0, 0, 0, 0, 0
images/train/7121.jpg True, 30, 19, 210, 24, 20
images/train/7122.jpg True, 18, 20, 67, 6, 10
images/train/7123.jpg False, 0, 0, 0, 0, 0
images/train/7124.jpg True, 19, 33, 119, 22, 18
images/train/7125.jpg True, 25, 30, 140, 16, 18
images/train/7126.jpg True, 15, 21, 19, 3, 16
images/train/7127.jpg True, 31, 26, 43, 20, 19
images/train/7128.jpg True, 16, 26, 131, 7, 3
images/train/7129.jpg False, 0, 0, 0, 0, 0
images/train/7130.jpg True, 24, 29, 17, 5, 16
images/train/7131.jpg False, 0, 0, 0, 0, 0
images/train/7132.jpg False, 0, 0, 0, 0, 0
images/train/7133.jpg True, 28, 30, 177, 6, 4
images/train/7134.jpg True, 23, 21, 201, 11, 21
images/train/7135.jpg False, 0, 0, 0, 0, 0
images/train/7136.jpg True, 34, 27, 277, 21, 3
images/train/7137.jpg False, 0, 0, 0, 0, 0
images/train/7138.jpg True, 27, 27, 88, 14, 19
images/train/7139.jpg False, 0, 0, 0, 0, 0
images/train/7140.jpg True, 28, 15, 180, 18, 12
images/train/7141.jpg True, 26, 24, 143, 18, 8
images/train/7142.jpg True, 23, 31, 344, 5, 9
images/train/7143.jpg True, 25, 22, 41, 19, 5
images/train/7144.jpg True, 30, 22, 263, 15, 9
images/train/7145.jpg True, 18, 26, 8, 9, 22
images/train/7146.jpg True, 15, 24, 119, 20, 24
images/train/7147.jpg True, 31, 31, 186, 18, 21
images/train/7148.jpg True, 21, 19, 264, 15, 18
images/train/7149.jpg True, 31, 23, 166, 14, 17
images/train/7150.jpg True, 15, 21, 158, 17, 19
images/train/7151.jpg True, 25, 24, 303, 6, 7
images/train/7152.jpg False, 0, 0, 0, 0, 0
images/train/7153.jpg True, 25, 26, 53, 21, 11
images/train/7154.jpg False, 0, 0, 0, 0, 0
images/train/7155.jpg True, 34, 25, 57, 23, 6
images/train/7156.jpg True, 20, 17, 247, 18, 20
images/train/7157.jpg False, 0, 0, 0, 0, 0
images/train/7158.jpg True, 23, 32, 37, 12, 5
images/train/7159.jpg True, 24, 20, 312, 10, 10
images/train/7160.jpg True, 18, 30, 346, 9, 17
images/train/7161.jpg False, 0, 0, 0, 0, 0
images/train/7162.jpg True, 31, 29, 293, 9, 24
images/train/7163.jpg True, 17, 27, 181, 15, 11
images/train/7164.jpg True, 32, 15, 145, 5, 16
images/train/7165.jpg True, 20, 32, 255, 23, 8
images/train/7166.jpg False, 0, 0, 0, 0, 0
images/train/7167.jpg True, 34, 15, 40, 9, 24
images/train/7168.jpg True, 26, 18, 60, 18, 20
images/train/7169.jpg True, 20, 23, 154, 3, 9
images/train/7170.jpg True, 32, 32, 32, 4, 5
images/train/7171.jpg True, 30, 20, 190, 22, 17
images/train/7172.jpg False, 0, 0, 0, 0, 0
images/train/7173.jpg False, 0, 0, 0, 0, 0
images/train/7174.jpg True, 24, 25, 41, 16, 23
images/train/7175.jpg True, 22, 25, 56, 13, 14
images/train/7176.jpg True, 30, 30, 170, 13, 6
images/train/7177.jpg True, 26, 32, 117, 12, 12
images/train/7178.jpg True, 32, 33, 306, 23, 7
images/train/7179.jpg True, 26, 29, 162, 17, 7
images/train/7180.jpg False, 0, 0, 0, 0, 0
images/train/7181.jpg False, 0, 0, 0, 0, 0
images/train/7182.jpg True, 25, 17, 303, 11, 15
images/train/7183.jpg False, 0, 0, 0, 0, 0
images/train/7184.jpg True, 32, 29, 133, 17, 21
images/train/7185.jpg True, 15, 18, 352, 10, 14
images/train/7186.jpg True, 33, 34, 208, 16, 20
images/train/7187.jpg True, 32, 24, 336, 18, 16
images/train/7188.jpg True, 25, 17, 265, 6, 24
images/train/7189.jpg True, 23, 22, 111, 21, 5
images/train/7190.jpg True, 21, 21, 178, 19, 10
images/train/7191.jpg True, 33, 16, 297, 15, 18
images/train/7192.jpg True, 15, 16, 310, 24, 10
images/train/7193.jpg True, 23, 29, 243, 16, 4
images/train/7194.jpg True, 29, 23, 182, 3, 18
images/train/7195.jpg True, 22, 30, 258, 10, 16
images/train/7196.jpg True, 18, 23, 51, 24, 23
images/train/7197.jpg True, 34, 33, 119, 9, 9
images/train/7198.jpg True, 15, 19, 341, 4, 19
images/train/7199.jpg False, 0, 0, 0, 0, 0
images/train/7200.jpg True, 24, 19, 22, 5, 14
images/train/7201.jpg True, 18, 24, 292, 17, 12
images/train/7202.jpg True, 24, 28, 242, 17, 12
images/train/7203.jpg True, 21, 19, 178, 21, 8
images/train/7204.jpg True, 28, 23, 311, 24, 21
images/train/7205.jpg False, 0, 0, 0, 0, 0
images/train/7206.jpg True, 24, 34, 141, 12, 14
images/train/7207.jpg False, 0, 0, 0, 0, 0
images/train/7208.jpg True, 31, 19, 56, 4, 12
images/train/7209.jpg True, 20, 27, 72, 5, 20
images/train/7210.jpg False, 0, 0, 0, 0, 0
images/train/7211.jpg True, 34, 29, 51, 19, 13
images/train/7212.jpg True, 24, 21, 38, 4, 24
images/train/7213.jpg True, 24, 16, 1, 11, 7
images/train/7214.jpg True, 19, 22, 247, 19, 6
images/train/7215.jpg True, 17, 15, 8, 22, 14
images/train/7216.jpg True, 20, 23, 171, 22, 15
images/train/7217.jpg True, 21, 29, 96, 4, 12
images/train/7218.jpg True, 25, 34, 69, 16, 3
images/train/7219.jpg True, 28, 22, 286, 10, 16
images/train/7220.jpg True, 28, 32, 290, 23, 12
images/train/7221.jpg True, 17, 33, 266, 9, 9
images/train/7222.jpg True, 23, 19, 2, 17, 19
images/train/7223.jpg True, 15, 25, 163, 5, 6
images/train/7224.jpg False, 0, 0, 0, 0, 0
images/train/7225.jpg True, 23, 29, 111, 18, 3
images/train/7226.jpg True, 17, 27, 212, 8, 21
images/train/7227.jpg False, 0, 0, 0, 0, 0
images/train/7228.jpg False, 0, 0, 0, 0, 0
images/train/7229.jpg False, 0, 0, 0, 0, 0
images/train/7230.jpg True, 29, 24, 272, 12, 15
images/train/7231.jpg False, 0, 0, 0, 0, 0
images/train/7232.jpg True, 27, 33, 344, 5, 18
images/train/7233.jpg False, 0, 0, 0, 0, 0
images/train/7234.jpg True, 19, 22, 320, 7, 4
images/train/7235.jpg True, 18, 30, 86, 21, 21
images/train/7236.jpg False, 0, 0, 0, 0, 0
images/train/7237.jpg True, 32, 23, 282, 12, 22
images/train/7238.jpg True, 26, 18, 296, 14, 7
images/train/7239.jpg True, 21, 34, 288, 23, 5
images/train/7240.jpg True, 20, 30, 150, 5, 17
images/train/7241.jpg False, 0, 0, 0, 0, 0
images/train/7242.jpg True, 18, 34, 166, 6, 9
images/train/7243.jpg True, 21, 25, 313, 16, 21
images/train/7244.jpg True, 15, 26, 100, 4, 19
images/train/7245.jpg True, 22, 24, 276, 17, 8
images/train/7246.jpg True, 21, 15, 55, 23, 15
images/train/7247.jpg True, 17, 23, 181, 22, 16
images/train/7248.jpg True, 17, 34, 193, 8, 12
images/train/7249.jpg True, 29, 26, 196, 12, 13
images/train/7250.jpg True, 15, 19, 217, 9, 16
images/train/7251.jpg True, 33, 21, 315, 8, 5
images/train/7252.jpg True, 17, 17, 121, 4, 12
images/train/7253.jpg True, 26, 22, 124, 4, 3
images/train/7254.jpg False, 0, 0, 0, 0, 0
images/train/7255.jpg True, 16, 32, 168, 12, 6
images/train/7256.jpg False, 0, 0, 0, 0, 0
images/train/7257.jpg True, 16, 18, 155, 19, 3
images/train/7258.jpg True, 22, 19, 224, 21, 23
images/train/7259.jpg True, 33, 31, 76, 16, 9
images/train/7260.jpg True, 30, 20, 304, 4, 5
images/train/7261.jpg True, 17, 19, 315, 22, 15
images/train/7262.jpg False, 0, 0, 0, 0, 0
images/train/7263.jpg True, 20, 34, 265, 7, 7
images/train/7264.jpg True, 16, 29, 156, 12, 6
images/train/7265.jpg True, 28, 24, 22, 13, 18
images/train/7266.jpg False, 0, 0, 0, 0, 0
images/train/7267.jpg True, 27, 25, 41, 14, 17
images/train/7268.jpg True, 19, 16, 130, 18, 14
images/train/7269.jpg True, 32, 26, 265, 10, 10
images/train/7270.jpg True, 20, 17, 55, 9, 19
images/train/7271.jpg True, 15, 21, 49, 17, 12
images/train/7272.jpg False, 0, 0, 0, 0, 0
images/train/7273.jpg True, 27, 15, 265, 7, 24
images/train/7274.jpg True, 20, 31, 62, 6, 15
images/train/7275.jpg True, 18, 23, 83, 6, 21
images/train/7276.jpg False, 0, 0, 0, 0, 0
images/train/7277.jpg True, 20, 16, 13, 9, 9
images/train/7278.jpg True, 18, 22, 339, 23, 6
images/train/7279.jpg True, 34, 24, 132, 12, 13
images/train/7280.jpg False, 0, 0, 0, 0, 0
images/train/7281.jpg True, 26, 15, 152, 5, 11
images/train/7282.jpg False, 0, 0, 0, 0, 0
images/train/7283.jpg True, 34, 29, 185, 4, 9
images/train/7284.jpg True, 21, 29, 25, 17, 8
images/train/7285.jpg False, 0, 0, 0, 0, 0
images/train/7286.jpg False, 0, 0, 0, 0, 0
images/train/7287.jpg True, 22, 15, 304, 9, 24
images/train/7288.jpg True, 24, 31, 185, 7, 21
images/train/7289.jpg False, 0, 0, 0, 0, 0
images/train/7290.jpg True, 16, 22, 310, 16, 15
images/train/7291.jpg True, 19, 26, 320, 19, 22
images/train/7292.jpg True, 33, 17, 238, 14, 3
images/train/7293.jpg False, 0, 0, 0, 0, 0
images/train/7294.jpg False, 0, 0, 0, 0, 0
images/train/7295.jpg False, 0, 0, 0, 0, 0
images/train/7296.jpg False, 0, 0, 0, 0, 0
images/train/7297.jpg True, 17, 17, 78, 4, 8
images/train/7298.jpg True, 23, 28, 76, 20, 23
images/train/7299.jpg True, 25, 18, 70, 3, 3
images/train/7300.jpg False, 0, 0, 0, 0, 0
images/train/7301.jpg True, 22, 23, 48, 22, 17
images/train/7302.jpg True, 16, 34, 358, 12, 20
images/train/7303.jpg False, 0, 0, 0, 0, 0
images/train/7304.jpg True, 18, 24, 144, 19, 12
images/train/7305.jpg True, 21, 16, 149, 23, 16
images/train/7306.jpg True, 17, 30, 301, 16, 10
images/train/7307.jpg True, 24, 23, 217, 6, 16
images/train/7308.jpg False, 0, 0, 0, 0, 0
images/train/7309.jpg True, 15, 32, 71, 16, 18
images/train/7310.jpg True, 33, 20, 209, 10, 23
images/train/7311.jpg True, 20, 21, 148, 6, 16
images/train/7312.jpg False, 0, 0, 0, 0, 0
images/train/7313.jpg True, 24, 23, 80, 22, 17
images/train/7314.jpg True, 32, 32, 228, 3, 5
images/train/7315.jpg True, 34, 24, 45, 12, 20
images/train/7316.jpg True, 24, 21, 14, 15, 23
images/train/7317.jpg True, 34, 32, 59, 11, 15
images/train/7318.jpg False, 0, 0, 0, 0, 0
images/train/7319.jpg False, 0, 0, 0, 0, 0
images/train/7320.jpg False, 0, 0, 0, 0, 0
images/train/7321.jpg True, 27, 30, 152, 15, 10
images/train/7322.jpg True, 31, 22, 127, 13, 23
images/train/7323.jpg True, 30, 30, 146, 18, 5
images/train/7324.jpg True, 23, 34, 181, 6, 15
images/train/7325.jpg False, 0, 0, 0, 0, 0
images/train/7326.jpg True, 32, 26, 201, 13, 20
images/train/7327.jpg False, 0, 0, 0, 0, 0
images/train/7328.jpg False, 0, 0, 0, 0, 0
images/train/7329.jpg True, 19, 27, 333, 24, 21
images/train/7330.jpg False, 0, 0, 0, 0, 0
images/train/7331.jpg True, 33, 18, 195, 9, 8
images/train/7332.jpg True, 30, 27, 135, 4, 14
images/train/7333.jpg True, 31, 27, 180, 6, 13
images/train/7334.jpg False, 0, 0, 0, 0, 0
images/train/7335.jpg True, 27, 23, 259, 21, 19
images/train/7336.jpg False, 0, 0, 0, 0, 0
images/train/7337.jpg True, 17, 26, 43, 24, 19
images/train/7338.jpg False, 0, 0, 0, 0, 0
images/train/7339.jpg False, 0, 0, 0, 0, 0
images/train/7340.jpg True, 33, 30, 189, 12, 6
images/train/7341.jpg True, 16, 30, 283, 15, 16
images/train/7342.jpg True, 34, 32, 174, 21, 23
images/train/7343.jpg True, 24, 25, 22, 20, 14
images/train/7344.jpg True, 19, 25, 219, 19, 17
images/train/7345.jpg False, 0, 0, 0, 0, 0
images/train/7346.jpg False, 0, 0, 0, 0, 0
images/train/7347.jpg False, 0, 0, 0, 0, 0
images/train/7348.jpg False, 0, 0, 0, 0, 0
images/train/7349.jpg True, 22, 19, 67, 5, 15
images/train/7350.jpg False, 0, 0, 0, 0, 0
images/train/7351.jpg False, 0, 0, 0, 0, 0
images/train/7352.jpg True, 17, 15, 318, 12, 5
images/train/7353.jpg True, 20, 20, 63, 24, 12
images/train/7354.jpg True, 23, 23, 272, 16, 5
images/train/7355.jpg True, 16, 32, 21, 17, 18
images/train/7356.jpg True, 24, 22, 41, 6, 12
images/train/7357.jpg True, 28, 18, 127, 16, 4
images/train/7358.jpg True, 21, 23, 234, 15, 17
images/train/7359.jpg True, 16, 26, 24, 15, 12
images/train/7360.jpg True, 29, 28, 196, 16, 15
images/train/7361.jpg False, 0, 0, 0, 0, 0
images/train/7362.jpg True, 15, 18, 317, 17, 18
images/train/7363.jpg True, 26, 19, 157, 10, 4
images/train/7364.jpg True, 21, 23, 322, 10, 7
images/train/7365.jpg True, 31, 16, 231, 18, 13
images/train/7366.jpg False, 0, 0, 0, 0, 0
images/train/7367.jpg True, 27, 23, 169, 18, 19
images/train/7368.jpg True, 34, 34, 338, 17, 24
images/train/7369.jpg True, 19, 21, 82, 23, 14
images/train/7370.jpg True, 29, 29, 76, 16, 21
images/train/7371.jpg True, 22, 19, 325, 15, 14
images/train/7372.jpg False, 0, 0, 0, 0, 0
images/train/7373.jpg True, 16, 17, 9, 8, 13
images/train/7374.jpg True, 20, 26, 223, 5, 24
images/train/7375.jpg False, 0, 0, 0, 0, 0
images/train/7376.jpg False, 0, 0, 0, 0, 0
images/train/7377.jpg True, 21, 23, 173, 15, 15
images/train/7378.jpg True, 21, 20, 9, 15, 15
images/train/7379.jpg False, 0, 0, 0, 0, 0
images/train/7380.jpg True, 32, 20, 183, 12, 13
images/train/7381.jpg False, 0, 0, 0, 0, 0
images/train/7382.jpg False, 0, 0, 0, 0, 0
images/train/7383.jpg True, 18, 20, 153, 14, 15
images/train/7384.jpg True, 19, 23, 195, 21, 14
images/train/7385.jpg True, 30, 19, 182, 11, 4
images/train/7386.jpg False, 0, 0, 0, 0, 0
images/train/7387.jpg True, 32, 28, 13, 4, 14
images/train/7388.jpg True, 30, 33, 338, 19, 8
images/train/7389.jpg True, 28, 21, 70, 8, 12
images/train/7390.jpg True, 30, 21, 216, 5, 7
images/train/7391.jpg True, 26, 16, 89, 3, 14
images/train/7392.jpg False, 0, 0, 0, 0, 0
images/train/7393.jpg True, 15, 28, 168, 20, 8
images/train/7394.jpg True, 25, 16, 158, 10, 20
images/train/7395.jpg True, 27, 28, 278, 10, 3
images/train/7396.jpg True, 24, 26, 19, 17, 3
images/train/7397.jpg True, 33, 21, 209, 16, 22
images/train/7398.jpg True, 21, 24, 0, 9, 12
images/train/7399.jpg True, 32, 34, 266, 23, 8
images/train/7400.jpg True, 15, 25, 237, 10, 9
images/train/7401.jpg True, 26, 18, 70, 17, 12
images/train/7402.jpg True, 26, 34, 200, 12, 7
images/train/7403.jpg True, 22, 32, 176, 20, 24
images/train/7404.jpg True, 34, 26, 138, 23, 7
images/train/7405.jpg True, 19, 18, 5, 7, 20
images/train/7406.jpg True, 34, 26, 198, 10, 6
images/train/7407.jpg True, 27, 33, 234, 6, 23
images/train/7408.jpg False, 0, 0, 0, 0, 0
images/train/7409.jpg True, 18, 21, 41, 7, 17
images/train/7410.jpg False, 0, 0, 0, 0, 0
images/train/7411.jpg False, 0, 0, 0, 0, 0
images/train/7412.jpg True, 28, 16, 326, 3, 16
images/train/7413.jpg True, 27, 23, 25, 14, 16
images/train/7414.jpg True, 21, 15, 233, 11, 7
images/train/7415.jpg True, 21, 23, 315, 23, 19
images/train/7416.jpg False, 0, 0, 0, 0, 0
images/train/7417.jpg True, 19, 23, 326, 18, 11
images/train/7418.jpg False, 0, 0, 0, 0, 0
images/train/7419.jpg True, 29, 24, 233, 5, 9
images/train/7420.jpg False, 0, 0, 0, 0, 0
images/train/7421.jpg True, 19, 27, 109, 15, 12
images/train/7422.jpg True, 21, 25, 222, 24, 9
images/train/7423.jpg False, 0, 0, 0, 0, 0
images/train/7424.jpg True, 28, 20, 171, 20, 19
images/train/7425.jpg True, 28, 24, 103, 24, 9
images/train/7426.jpg True, 29, 21, 339, 15, 22
images/train/7427.jpg True, 20, 25, 301, 9, 20
images/train/7428.jpg False, 0, 0, 0, 0, 0
images/train/7429.jpg True, 24, 27, 135, 4, 7
images/train/7430.jpg True, 22, 21, 11, 20, 7
images/train/7431.jpg True, 31, 22, 182, 11, 6
images/train/7432.jpg True, 22, 32, 66, 18, 6
images/train/7433.jpg True, 32, 19, 229, 16, 11
images/train/7434.jpg False, 0, 0, 0, 0, 0
images/train/7435.jpg False, 0, 0, 0, 0, 0
images/train/7436.jpg True, 30, 32, 296, 22, 4
images/train/7437.jpg True, 18, 30, 148, 8, 21
images/train/7438.jpg True, 29, 23, 32, 10, 14
images/train/7439.jpg True, 22, 26, 93, 3, 16
images/train/7440.jpg True, 28, 21, 271, 22, 9
images/train/7441.jpg True, 24, 15, 346, 18, 24
images/train/7442.jpg True, 22, 16, 323, 20, 18
images/train/7443.jpg True, 27, 18, 308, 3, 15
images/train/7444.jpg False, 0, 0, 0, 0, 0
images/train/7445.jpg False, 0, 0, 0, 0, 0
images/train/7446.jpg True, 17, 19, 116, 23, 10
images/train/7447.jpg False, 0, 0, 0, 0, 0
images/train/7448.jpg True, 33, 33, 56, 24, 24
images/train/7449.jpg True, 16, 21, 228, 7, 7
images/train/7450.jpg True, 34, 26, 175, 14, 15
images/train/7451.jpg True, 17, 28, 244, 24, 10
images/train/7452.jpg True, 26, 33, 84, 4, 8
images/train/7453.jpg False, 0, 0, 0, 0, 0
images/train/7454.jpg False, 0, 0, 0, 0, 0
images/train/7455.jpg True, 29, 28, 266, 5, 24
images/train/7456.jpg False, 0, 0, 0, 0, 0
images/train/7457.jpg False, 0, 0, 0, 0, 0
images/train/7458.jpg True, 26, 28, 255, 18, 12
images/train/7459.jpg True, 24, 28, 53, 23, 17
images/train/7460.jpg False, 0, 0, 0, 0, 0
images/train/7461.jpg True, 16, 30, 223, 7, 23
images/train/7462.jpg True, 16, 17, 176, 5, 11
images/train/7463.jpg True, 15, 16, 206, 16, 9
images/train/7464.jpg False, 0, 0, 0, 0, 0
images/train/7465.jpg True, 24, 29, 211, 19, 16
images/train/7466.jpg True, 29, 34, 197, 10, 11
images/train/7467.jpg False, 0, 0, 0, 0, 0
images/train/7468.jpg True, 22, 25, 165, 7, 18
images/train/7469.jpg False, 0, 0, 0, 0, 0
images/train/7470.jpg True, 26, 28, 53, 20, 18
images/train/7471.jpg False, 0, 0, 0, 0, 0
images/train/7472.jpg True, 16, 32, 218, 13, 11
images/train/7473.jpg True, 30, 18, 98, 4, 8
images/train/7474.jpg False, 0, 0, 0, 0, 0
images/train/7475.jpg False, 0, 0, 0, 0, 0
images/train/7476.jpg False, 0, 0, 0, 0, 0
images/train/7477.jpg False, 0, 0, 0, 0, 0
images/train/7478.jpg False, 0, 0, 0, 0, 0
images/train/7479.jpg True, 26, 23, 353, 18, 8
images/train/7480.jpg False, 0, 0, 0, 0, 0
images/train/7481.jpg True, 16, 25, 46, 19, 12
images/train/7482.jpg True, 29, 21, 2, 3, 14
images/train/7483.jpg True, 32, 21, 344, 15, 13
images/train/7484.jpg True, 31, 21, 304, 24, 5
images/train/7485.jpg True, 24, 16, 294, 14, 6
images/train/7486.jpg True, 29, 15, 235, 3, 3
images/train/7487.jpg True, 21, 20, 189, 13, 10
images/train/7488.jpg False, 0, 0, 0, 0, 0
images/train/7489.jpg True, 30, 23, 15, 13, 20
images/train/7490.jpg True, 19, 24, 199, 22, 15
images/train/7491.jpg True, 17, 16, 50, 10, 21
images/train/7492.jpg True, 17, 32, 114, 20, 19
images/train/7493.jpg True, 17, 19, 222, 7, 18
images/train/7494.jpg True, 19, 34, 158, 22, 13
images/train/7495.jpg False, 0, 0, 0, 0, 0
images/train/7496.jpg True, 31, 26, 68, 13, 21
images/train/7497.jpg False, 0, 0, 0, 0, 0
images/train/7498.jpg False, 0, 0, 0, 0, 0
images/train/7499.jpg True, 25, 30, 275, 5, 16
images/train/7500.jpg True, 31, 31, 216, 9, 15
images/train/7501.jpg True, 23, 15, 232, 13, 8
images/train/7502.jpg True, 19, 34, 347, 16, 12
images/train/7503.jpg False, 0, 0, 0, 0, 0
images/train/7504.jpg True, 18, 33, 8, 18, 22
images/train/7505.jpg True, 32, 32, 156, 8, 24
images/train/7506.jpg True, 25, 28, 280, 12, 8
images/train/7507.jpg True, 16, 15, 336, 8, 17
images/train/7508.jpg True, 22, 17, 276, 8, 17
images/train/7509.jpg True, 17, 29, 214, 7, 12
images/train/7510.jpg True, 19, 30, 228, 6, 5
images/train/7511.jpg False, 0, 0, 0, 0, 0
images/train/7512.jpg True, 23, 16, 161, 11, 16
images/train/7513.jpg True, 15, 21, 50, 24, 3
images/train/7514.jpg True, 27, 26, 225, 6, 6
images/train/7515.jpg False, 0, 0, 0, 0, 0
images/train/7516.jpg True, 16, 21, 170, 24, 21
images/train/7517.jpg False, 0, 0, 0, 0, 0
images/train/7518.jpg True, 24, 29, 244, 3, 14
images/train/7519.jpg True, 19, 27, 155, 17, 22
images/train/7520.jpg True, 26, 27, 313, 6, 7
images/train/7521.jpg True, 33, 24, 203, 6, 18
images/train/7522.jpg True, 26, 24, 167, 15, 23
images/train/7523.jpg True, 21, 34, 224, 12, 17
images/train/7524.jpg True, 29, 23, 259, 16, 21
images/train/7525.jpg True, 31, 30, 119, 5, 14
images/train/7526.jpg True, 25, 24, 358, 10, 13
images/train/7527.jpg False, 0, 0, 0, 0, 0
images/train/7528.jpg False, 0, 0, 0, 0, 0
images/train/7529.jpg False, 0, 0, 0, 0, 0
images/train/7530.jpg True, 20, 16, 6, 5, 3
images/train/7531.jpg True, 22, 21, 351, 10, 6
images/train/7532.jpg True, 24, 17, 78, 17, 24
images/train/7533.jpg True, 31, 17, 231, 3, 9
images/train/7534.jpg False, 0, 0, 0, 0, 0
images/train/7535.jpg True, 24, 29, 294, 5, 18
images/train/7536.jpg False, 0, 0, 0, 0, 0
images/train/7537.jpg False, 0, 0, 0, 0, 0
images/train/7538.jpg False, 0, 0, 0, 0, 0
images/train/7539.jpg True, 24, 22, 68, 19, 3
images/train/7540.jpg True, 24, 30, 310, 20, 11
images/train/7541.jpg False, 0, 0, 0, 0, 0
images/train/7542.jpg True, 16, 25, 285, 21, 21
images/train/7543.jpg False, 0, 0, 0, 0, 0
images/train/7544.jpg True, 29, 16, 19, 22, 18
images/train/7545.jpg True, 33, 23, 7, 10, 15
images/train/7546.jpg True, 19, 29, 187, 8, 5
images/train/7547.jpg True, 23, 22, 206, 7, 21
images/train/7548.jpg False, 0, 0, 0, 0, 0
images/train/7549.jpg True, 16, 15, 305, 11, 21
images/train/7550.jpg True, 21, 25, 302, 22, 8
images/train/7551.jpg True, 24, 30, 277, 19, 24
images/train/7552.jpg False, 0, 0, 0, 0, 0
images/train/7553.jpg False, 0, 0, 0, 0, 0
images/train/7554.jpg True, 15, 29, 55, 3, 13
images/train/7555.jpg False, 0, 0, 0, 0, 0
images/train/7556.jpg True, 30, 28, 79, 9, 20
images/train/7557.jpg True, 15, 29, 351, 22, 22
images/train/7558.jpg False, 0, 0, 0, 0, 0
images/train/7559.jpg True, 28, 30, 273, 8, 13
images/train/7560.jpg True, 25, 32, 325, 11, 15
images/train/7561.jpg True, 18, 23, 101, 8, 13
images/train/7562.jpg False, 0, 0, 0, 0, 0
images/train/7563.jpg False, 0, 0, 0, 0, 0
images/train/7564.jpg False, 0, 0, 0, 0, 0
images/train/7565.jpg True, 24, 19, 354, 7, 3
images/train/7566.jpg False, 0, 0, 0, 0, 0
images/train/7567.jpg True, 28, 31, 262, 10, 5
images/train/7568.jpg False, 0, 0, 0, 0, 0
images/train/7569.jpg True, 30, 27, 207, 10, 19
images/train/7570.jpg True, 22, 17, 66, 24, 22
images/train/7571.jpg True, 24, 21, 298, 5, 20
images/train/7572.jpg True, 26, 30, 23, 4, 14
images/train/7573.jpg True, 32, 25, 214, 3, 11
images/train/7574.jpg True, 18, 17, 102, 10, 13
images/train/7575.jpg True, 29, 15, 67, 12, 21
images/train/7576.jpg True, 27, 30, 5, 17, 17
images/train/7577.jpg False, 0, 0, 0, 0, 0
images/train/7578.jpg True, 27, 18, 68, 15, 14
images/train/7579.jpg True, 25, 25, 50, 5, 15
images/train/7580.jpg True, 34, 29, 267, 19, 21
images/train/7581.jpg True, 21, 15, 242, 5, 3
images/train/7582.jpg False, 0, 0, 0, 0, 0
images/train/7583.jpg False, 0, 0, 0, 0, 0
images/train/7584.jpg True, 20, 32, 108, 9, 11
images/train/7585.jpg True, 29, 23, 242, 24, 4
images/train/7586.jpg True, 16, 17, 251, 17, 17
images/train/7587.jpg True, 30, 27, 83, 18, 8
images/train/7588.jpg False, 0, 0, 0, 0, 0
images/train/7589.jpg True, 34, 28, 76, 16, 15
images/train/7590.jpg True, 23, 15, 188, 9, 20
images/train/7591.jpg True, 29, 19, 281, 4, 13
images/train/7592.jpg False, 0, 0, 0, 0, 0
images/train/7593.jpg True, 27, 20, 65, 12, 16
images/train/7594.jpg False, 0, 0, 0, 0, 0
images/train/7595.jpg False, 0, 0, 0, 0, 0
images/train/7596.jpg True, 26, 18, 337, 12, 3
images/train/7597.jpg False, 0, 0, 0, 0, 0
images/train/7598.jpg False, 0, 0, 0, 0, 0
images/train/7599.jpg True, 22, 19, 309, 14, 20
images/train/7600.jpg True, 26, 15, 178, 23, 18
images/train/7601.jpg True, 22, 28, 53, 4, 13
images/train/7602.jpg True, 22, 29, 153, 24, 19
images/train/7603.jpg True, 25, 25, 357, 9, 7
images/train/7604.jpg False, 0, 0, 0, 0, 0
images/train/7605.jpg True, 34, 16, 167, 12, 10
images/train/7606.jpg True, 26, 24, 266, 16, 5
images/train/7607.jpg True, 27, 18, 348, 8, 7
images/train/7608.jpg True, 25, 29, 36, 6, 14
images/train/7609.jpg True, 19, 21, 4, 16, 23
images/train/7610.jpg True, 18, 23, 26, 3, 7
images/train/7611.jpg True, 21, 25, 329, 23, 12
images/train/7612.jpg True, 32, 26, 152, 22, 16
images/train/7613.jpg True, 23, 34, 343, 17, 24
images/train/7614.jpg True, 33, 22, 34, 20, 9
images/train/7615.jpg True, 16, 30, 119, 13, 4
images/train/7616.jpg True, 26, 24, 266, 3, 16
images/train/7617.jpg True, 26, 19, 342, 21, 16
images/train/7618.jpg True, 32, 15, 233, 5, 14
images/train/7619.jpg True, 22, 30, 316, 15, 24
images/train/7620.jpg True, 30, 25, 293, 10, 12
images/train/7621.jpg False, 0, 0, 0, 0, 0
images/train/7622.jpg False, 0, 0, 0, 0, 0
images/train/7623.jpg True, 20, 34, 223, 23, 10
images/train/7624.jpg False, 0, 0, 0, 0, 0
images/train/7625.jpg True, 30, 32, 42, 4, 19
images/train/7626.jpg True, 15, 15, 37, 21, 23
images/train/7627.jpg False, 0, 0, 0, 0, 0
images/train/7628.jpg True, 28, 20, 4, 7, 5
images/train/7629.jpg False, 0, 0, 0, 0, 0
images/train/7630.jpg False, 0, 0, 0, 0, 0
images/train/7631.jpg True, 27, 19, 332, 24, 8
images/train/7632.jpg True, 25, 15, 144, 15, 18
images/train/7633.jpg True, 27, 17, 6, 22, 19
images/train/7634.jpg True, 21, 24, 65, 8, 3
images/train/7635.jpg True, 19, 27, 36, 14, 6
images/train/7636.jpg True, 26, 34, 284, 19, 12
images/train/7637.jpg False, 0, 0, 0, 0, 0
images/train/7638.jpg True, 19, 24, 291, 4, 8
images/train/7639.jpg True, 26, 25, 7, 13, 17
images/train/7640.jpg False, 0, 0, 0, 0, 0
images/train/7641.jpg False, 0, 0, 0, 0, 0
images/train/7642.jpg True, 16, 24, 137, 13, 7
images/train/7643.jpg True, 20, 27, 159, 16, 9
images/train/7644.jpg True, 31, 26, 311, 24, 15
images/train/7645.jpg True, 24, 16, 244, 7, 3
images/train/7646.jpg True, 17, 27, 216, 5, 15
images/train/7647.jpg True, 20, 22, 59, 7, 6
images/train/7648.jpg True, 18, 19, 205, 18, 11
images/train/7649.jpg True, 33, 31, 275, 7, 7
images/train/7650.jpg True, 15, 19, 87, 13, 10
images/train/7651.jpg False, 0, 0, 0, 0, 0
images/train/7652.jpg True, 26, 31, 316, 17, 17
images/train/7653.jpg True, 29, 26, 44, 9, 20
images/train/7654.jpg True, 19, 22, 210, 8, 14
images/train/7655.jpg True, 30, 30, 309, 20, 16
images/train/7656.jpg True, 23, 24, 73, 11, 10
images/train/7657.jpg False, 0, 0, 0, 0, 0
images/train/7658.jpg True, 32, 19, 54, 4, 4
images/train/7659.jpg False, 0, 0, 0, 0, 0
images/train/7660.jpg True, 16, 16, 224, 5, 21
images/train/7661.jpg True, 18, 16, 359, 13, 14
images/train/7662.jpg False, 0, 0, 0, 0, 0
images/train/7663.jpg True, 34, 34, 261, 19, 15
images/train/7664.jpg True, 27, 27, 93, 7, 4
images/train/7665.jpg False, 0, 0, 0, 0, 0
images/train/7666.jpg True, 28, 16, 261, 3, 24
images/train/7667.jpg False, 0, 0, 0, 0, 0
images/train/7668.jpg True, 22, 24, 83, 16, 12
images/train/7669.jpg True, 31, 33, 292, 14, 6
images/train/7670.jpg True, 33, 32, 306, 5, 24
images/train/7671.jpg False, 0, 0, 0, 0, 0
images/train/7672.jpg True, 29, 26, 112, 3, 9
images/train/7673.jpg False, 0, 0, 0, 0, 0
images/train/7674.jpg False, 0, 0, 0, 0, 0
images/train/7675.jpg False, 0, 0, 0, 0, 0
images/train/7676.jpg True, 21, 30, 32, 6, 19
images/train/7677.jpg True, 29, 17, 176, 16, 19
images/train/7678.jpg False, 0, 0, 0, 0, 0
images/train/7679.jpg True, 25, 20, 0, 14, 9
images/train/7680.jpg False, 0, 0, 0, 0, 0
images/train/7681.jpg True, 22, 26, 201, 3, 21
images/train/7682.jpg True, 19, 29, 20, 3, 14
images/train/7683.jpg True, 33, 24, 323, 22, 6
images/train/7684.jpg False, 0, 0, 0, 0, 0
images/train/7685.jpg True, 18, 18, 254, 18, 11
images/train/7686.jpg True, 19, 27, 103, 3, 18
images/train/7687.jpg True, 22, 30, 70, 13, 19
images/train/7688.jpg True, 20, 17, 117, 9, 5
images/train/7689.jpg False, 0, 0, 0, 0, 0
images/train/7690.jpg True, 22, 28, 40, 10, 13
images/train/7691.jpg True, 32, 27, 75, 13, 20
images/train/7692.jpg False, 0, 0, 0, 0, 0
images/train/7693.jpg True, 34, 23, 307, 20, 21
images/train/7694.jpg False, 0, 0, 0, 0, 0
images/train/7695.jpg True, 31, 17, 168, 4, 15
images/train/7696.jpg True, 29, 30, 134, 14, 16
images/train/7697.jpg True, 28, 18, 123, 19, 18
images/train/7698.jpg True, 15, 29, 257, 19, 15
images/train/7699.jpg True, 19, 31, 155, 4, 13
images/train/7700.jpg True, 19, 20, 215, 20, 24
images/train/7701.jpg True, 26, 27, 252, 18, 16
images/train/7702.jpg False, 0, 0, 0, 0, 0
images/train/7703.jpg True, 22, 30, 163, 3, 11
images/train/7704.jpg True, 15, 21, 179, 24, 5
images/train/7705.jpg True, 24, 30, 211, 12, 12
images/train/7706.jpg False, 0, 0, 0, 0, 0
images/train/7707.jpg True, 21, 20, 232, 14, 10
images/train/7708.jpg False, 0, 0, 0, 0, 0
images/train/7709.jpg False, 0, 0, 0, 0, 0
images/train/7710.jpg True, 30, 28, 277, 22, 10
images/train/7711.jpg True, 17, 18, 287, 9, 10
images/train/7712.jpg True, 27, 19, 138, 12, 7
images/train/7713.jpg True, 26, 19, 289, 9, 18
images/train/7714.jpg False, 0, 0, 0, 0, 0
images/train/7715.jpg True, 16, 29, 112, 16, 20
images/train/7716.jpg False, 0, 0, 0, 0, 0
images/train/7717.jpg True, 32, 29, 234, 17, 18
images/train/7718.jpg True, 33, 15, 287, 10, 19
images/train/7719.jpg True, 17, 31, 216, 8, 15
images/train/7720.jpg True, 28, 23, 50, 6, 7
images/train/7721.jpg True, 21, 27, 82, 8, 22
images/train/7722.jpg False, 0, 0, 0, 0, 0
images/train/7723.jpg False, 0, 0, 0, 0, 0
images/train/7724.jpg True, 32, 24, 318, 14, 10
images/train/7725.jpg True, 26, 27, 210, 8, 3
images/train/7726.jpg True, 19, 34, 220, 3, 18
images/train/7727.jpg True, 26, 33, 299, 7, 16
images/train/7728.jpg True, 24, 28, 68, 15, 17
images/train/7729.jpg True, 26, 18, 108, 11, 11
images/train/7730.jpg True, 34, 27, 156, 14, 14
images/train/7731.jpg True, 33, 34, 48, 6, 14
images/train/7732.jpg True, 19, 33, 109, 23, 4
images/train/7733.jpg True, 27, 18, 38, 20, 3
images/train/7734.jpg True, 29, 22, 151, 3, 23
images/train/7735.jpg True, 28, 32, 20, 8, 13
images/train/7736.jpg False, 0, 0, 0, 0, 0
images/train/7737.jpg True, 34, 31, 112, 12, 5
images/train/7738.jpg True, 33, 32, 73, 20, 23
images/train/7739.jpg True, 21, 18, 46, 22, 18
images/train/7740.jpg False, 0, 0, 0, 0, 0
images/train/7741.jpg True, 20, 25, 303, 8, 14
images/train/7742.jpg True, 34, 27, 23, 5, 9
images/train/7743.jpg True, 15, 25, 73, 11, 13
images/train/7744.jpg True, 33, 24, 265, 13, 8
images/train/7745.jpg True, 27, 17, 208, 20, 24
images/train/7746.jpg True, 18, 32, 96, 17, 8
images/train/7747.jpg False, 0, 0, 0, 0, 0
images/train/7748.jpg True, 17, 29, 262, 20, 7
images/train/7749.jpg False, 0, 0, 0, 0, 0
images/train/7750.jpg True, 29, 17, 324, 5, 4
images/train/7751.jpg True, 24, 18, 123, 9, 19
images/train/7752.jpg True, 19, 21, 1, 10, 15
images/train/7753.jpg True, 16, 22, 131, 24, 23
images/train/7754.jpg True, 34, 20, 258, 12, 7
images/train/7755.jpg True, 29, 21, 228, 19, 15
images/train/7756.jpg True, 26, 21, 143, 12, 10
images/train/7757.jpg False, 0, 0, 0, 0, 0
images/train/7758.jpg False, 0, 0, 0, 0, 0
images/train/7759.jpg True, 23, 16, 81, 7, 19
images/train/7760.jpg True, 28, 29, 341, 11, 15
images/train/7761.jpg True, 15, 30, 192, 5, 11
images/train/7762.jpg True, 16, 34, 65, 22, 24
images/train/7763.jpg True, 16, 34, 303, 16, 14
images/train/7764.jpg False, 0, 0, 0, 0, 0
images/train/7765.jpg True, 21, 26, 141, 15, 6
images/train/7766.jpg True, 31, 28, 195, 4, 12
images/train/7767.jpg True, 24, 27, 289, 21, 7
images/train/7768.jpg True, 34, 16, 150, 5, 14
images/train/7769.jpg False, 0, 0, 0, 0, 0
images/train/7770.jpg True, 31, 17, 301, 8, 20
images/train/7771.jpg True, 34, 29, 45, 16, 3
images/train/7772.jpg False, 0, 0, 0, 0, 0
images/train/7773.jpg True, 22, 28, 311, 20, 8
images/train/7774.jpg True, 23, 33, 337, 9, 4
images/train/7775.jpg True, 28, 29, 146, 5, 11
images/train/7776.jpg True, 21, 31, 349, 23, 12
images/train/7777.jpg True, 30, 32, 86, 14, 16
images/train/7778.jpg True, 19, 15, 342, 9, 6
images/train/7779.jpg True, 28, 19, 1, 4, 9
images/train/7780.jpg True, 22, 22, 169, 6, 8
images/train/7781.jpg False, 0, 0, 0, 0, 0
images/train/7782.jpg False, 0, 0, 0, 0, 0
images/train/7783.jpg True, 17, 31, 213, 7, 18
images/train/7784.jpg True, 27, 29, 105, 5, 13
images/train/7785.jpg True, 26, 27, 275, 20, 10
images/train/7786.jpg True, 23, 26, 115, 11, 20
images/train/7787.jpg False, 0, 0, 0, 0, 0
images/train/7788.jpg True, 17, 17, 212, 4, 13
images/train/7789.jpg True, 29, 25, 279, 7, 16
images/train/7790.jpg True, 17, 15, 283, 4, 22
images/train/7791.jpg True, 23, 33, 201, 15, 24
images/train/7792.jpg True, 15, 26, 195, 4, 10
images/train/7793.jpg True, 24, 32, 211, 10, 10
images/train/7794.jpg False, 0, 0, 0, 0, 0
images/train/7795.jpg True, 24, 23, 352, 3, 9
images/train/7796.jpg True, 26, 31, 88, 18, 8
images/train/7797.jpg True, 26, 31, 168, 13, 9
images/train/7798.jpg False, 0, 0, 0, 0, 0
images/train/7799.jpg False, 0, 0, 0, 0, 0
images/train/7800.jpg True, 20, 19, 355, 13, 6
images/train/7801.jpg False, 0, 0, 0, 0, 0
images/train/7802.jpg True, 17, 33, 359, 8, 10
images/train/7803.jpg True, 24, 28, 307, 18, 20
images/train/7804.jpg True, 32, 31, 51, 15, 5
images/train/7805.jpg True, 28, 33, 202, 14, 8
images/train/7806.jpg True, 28, 15, 209, 9, 9
images/train/7807.jpg True, 27, 16, 30, 16, 18
images/train/7808.jpg True, 16, 21, 141, 20, 5
images/train/7809.jpg True, 25, 28, 276, 13, 17
images/train/7810.jpg True, 20, 33, 340, 19, 20
images/train/7811.jpg False, 0, 0, 0, 0, 0
images/train/7812.jpg True, 22, 19, 28, 6, 3
images/train/7813.jpg True, 18, 17, 357, 23, 16
images/train/7814.jpg True, 27, 29, 244, 18, 14
images/train/7815.jpg True, 31, 25, 140, 9, 16
images/train/7816.jpg False, 0, 0, 0, 0, 0
images/train/7817.jpg True, 16, 32, 263, 8, 13
images/train/7818.jpg False, 0, 0, 0, 0, 0
images/train/7819.jpg True, 16, 19, 322, 14, 4
images/train/7820.jpg True, 21, 21, 47, 5, 16
images/train/7821.jpg False, 0, 0, 0, 0, 0
images/train/7822.jpg True, 20, 17, 331, 10, 17
images/train/7823.jpg True, 29, 21, 48, 22, 9
images/train/7824.jpg True, 16, 15, 4, 12, 21
images/train/7825.jpg False, 0, 0, 0, 0, 0
images/train/7826.jpg False, 0, 0, 0, 0, 0
images/train/7827.jpg True, 29, 28, 198, 12, 18
images/train/7828.jpg True, 20, 31, 303, 4, 15
images/train/7829.jpg True, 24, 17, 70, 11, 11
images/train/7830.jpg True, 20, 32, 352, 20, 9
images/train/7831.jpg False, 0, 0, 0, 0, 0
images/train/7832.jpg False, 0, 0, 0, 0, 0
images/train/7833.jpg True, 22, 33, 67, 14, 21
images/train/7834.jpg True, 27, 29, 133, 14, 8
images/train/7835.jpg False, 0, 0, 0, 0, 0
images/train/7836.jpg False, 0, 0, 0, 0, 0
images/train/7837.jpg True, 33, 24, 89, 21, 18
images/train/7838.jpg True, 21, 18, 305, 15, 8
images/train/7839.jpg True, 32, 31, 252, 20, 21
images/train/7840.jpg True, 31, 22, 113, 5, 20
images/train/7841.jpg True, 25, 27, 66, 12, 16
images/train/7842.jpg True, 18, 19, 10, 10, 17
images/train/7843.jpg False, 0, 0, 0, 0, 0
images/train/7844.jpg True, 25, 34, 329, 18, 12
images/train/7845.jpg True, 30, 18, 345, 24, 16
images/train/7846.jpg True, 27, 27, 223, 21, 10
images/train/7847.jpg True, 29, 31, 123, 24, 22
images/train/7848.jpg True, 23, 30, 137, 4, 15
images/train/7849.jpg True, 32, 27, 69, 13, 19
images/train/7850.jpg False, 0, 0, 0, 0, 0
images/train/7851.jpg False, 0, 0, 0, 0, 0
images/train/7852.jpg True, 34, 18, 135, 23, 5
images/train/7853.jpg False, 0, 0, 0, 0, 0
images/train/7854.jpg False, 0, 0, 0, 0, 0
images/train/7855.jpg True, 15, 19, 95, 15, 22
images/train/7856.jpg True, 33, 17, 105, 16, 17
images/train/7857.jpg False, 0, 0, 0, 0, 0
images/train/7858.jpg False, 0, 0, 0, 0, 0
images/train/7859.jpg True, 26, 32, 127, 17, 12
images/train/7860.jpg True, 16, 26, 114, 8, 23
images/train/7861.jpg True, 19, 24, 338, 17, 3
images/train/7862.jpg True, 15, 18, 77, 10, 18
images/train/7863.jpg True, 16, 34, 300, 15, 20
images/train/7864.jpg False, 0, 0, 0, 0, 0
images/train/7865.jpg True, 17, 23, 279, 23, 4
images/train/7866.jpg False, 0, 0, 0, 0, 0
images/train/7867.jpg False, 0, 0, 0, 0, 0
images/train/7868.jpg False, 0, 0, 0, 0, 0
images/train/7869.jpg True, 34, 21, 211, 12, 13
images/train/7870.jpg True, 25, 32, 155, 18, 8
images/train/7871.jpg True, 34, 19, 135, 4, 16
images/train/7872.jpg True, 26, 20, 197, 4, 10
images/train/7873.jpg True, 23, 28, 157, 23, 9
images/train/7874.jpg True, 34, 23, 89, 4, 7
images/train/7875.jpg True, 32, 31, 35, 18, 19
images/train/7876.jpg True, 19, 30, 105, 10, 13
images/train/7877.jpg False, 0, 0, 0, 0, 0
images/train/7878.jpg True, 24, 21, 292, 24, 7
images/train/7879.jpg True, 34, 30, 41, 18, 17
images/train/7880.jpg True, 17, 28, 233, 4, 19
images/train/7881.jpg True, 29, 17, 338, 3, 14
images/train/7882.jpg True, 22, 31, 112, 3, 10
images/train/7883.jpg True, 22, 23, 102, 5, 6
images/train/7884.jpg True, 21, 28, 123, 14, 4
images/train/7885.jpg False, 0, 0, 0, 0, 0
images/train/7886.jpg False, 0, 0, 0, 0, 0
images/train/7887.jpg True, 22, 18, 353, 12, 5
images/train/7888.jpg False, 0, 0, 0, 0, 0
images/train/7889.jpg True, 28, 23, 149, 21, 22
images/train/7890.jpg False, 0, 0, 0, 0, 0
images/train/7891.jpg True, 23, 20, 78, 20, 21
images/train/7892.jpg True, 23, 23, 170, 9, 20
images/train/7893.jpg True, 18, 29, 240, 12, 10
images/train/7894.jpg True, 18, 23, 94, 11, 16
images/train/7895.jpg True, 20, 27, 198, 13, 18
images/train/7896.jpg True, 15, 31, 352, 11, 20
images/train/7897.jpg True, 34, 26, 316, 12, 9
images/train/7898.jpg True, 29, 33, 11, 22, 11
images/train/7899.jpg True, 17, 31, 177, 4, 8
images/train/7900.jpg True, 19, 17, 31, 21, 6
images/train/7901.jpg False, 0, 0, 0, 0, 0
images/train/7902.jpg True, 16, 17, 92, 20, 20
images/train/7903.jpg True, 29, 17, 98, 11, 11
images/train/7904.jpg True, 20, 32, 111, 8, 17
images/train/7905.jpg True, 24, 17, 6, 23, 19
images/train/7906.jpg True, 18, 19, 193, 5, 22
images/train/7907.jpg True, 31, 23, 222, 8, 7
images/train/7908.jpg True, 34, 32, 270, 17, 3
images/train/7909.jpg True, 18, 16, 331, 8, 5
images/train/7910.jpg True, 27, 27, 43, 6, 10
images/train/7911.jpg True, 32, 18, 165, 24, 9
images/train/7912.jpg True, 22, 32, 314, 8, 17
images/train/7913.jpg True, 32, 30, 120, 21, 21
images/train/7914.jpg True, 18, 21, 189, 18, 13
images/train/7915.jpg False, 0, 0, 0, 0, 0
images/train/7916.jpg False, 0, 0, 0, 0, 0
images/train/7917.jpg True, 16, 25, 343, 16, 16
images/train/7918.jpg True, 29, 17, 359, 16, 8
images/train/7919.jpg True, 17, 31, 165, 18, 9
images/train/7920.jpg True, 31, 28, 12, 21, 24
images/train/7921.jpg False, 0, 0, 0, 0, 0
images/train/7922.jpg True, 23, 19, 96, 20, 10
images/train/7923.jpg True, 27, 25, 81, 20, 6
images/train/7924.jpg True, 24, 22, 8, 7, 21
images/train/7925.jpg True, 31, 21, 325, 8, 9
images/train/7926.jpg False, 0, 0, 0, 0, 0
images/train/7927.jpg True, 17, 22, 95, 16, 18
images/train/7928.jpg False, 0, 0, 0, 0, 0
images/train/7929.jpg True, 19, 33, 142, 20, 22
images/train/7930.jpg True, 31, 26, 331, 17, 13
images/train/7931.jpg True, 29, 17, 304, 3, 20
images/train/7932.jpg False, 0, 0, 0, 0, 0
images/train/7933.jpg True, 32, 26, 30, 5, 19
images/train/7934.jpg True, 33, 28, 41, 7, 12
images/train/7935.jpg True, 21, 16, 162, 17, 3
images/train/7936.jpg True, 19, 32, 52, 12, 23
images/train/7937.jpg True, 31, 22, 296, 24, 24
images/train/7938.jpg True, 28, 21, 130, 6, 24
images/train/7939.jpg False, 0, 0, 0, 0, 0
images/train/7940.jpg False, 0, 0, 0, 0, 0
images/train/7941.jpg True, 22, 24, 67, 13, 14
images/train/7942.jpg True, 25, 17, 178, 20, 9
images/train/7943.jpg True, 20, 26, 216, 4, 4
images/train/7944.jpg False, 0, 0, 0, 0, 0
images/train/7945.jpg True, 31, 27, 197, 12, 21
images/train/7946.jpg True, 29, 31, 11, 22, 10
images/train/7947.jpg True, 29, 20, 50, 22, 16
images/train/7948.jpg True, 18, 22, 115, 4, 7
images/train/7949.jpg True, 17, 22, 159, 22, 10
images/train/7950.jpg True, 34, 28, 61, 16, 22
images/train/7951.jpg False, 0, 0, 0, 0, 0
images/train/7952.jpg True, 24, 24, 51, 22, 16
images/train/7953.jpg False, 0, 0, 0, 0, 0
images/train/7954.jpg True, 22, 19, 206, 10, 17
images/train/7955.jpg True, 32, 15, 195, 3, 22
images/train/7956.jpg True, 16, 16, 56, 5, 3
images/train/7957.jpg True, 34, 32, 305, 8, 14
images/train/7958.jpg True, 15, 23, 341, 5, 5
images/train/7959.jpg True, 21, 15, 279, 4, 8
images/train/7960.jpg True, 20, 33, 217, 21, 22
images/train/7961.jpg False, 0, 0, 0, 0, 0
images/train/7962.jpg False, 0, 0, 0, 0, 0
images/train/7963.jpg True, 29, 26, 182, 16, 5
images/train/7964.jpg True, 20, 28, 271, 10, 8
images/train/7965.jpg True, 20, 23, 31, 12, 8
images/train/7966.jpg True, 30, 30, 146, 11, 19
images/train/7967.jpg True, 22, 27, 251, 15, 15
images/train/7968.jpg True, 33, 22, 221, 8, 22
images/train/7969.jpg True, 20, 26, 99, 5, 5
images/train/7970.jpg False, 0, 0, 0, 0, 0
images/train/7971.jpg False, 0, 0, 0, 0, 0
images/train/7972.jpg True, 29, 18, 161, 19, 14
images/train/7973.jpg True, 27, 20, 162, 15, 13
images/train/7974.jpg True, 25, 18, 15, 23, 18
images/train/7975.jpg True, 23, 27, 127, 8, 4
images/train/7976.jpg True, 30, 33, 70, 19, 22
images/train/7977.jpg True, 27, 26, 317, 12, 24
images/train/7978.jpg True, 20, 24, 187, 14, 22
images/train/7979.jpg False, 0, 0, 0, 0, 0
images/train/7980.jpg False, 0, 0, 0, 0, 0
images/train/7981.jpg True, 34, 26, 3, 14, 20
images/train/7982.jpg True, 25, 19, 200, 10, 15
images/train/7983.jpg False, 0, 0, 0, 0, 0
images/train/7984.jpg True, 17, 22, 22, 19, 7
images/train/7985.jpg False, 0, 0, 0, 0, 0
images/train/7986.jpg False, 0, 0, 0, 0, 0
images/train/7987.jpg True, 30, 28, 89, 18, 19
images/train/7988.jpg True, 28, 21, 122, 17, 9
images/train/7989.jpg True, 28, 20, 236, 15, 14
images/train/7990.jpg True, 17, 28, 198, 16, 6
images/train/7991.jpg False, 0, 0, 0, 0, 0
images/train/7992.jpg True, 15, 20, 173, 8, 9
images/train/7993.jpg False, 0, 0, 0, 0, 0
images/train/7994.jpg True, 27, 27, 57, 3, 12
images/train/7995.jpg True, 29, 18, 207, 21, 13
images/train/7996.jpg True, 30, 33, 292, 23, 24
images/train/7997.jpg False, 0, 0, 0, 0, 0
images/train/7998.jpg False, 0, 0, 0, 0, 0
images/train/7999.jpg True, 17, 32, 137, 19, 16
images/train/8000.jpg False, 0, 0, 0, 0, 0
images/train/8001.jpg True, 31, 21, 299, 4, 10
images/train/8002.jpg True, 25, 21, 194, 3, 16
images/train/8003.jpg True, 33, 25, 32, 6, 8
images/train/8004.jpg False, 0, 0, 0, 0, 0
images/train/8005.jpg False, 0, 0, 0, 0, 0
images/train/8006.jpg False, 0, 0, 0, 0, 0
images/train/8007.jpg False, 0, 0, 0, 0, 0
images/train/8008.jpg True, 16, 28, 251, 12, 15
images/train/8009.jpg True, 22, 23, 55, 18, 16
images/train/8010.jpg True, 19, 16, 343, 18, 24
images/train/8011.jpg True, 17, 29, 204, 10, 8
images/train/8012.jpg True, 32, 18, 351, 8, 9
images/train/8013.jpg False, 0, 0, 0, 0, 0
images/train/8014.jpg True, 24, 15, 109, 23, 15
images/train/8015.jpg True, 15, 22, 287, 17, 13
images/train/8016.jpg False, 0, 0, 0, 0, 0
images/train/8017.jpg True, 34, 27, 136, 20, 3
images/train/8018.jpg True, 26, 17, 153, 12, 23
images/train/8019.jpg False, 0, 0, 0, 0, 0
images/train/8020.jpg True, 21, 19, 84, 11, 17
images/train/8021.jpg False, 0, 0, 0, 0, 0
images/train/8022.jpg True, 21, 25, 271, 13, 4
images/train/8023.jpg False, 0, 0, 0, 0, 0
images/train/8024.jpg True, 20, 21, 333, 3, 21
images/train/8025.jpg True, 29, 17, 109, 6, 9
images/train/8026.jpg True, 20, 31, 259, 22, 21
images/train/8027.jpg False, 0, 0, 0, 0, 0
images/train/8028.jpg True, 34, 29, 294, 13, 18
images/train/8029.jpg False, 0, 0, 0, 0, 0
images/train/8030.jpg True, 16, 31, 20, 13, 13
images/train/8031.jpg True, 24, 32, 64, 6, 4
images/train/8032.jpg True, 19, 25, 63, 9, 7
images/train/8033.jpg True, 17, 29, 213, 17, 4
images/train/8034.jpg True, 27, 33, 229, 13, 22
images/train/8035.jpg True, 26, 20, 105, 3, 13
images/train/8036.jpg False, 0, 0, 0, 0, 0
images/train/8037.jpg False, 0, 0, 0, 0, 0
images/train/8038.jpg True, 16, 27, 247, 20, 11
images/train/8039.jpg True, 25, 30, 334, 3, 16
images/train/8040.jpg False, 0, 0, 0, 0, 0
images/train/8041.jpg True, 32, 32, 10, 14, 18
images/train/8042.jpg True, 16, 16, 207, 10, 21
images/train/8043.jpg False, 0, 0, 0, 0, 0
images/train/8044.jpg False, 0, 0, 0, 0, 0
images/train/8045.jpg True, 28, 29, 328, 14, 19
images/train/8046.jpg False, 0, 0, 0, 0, 0
images/train/8047.jpg True, 16, 16, 308, 12, 10
images/train/8048.jpg True, 21, 17, 2, 10, 15
images/train/8049.jpg True, 22, 20, 280, 24, 13
images/train/8050.jpg True, 28, 31, 230, 24, 4
images/train/8051.jpg True, 24, 16, 274, 13, 7
images/train/8052.jpg True, 28, 28, 321, 23, 6
images/train/8053.jpg False, 0, 0, 0, 0, 0
images/train/8054.jpg True, 23, 25, 323, 17, 11
images/train/8055.jpg False, 0, 0, 0, 0, 0
images/train/8056.jpg True, 24, 34, 176, 8, 4
images/train/8057.jpg True, 26, 16, 151, 3, 8
images/train/8058.jpg False, 0, 0, 0, 0, 0
images/train/8059.jpg True, 32, 18, 29, 11, 8
images/train/8060.jpg False, 0, 0, 0, 0, 0
images/train/8061.jpg True, 31, 25, 189, 13, 23
images/train/8062.jpg False, 0, 0, 0, 0, 0
images/train/8063.jpg True, 33, 25, 292, 23, 5
images/train/8064.jpg True, 21, 28, 2, 15, 9
images/train/8065.jpg False, 0, 0, 0, 0, 0
images/train/8066.jpg True, 17, 20, 200, 18, 19
images/train/8067.jpg False, 0, 0, 0, 0, 0
images/train/8068.jpg True, 27, 21, 169, 9, 19
images/train/8069.jpg True, 16, 15, 211, 19, 12
images/train/8070.jpg True, 33, 16, 194, 19, 4
images/train/8071.jpg True, 23, 20, 107, 3, 3
images/train/8072.jpg False, 0, 0, 0, 0, 0
images/train/8073.jpg True, 34, 29, 240, 14, 18
images/train/8074.jpg True, 25, 33, 269, 24, 24
images/train/8075.jpg True, 28, 17, 98, 11, 23
images/train/8076.jpg True, 19, 30, 254, 9, 10
images/train/8077.jpg False, 0, 0, 0, 0, 0
images/train/8078.jpg True, 34, 31, 263, 5, 23
images/train/8079.jpg False, 0, 0, 0, 0, 0
images/train/8080.jpg True, 15, 34, 301, 3, 20
images/train/8081.jpg False, 0, 0, 0, 0, 0
images/train/8082.jpg False, 0, 0, 0, 0, 0
images/train/8083.jpg True, 15, 19, 327, 3, 20
images/train/8084.jpg False, 0, 0, 0, 0, 0
images/train/8085.jpg True, 28, 16, 330, 16, 4
images/train/8086.jpg True, 30, 21, 209, 14, 17
images/train/8087.jpg True, 20, 18, 250, 10, 8
images/train/8088.jpg True, 29, 15, 311, 13, 21
images/train/8089.jpg True, 31, 15, 239, 7, 16
images/train/8090.jpg False, 0, 0, 0, 0, 0
images/train/8091.jpg True, 32, 24, 47, 4, 24
images/train/8092.jpg True, 19, 20, 348, 21, 18
images/train/8093.jpg False, 0, 0, 0, 0, 0
images/train/8094.jpg True, 22, 18, 100, 23, 22
images/train/8095.jpg True, 34, 22, 225, 11, 23
images/train/8096.jpg False, 0, 0, 0, 0, 0
images/train/8097.jpg True, 17, 25, 346, 23, 14
images/train/8098.jpg True, 27, 15, 52, 20, 24
images/train/8099.jpg True, 26, 19, 304, 13, 6
images/train/8100.jpg True, 28, 26, 54, 21, 16
images/train/8101.jpg True, 34, 17, 346, 21, 5
images/train/8102.jpg True, 18, 27, 311, 13, 5
images/train/8103.jpg True, 28, 32, 163, 11, 9
images/train/8104.jpg True, 22, 16, 189, 22, 5
images/train/8105.jpg True, 18, 30, 316, 15, 15
images/train/8106.jpg True, 18, 17, 26, 24, 8
images/train/8107.jpg True, 17, 25, 277, 12, 17
images/train/8108.jpg True, 26, 20, 282, 12, 22
images/train/8109.jpg True, 31, 15, 292, 6, 18
images/train/8110.jpg True, 28, 31, 159, 16, 15
images/train/8111.jpg False, 0, 0, 0, 0, 0
images/train/8112.jpg True, 21, 25, 165, 6, 7
images/train/8113.jpg False, 0, 0, 0, 0, 0
images/train/8114.jpg True, 32, 20, 174, 19, 24
images/train/8115.jpg True, 33, 23, 97, 6, 3
images/train/8116.jpg False, 0, 0, 0, 0, 0
images/train/8117.jpg True, 32, 31, 199, 5, 5
images/train/8118.jpg False, 0, 0, 0, 0, 0
images/train/8119.jpg True, 33, 32, 106, 10, 20
images/train/8120.jpg False, 0, 0, 0, 0, 0
images/train/8121.jpg True, 20, 24, 303, 11, 4
images/train/8122.jpg True, 15, 31, 176, 24, 14
images/train/8123.jpg True, 26, 28, 241, 24, 20
images/train/8124.jpg True, 33, 28, 307, 4, 10
images/train/8125.jpg True, 19, 22, 301, 12, 23
images/train/8126.jpg True, 19, 31, 17, 24, 14
images/train/8127.jpg True, 31, 19, 198, 22, 13
images/train/8128.jpg False, 0, 0, 0, 0, 0
images/train/8129.jpg False, 0, 0, 0, 0, 0
images/train/8130.jpg True, 33, 24, 115, 17, 11
images/train/8131.jpg True, 33, 29, 117, 3, 18
images/train/8132.jpg False, 0, 0, 0, 0, 0
images/train/8133.jpg True, 17, 18, 338, 16, 8
images/train/8134.jpg True, 34, 26, 162, 14, 6
images/train/8135.jpg True, 33, 18, 107, 6, 17
images/train/8136.jpg True, 25, 33, 245, 15, 24
images/train/8137.jpg True, 32, 22, 23, 15, 7
images/train/8138.jpg True, 31, 28, 76, 18, 4
images/train/8139.jpg True, 23, 30, 226, 10, 9
images/train/8140.jpg True, 27, 31, 250, 16, 12
images/train/8141.jpg True, 34, 29, 289, 4, 13
images/train/8142.jpg True, 29, 22, 200, 19, 18
images/train/8143.jpg True, 17, 15, 11, 8, 5
images/train/8144.jpg True, 22, 31, 115, 18, 11
images/train/8145.jpg True, 15, 15, 170, 23, 7
images/train/8146.jpg True, 31, 19, 321, 19, 16
images/train/8147.jpg True, 34, 32, 243, 10, 13
images/train/8148.jpg True, 17, 19, 201, 4, 8
images/train/8149.jpg False, 0, 0, 0, 0, 0
images/train/8150.jpg False, 0, 0, 0, 0, 0
images/train/8151.jpg True, 21, 31, 188, 19, 10
images/train/8152.jpg True, 23, 26, 343, 20, 15
images/train/8153.jpg True, 20, 24, 191, 3, 8
images/train/8154.jpg True, 16, 32, 121, 12, 16
images/train/8155.jpg False, 0, 0, 0, 0, 0
images/train/8156.jpg True, 24, 27, 121, 20, 15
images/train/8157.jpg True, 19, 27, 342, 10, 16
images/train/8158.jpg False, 0, 0, 0, 0, 0
images/train/8159.jpg True, 24, 32, 253, 6, 10
images/train/8160.jpg True, 23, 26, 73, 8, 23
images/train/8161.jpg True, 15, 26, 22, 17, 16
images/train/8162.jpg False, 0, 0, 0, 0, 0
images/train/8163.jpg False, 0, 0, 0, 0, 0
images/train/8164.jpg True, 25, 30, 329, 18, 12
images/train/8165.jpg True, 19, 28, 15, 23, 17
images/train/8166.jpg False, 0, 0, 0, 0, 0
images/train/8167.jpg False, 0, 0, 0, 0, 0
images/train/8168.jpg True, 24, 24, 137, 24, 23
images/train/8169.jpg True, 31, 33, 112, 18, 19
images/train/8170.jpg True, 33, 25, 258, 22, 20
images/train/8171.jpg True, 24, 29, 305, 18, 5
images/train/8172.jpg False, 0, 0, 0, 0, 0
images/train/8173.jpg True, 16, 17, 72, 6, 6
images/train/8174.jpg False, 0, 0, 0, 0, 0
images/train/8175.jpg False, 0, 0, 0, 0, 0
images/train/8176.jpg True, 18, 29, 259, 17, 24
images/train/8177.jpg True, 27, 23, 173, 10, 3
images/train/8178.jpg True, 28, 18, 150, 23, 14
images/train/8179.jpg True, 16, 32, 112, 10, 3
images/train/8180.jpg False, 0, 0, 0, 0, 0
images/train/8181.jpg True, 33, 17, 46, 15, 3
images/train/8182.jpg False, 0, 0, 0, 0, 0
images/train/8183.jpg True, 33, 19, 354, 22, 24
images/train/8184.jpg True, 15, 22, 234, 3, 9
images/train/8185.jpg True, 20, 29, 192, 6, 18
images/train/8186.jpg True, 24, 20, 335, 4, 12
images/train/8187.jpg True, 15, 23, 136, 22, 6
images/train/8188.jpg True, 25, 22, 124, 24, 6
images/train/8189.jpg False, 0, 0, 0, 0, 0
images/train/8190.jpg True, 16, 17, 117, 8, 18
images/train/8191.jpg True, 29, 34, 49, 20, 8
images/train/8192.jpg True, 18, 34, 6, 5, 5
images/train/8193.jpg False, 0, 0, 0, 0, 0
images/train/8194.jpg False, 0, 0, 0, 0, 0
images/train/8195.jpg False, 0, 0, 0, 0, 0
images/train/8196.jpg False, 0, 0, 0, 0, 0
images/train/8197.jpg False, 0, 0, 0, 0, 0
images/train/8198.jpg True, 28, 23, 329, 5, 14
images/train/8199.jpg True, 33, 26, 44, 21, 17
images/train/8200.jpg False, 0, 0, 0, 0, 0
images/train/8201.jpg True, 28, 32, 269, 19, 19
images/train/8202.jpg True, 25, 23, 272, 21, 24
images/train/8203.jpg True, 30, 21, 88, 13, 19
images/train/8204.jpg False, 0, 0, 0, 0, 0
images/train/8205.jpg True, 30, 24, 74, 10, 22
images/train/8206.jpg True, 23, 21, 257, 19, 14
images/train/8207.jpg True, 24, 15, 287, 4, 3
images/train/8208.jpg True, 31, 32, 199, 22, 15
images/train/8209.jpg False, 0, 0, 0, 0, 0
images/train/8210.jpg True, 26, 17, 125, 7, 4
images/train/8211.jpg True, 33, 24, 22, 4, 13
images/train/8212.jpg False, 0, 0, 0, 0, 0
images/train/8213.jpg False, 0, 0, 0, 0, 0
images/train/8214.jpg True, 32, 33, 293, 4, 11
images/train/8215.jpg True, 25, 16, 20, 13, 19
images/train/8216.jpg False, 0, 0, 0, 0, 0
images/train/8217.jpg True, 23, 29, 112, 21, 11
images/train/8218.jpg True, 31, 30, 5, 21, 14
images/train/8219.jpg True, 23, 30, 354, 4, 23
images/train/8220.jpg True, 23, 33, 12, 4, 22
images/train/8221.jpg True, 33, 25, 226, 4, 16
images/train/8222.jpg False, 0, 0, 0, 0, 0
images/train/8223.jpg True, 18, 31, 303, 9, 23
images/train/8224.jpg True, 15, 18, 138, 12, 10
images/train/8225.jpg True, 18, 17, 45, 8, 4
images/train/8226.jpg True, 20, 27, 238, 3, 16
images/train/8227.jpg False, 0, 0, 0, 0, 0
images/train/8228.jpg True, 21, 17, 124, 23, 22
images/train/8229.jpg True, 28, 17, 135, 5, 14
images/train/8230.jpg True, 34, 30, 172, 14, 16
images/train/8231.jpg True, 26, 20, 201, 15, 8
images/train/8232.jpg True, 34, 15, 176, 5, 19
images/train/8233.jpg True, 30, 30, 169, 20, 15
images/train/8234.jpg False, 0, 0, 0, 0, 0
images/train/8235.jpg True, 29, 33, 68, 8, 24
images/train/8236.jpg True, 30, 26, 17, 12, 9
images/train/8237.jpg False, 0, 0, 0, 0, 0
images/train/8238.jpg True, 23, 28, 111, 23, 24
images/train/8239.jpg True, 24, 24, 294, 7, 14
images/train/8240.jpg True, 29, 29, 282, 21, 13
images/train/8241.jpg True, 31, 26, 195, 11, 10
images/train/8242.jpg False, 0, 0, 0, 0, 0
images/train/8243.jpg True, 26, 29, 306, 15, 22
images/train/8244.jpg True, 18, 17, 71, 10, 19
images/train/8245.jpg False, 0, 0, 0, 0, 0
images/train/8246.jpg False, 0, 0, 0, 0, 0
images/train/8247.jpg True, 27, 25, 223, 13, 19
images/train/8248.jpg False, 0, 0, 0, 0, 0
images/train/8249.jpg True, 21, 24, 143, 24, 19
images/train/8250.jpg True, 25, 20, 183, 6, 6
images/train/8251.jpg False, 0, 0, 0, 0, 0
images/train/8252.jpg True, 25, 34, 69, 23, 9
images/train/8253.jpg True, 31, 24, 316, 11, 14
images/train/8254.jpg True, 24, 34, 328, 18, 7
images/train/8255.jpg False, 0, 0, 0, 0, 0
images/train/8256.jpg True, 32, 24, 130, 4, 18
images/train/8257.jpg True, 30, 17, 299, 14, 19
images/train/8258.jpg True, 32, 33, 165, 11, 24
images/train/8259.jpg True, 20, 26, 45, 16, 14
images/train/8260.jpg False, 0, 0, 0, 0, 0
images/train/8261.jpg False, 0, 0, 0, 0, 0
images/train/8262.jpg True, 33, 17, 215, 21, 15
images/train/8263.jpg False, 0, 0, 0, 0, 0
images/train/8264.jpg True, 31, 23, 49, 15, 22
images/train/8265.jpg False, 0, 0, 0, 0, 0
images/train/8266.jpg True, 18, 21, 332, 24, 23
images/train/8267.jpg True, 23, 26, 208, 17, 8
images/train/8268.jpg False, 0, 0, 0, 0, 0
images/train/8269.jpg True, 18, 29, 164, 18, 18
images/train/8270.jpg True, 21, 25, 250, 15, 6
images/train/8271.jpg True, 17, 17, 323, 7, 11
images/train/8272.jpg True, 16, 31, 77, 23, 10
images/train/8273.jpg True, 19, 34, 117, 3, 9
images/train/8274.jpg True, 28, 27, 332, 10, 17
images/train/8275.jpg True, 21, 24, 267, 19, 21
images/train/8276.jpg True, 20, 30, 40, 16, 15
images/train/8277.jpg True, 31, 22, 311, 9, 13
images/train/8278.jpg False, 0, 0, 0, 0, 0
images/train/8279.jpg False, 0, 0, 0, 0, 0
images/train/8280.jpg False, 0, 0, 0, 0, 0
images/train/8281.jpg True, 18, 34, 188, 5, 18
images/train/8282.jpg True, 34, 16, 73, 17, 24
images/train/8283.jpg False, 0, 0, 0, 0, 0
images/train/8284.jpg True, 27, 29, 220, 15, 7
images/train/8285.jpg True, 32, 26, 227, 6, 4
images/train/8286.jpg True, 32, 26, 251, 21, 17
images/train/8287.jpg True, 29, 17, 351, 17, 20
images/train/8288.jpg True, 19, 17, 1, 12, 22
images/train/8289.jpg True, 15, 22, 18, 20, 10
images/train/8290.jpg True, 28, 19, 92, 3, 23
images/train/8291.jpg True, 24, 32, 12, 24, 9
images/train/8292.jpg False, 0, 0, 0, 0, 0
images/train/8293.jpg False, 0, 0, 0, 0, 0
images/train/8294.jpg True, 23, 22, 200, 7, 21
images/train/8295.jpg True, 25, 32, 129, 8, 6
images/train/8296.jpg True, 15, 20, 130, 4, 10
images/train/8297.jpg True, 20, 18, 83, 7, 13
images/train/8298.jpg True, 16, 24, 79, 9, 5
images/train/8299.jpg True, 19, 22, 264, 16, 3
images/train/8300.jpg False, 0, 0, 0, 0, 0
images/train/8301.jpg False, 0, 0, 0, 0, 0
images/train/8302.jpg True, 17, 33, 79, 11, 13
images/train/8303.jpg True, 27, 25, 31, 8, 19
images/train/8304.jpg True, 19, 15, 70, 13, 12
images/train/8305.jpg True, 29, 21, 337, 11, 16
images/train/8306.jpg False, 0, 0, 0, 0, 0
images/train/8307.jpg True, 31, 19, 128, 20, 16
images/train/8308.jpg False, 0, 0, 0, 0, 0
images/train/8309.jpg True, 22, 27, 101, 11, 6
images/train/8310.jpg False, 0, 0, 0, 0, 0
images/train/8311.jpg True, 25, 34, 98, 4, 17
images/train/8312.jpg False, 0, 0, 0, 0, 0
images/train/8313.jpg True, 34, 34, 31, 4, 22
images/train/8314.jpg True, 31, 28, 350, 8, 6
images/train/8315.jpg False, 0, 0, 0, 0, 0
images/train/8316.jpg False, 0, 0, 0, 0, 0
images/train/8317.jpg True, 27, 22, 336, 19, 17
images/train/8318.jpg False, 0, 0, 0, 0, 0
images/train/8319.jpg True, 24, 34, 102, 19, 24
images/train/8320.jpg True, 24, 17, 176, 20, 9
images/train/8321.jpg False, 0, 0, 0, 0, 0
images/train/8322.jpg True, 32, 19, 180, 12, 23
images/train/8323.jpg False, 0, 0, 0, 0, 0
images/train/8324.jpg False, 0, 0, 0, 0, 0
images/train/8325.jpg True, 24, 28, 241, 19, 14
images/train/8326.jpg True, 28, 27, 331, 24, 6
images/train/8327.jpg True, 34, 21, 166, 8, 19
images/train/8328.jpg True, 24, 21, 217, 7, 19
images/train/8329.jpg True, 33, 26, 315, 12, 4
images/train/8330.jpg True, 15, 16, 355, 4, 6
images/train/8331.jpg True, 21, 32, 323, 15, 24
images/train/8332.jpg True, 15, 28, 19, 4, 5
images/train/8333.jpg True, 22, 20, 167, 13, 21
images/train/8334.jpg False, 0, 0, 0, 0, 0
images/train/8335.jpg True, 32, 24, 355, 15, 12
images/train/8336.jpg False, 0, 0, 0, 0, 0
images/train/8337.jpg True, 18, 19, 310, 18, 3
images/train/8338.jpg True, 31, 29, 292, 17, 6
images/train/8339.jpg True, 20, 16, 136, 13, 4
images/train/8340.jpg True, 34, 18, 12, 23, 5
images/train/8341.jpg False, 0, 0, 0, 0, 0
images/train/8342.jpg False, 0, 0, 0, 0, 0
images/train/8343.jpg True, 18, 28, 129, 11, 18
images/train/8344.jpg True, 15, 30, 62, 10, 13
images/train/8345.jpg True, 24, 24, 251, 10, 16
images/train/8346.jpg False, 0, 0, 0, 0, 0
images/train/8347.jpg True, 34, 34, 55, 24, 21
images/train/8348.jpg True, 33, 18, 188, 3, 15
images/train/8349.jpg True, 34, 17, 140, 19, 12
images/train/8350.jpg True, 25, 34, 315, 5, 18
images/train/8351.jpg True, 23, 25, 122, 11, 11
images/train/8352.jpg True, 27, 16, 53, 14, 21
images/train/8353.jpg False, 0, 0, 0, 0, 0
images/train/8354.jpg True, 15, 18, 187, 14, 22
images/train/8355.jpg True, 29, 22, 213, 22, 7
images/train/8356.jpg True, 20, 25, 94, 17, 23
images/train/8357.jpg True, 19, 20, 222, 21, 3
images/train/8358.jpg True, 17, 29, 223, 7, 17
images/train/8359.jpg True, 23, 16, 62, 21, 22
images/train/8360.jpg True, 27, 16, 232, 10, 17
images/train/8361.jpg True, 21, 19, 223, 3, 9
images/train/8362.jpg True, 29, 26, 324, 8, 24
images/train/8363.jpg True, 31, 33, 148, 17, 11
images/train/8364.jpg True, 27, 28, 193, 20, 4
images/train/8365.jpg False, 0, 0, 0, 0, 0
images/train/8366.jpg True, 33, 19, 316, 4, 17
images/train/8367.jpg True, 31, 28, 124, 11, 9
images/train/8368.jpg True, 24, 19, 156, 8, 8
images/train/8369.jpg True, 29, 20, 30, 17, 9
images/train/8370.jpg True, 33, 23, 120, 24, 9
images/train/8371.jpg False, 0, 0, 0, 0, 0
images/train/8372.jpg True, 33, 32, 91, 23, 8
images/train/8373.jpg False, 0, 0, 0, 0, 0
images/train/8374.jpg True, 21, 19, 179, 7, 3
images/train/8375.jpg False, 0, 0, 0, 0, 0
images/train/8376.jpg False, 0, 0, 0, 0, 0
images/train/8377.jpg False, 0, 0, 0, 0, 0
images/train/8378.jpg True, 24, 21, 359, 12, 24
images/train/8379.jpg True, 33, 25, 246, 20, 15
images/train/8380.jpg False, 0, 0, 0, 0, 0
images/train/8381.jpg True, 21, 24, 10, 16, 15
images/train/8382.jpg True, 17, 21, 201, 10, 12
images/train/8383.jpg True, 25, 17, 92, 23, 21
images/train/8384.jpg True, 31, 19, 55, 10, 4
images/train/8385.jpg False, 0, 0, 0, 0, 0
images/train/8386.jpg False, 0, 0, 0, 0, 0
images/train/8387.jpg True, 34, 18, 155, 8, 5
images/train/8388.jpg True, 27, 26, 339, 7, 9
images/train/8389.jpg False, 0, 0, 0, 0, 0
images/train/8390.jpg False, 0, 0, 0, 0, 0
images/train/8391.jpg True, 34, 16, 217, 12, 19
images/train/8392.jpg True, 29, 25, 168, 16, 4
images/train/8393.jpg True, 31, 18, 65, 18, 4
images/train/8394.jpg True, 21, 20, 110, 13, 24
images/train/8395.jpg True, 29, 15, 190, 24, 20
images/train/8396.jpg False, 0, 0, 0, 0, 0
images/train/8397.jpg False, 0, 0, 0, 0, 0
images/train/8398.jpg True, 34, 21, 198, 23, 9
images/train/8399.jpg True, 15, 20, 321, 14, 18
images/train/8400.jpg True, 21, 33, 157, 21, 5
images/train/8401.jpg False, 0, 0, 0, 0, 0
images/train/8402.jpg True, 23, 24, 58, 21, 11
images/train/8403.jpg False, 0, 0, 0, 0, 0
images/train/8404.jpg True, 15, 25, 329, 17, 15
images/train/8405.jpg True, 26, 16, 292, 10, 15
images/train/8406.jpg False, 0, 0, 0, 0, 0
images/train/8407.jpg True, 34, 15, 210, 20, 6
images/train/8408.jpg True, 26, 33, 350, 6, 21
images/train/8409.jpg True, 30, 31, 143, 8, 4
images/train/8410.jpg False, 0, 0, 0, 0, 0
images/train/8411.jpg True, 29, 16, 343, 5, 8
images/train/8412.jpg True, 21, 27, 300, 23, 4
images/train/8413.jpg True, 29, 15, 304, 3, 3
images/train/8414.jpg False, 0, 0, 0, 0, 0
images/train/8415.jpg False, 0, 0, 0, 0, 0
images/train/8416.jpg False, 0, 0, 0, 0, 0
images/train/8417.jpg False, 0, 0, 0, 0, 0
images/train/8418.jpg True, 20, 21, 83, 21, 3
images/train/8419.jpg True, 19, 26, 112, 9, 21
images/train/8420.jpg True, 27, 15, 230, 18, 7
images/train/8421.jpg False, 0, 0, 0, 0, 0
images/train/8422.jpg False, 0, 0, 0, 0, 0
images/train/8423.jpg True, 32, 18, 146, 12, 10
images/train/8424.jpg False, 0, 0, 0, 0, 0
images/train/8425.jpg True, 28, 25, 96, 20, 4
images/train/8426.jpg True, 21, 23, 273, 17, 12
images/train/8427.jpg True, 34, 15, 83, 3, 21
images/train/8428.jpg True, 18, 34, 11, 3, 5
images/train/8429.jpg True, 20, 30, 8, 22, 11
images/train/8430.jpg True, 15, 34, 135, 21, 9
images/train/8431.jpg True, 24, 22, 96, 17, 9
images/train/8432.jpg False, 0, 0, 0, 0, 0
images/train/8433.jpg True, 26, 25, 132, 9, 5
images/train/8434.jpg False, 0, 0, 0, 0, 0
images/train/8435.jpg False, 0, 0, 0, 0, 0
images/train/8436.jpg True, 29, 16, 117, 4, 7
images/train/8437.jpg True, 15, 26, 257, 6, 24
images/train/8438.jpg True, 23, 19, 273, 9, 9
images/train/8439.jpg True, 31, 26, 274, 11, 24
images/train/8440.jpg True, 19, 31, 54, 22, 16
images/train/8441.jpg True, 19, 20, 93, 16, 22
images/train/8442.jpg True, 33, 20, 127, 19, 17
images/train/8443.jpg True, 30, 19, 296, 14, 9
images/train/8444.jpg True, 18, 34, 114, 24, 17
images/train/8445.jpg True, 15, 19, 246, 15, 13
images/train/8446.jpg False, 0, 0, 0, 0, 0
images/train/8447.jpg True, 32, 22, 131, 22, 4
images/train/8448.jpg False, 0, 0, 0, 0, 0
images/train/8449.jpg False, 0, 0, 0, 0, 0
images/train/8450.jpg True, 29, 20, 339, 21, 11
images/train/8451.jpg True, 19, 34, 54, 23, 22
images/train/8452.jpg True, 26, 30, 141, 8, 5
images/train/8453.jpg False, 0, 0, 0, 0, 0
images/train/8454.jpg True, 27, 31, 69, 24, 4
images/train/8455.jpg False, 0, 0, 0, 0, 0
images/train/8456.jpg True, 29, 18, 230, 24, 19
images/train/8457.jpg False, 0, 0, 0, 0, 0
images/train/8458.jpg True, 22, 22, 329, 23, 11
images/train/8459.jpg False, 0, 0, 0, 0, 0
images/train/8460.jpg False, 0, 0, 0, 0, 0
images/train/8461.jpg False, 0, 0, 0, 0, 0
images/train/8462.jpg True, 24, 17, 89, 22, 8
images/train/8463.jpg True, 22, 31, 133, 23, 10
images/train/8464.jpg True, 32, 34, 352, 13, 23
images/train/8465.jpg True, 22, 17, 109, 12, 24
images/train/8466.jpg False, 0, 0, 0, 0, 0
images/train/8467.jpg False, 0, 0, 0, 0, 0
images/train/8468.jpg True, 30, 18, 147, 4, 16
images/train/8469.jpg True, 18, 31, 7, 9, 19
images/train/8470.jpg True, 27, 34, 347, 9, 21
images/train/8471.jpg False, 0, 0, 0, 0, 0
images/train/8472.jpg True, 30, 34, 148, 20, 16
images/train/8473.jpg True, 28, 23, 348, 13, 12
images/train/8474.jpg True, 18, 16, 290, 9, 16
images/train/8475.jpg True, 22, 18, 322, 7, 17
images/train/8476.jpg True, 19, 15, 204, 22, 11
images/train/8477.jpg False, 0, 0, 0, 0, 0
images/train/8478.jpg True, 28, 20, 24, 12, 14
images/train/8479.jpg True, 29, 19, 348, 7, 15
images/train/8480.jpg True, 30, 18, 149, 12, 21
images/train/8481.jpg True, 24, 28, 123, 12, 23
images/train/8482.jpg True, 25, 15, 138, 9, 16
images/train/8483.jpg False, 0, 0, 0, 0, 0
images/train/8484.jpg True, 28, 29, 96, 12, 20
images/train/8485.jpg False, 0, 0, 0, 0, 0
images/train/8486.jpg True, 26, 29, 26, 14, 6
images/train/8487.jpg False, 0, 0, 0, 0, 0
images/train/8488.jpg True, 19, 16, 206, 9, 4
images/train/8489.jpg True, 27, 32, 187, 22, 17
images/train/8490.jpg True, 32, 32, 199, 9, 19
images/train/8491.jpg False, 0, 0, 0, 0, 0
images/train/8492.jpg True, 22, 29, 321, 12, 23
images/train/8493.jpg False, 0, 0, 0, 0, 0
images/train/8494.jpg True, 18, 33, 7, 11, 18
images/train/8495.jpg True, 34, 21, 209, 12, 6
images/train/8496.jpg True, 20, 22, 48, 9, 14
images/train/8497.jpg True, 29, 24, 241, 21, 21
images/train/8498.jpg False, 0, 0, 0, 0, 0
images/train/8499.jpg True, 26, 33, 102, 12, 18
images/train/8500.jpg False, 0, 0, 0, 0, 0
images/train/8501.jpg False, 0, 0, 0, 0, 0
images/train/8502.jpg True, 24, 18, 275, 15, 5
images/train/8503.jpg True, 27, 20, 350, 6, 22
images/train/8504.jpg True, 22, 21, 268, 14, 10
images/train/8505.jpg False, 0, 0, 0, 0, 0
images/train/8506.jpg True, 18, 34, 347, 11, 19
images/train/8507.jpg False, 0, 0, 0, 0, 0
images/train/8508.jpg True, 30, 23, 139, 18, 17
images/train/8509.jpg True, 26, 25, 227, 5, 8
images/train/8510.jpg True, 29, 28, 56, 8, 20
images/train/8511.jpg True, 24, 27, 78, 7, 19
images/train/8512.jpg True, 34, 24, 280, 11, 10
images/train/8513.jpg False, 0, 0, 0, 0, 0
images/train/8514.jpg True, 30, 21, 308, 24, 23
images/train/8515.jpg True, 18, 28, 275, 5, 6
images/train/8516.jpg True, 26, 28, 249, 14, 9
images/train/8517.jpg True, 19, 33, 192, 24, 12
images/train/8518.jpg True, 32, 34, 79, 11, 13
images/train/8519.jpg False, 0, 0, 0, 0, 0
images/train/8520.jpg False, 0, 0, 0, 0, 0
images/train/8521.jpg True, 34, 27, 23, 17, 4
images/train/8522.jpg True, 34, 20, 153, 15, 21
images/train/8523.jpg False, 0, 0, 0, 0, 0
images/train/8524.jpg True, 34, 26, 286, 23, 10
images/train/8525.jpg True, 20, 27, 50, 9, 7
images/train/8526.jpg False, 0, 0, 0, 0, 0
images/train/8527.jpg True, 27, 19, 119, 6, 12
images/train/8528.jpg True, 18, 34, 47, 17, 12
images/train/8529.jpg True, 29, 28, 33, 14, 19
images/train/8530.jpg False, 0, 0, 0, 0, 0
images/train/8531.jpg True, 23, 29, 221, 10, 23
images/train/8532.jpg True, 32, 32, 86, 20, 17
images/train/8533.jpg True, 15, 27, 92, 15, 16
images/train/8534.jpg True, 31, 32, 177, 17, 13
images/train/8535.jpg True, 32, 27, 258, 15, 5
images/train/8536.jpg False, 0, 0, 0, 0, 0
images/train/8537.jpg False, 0, 0, 0, 0, 0
images/train/8538.jpg True, 34, 32, 291, 22, 24
images/train/8539.jpg True, 26, 16, 102, 21, 7
images/train/8540.jpg False, 0, 0, 0, 0, 0
images/train/8541.jpg False, 0, 0, 0, 0, 0
images/train/8542.jpg True, 21, 20, 95, 4, 17
images/train/8543.jpg False, 0, 0, 0, 0, 0
images/train/8544.jpg True, 34, 19, 262, 6, 16
images/train/8545.jpg True, 23, 18, 282, 16, 17
images/train/8546.jpg False, 0, 0, 0, 0, 0
images/train/8547.jpg True, 15, 33, 308, 20, 11
images/train/8548.jpg False, 0, 0, 0, 0, 0
images/train/8549.jpg True, 33, 28, 86, 21, 16
images/train/8550.jpg True, 18, 25, 291, 22, 16
images/train/8551.jpg True, 21, 23, 256, 8, 15
images/train/8552.jpg True, 34, 29, 69, 3, 20
images/train/8553.jpg False, 0, 0, 0, 0, 0
images/train/8554.jpg True, 34, 30, 125, 21, 6
images/train/8555.jpg True, 20, 24, 332, 11, 15
images/train/8556.jpg False, 0, 0, 0, 0, 0
images/train/8557.jpg True, 24, 32, 30, 11, 7
images/train/8558.jpg True, 21, 31, 54, 9, 3
images/train/8559.jpg True, 34, 33, 97, 14, 10
images/train/8560.jpg False, 0, 0, 0, 0, 0
images/train/8561.jpg False, 0, 0, 0, 0, 0
images/train/8562.jpg True, 22, 29, 119, 6, 15
images/train/8563.jpg True, 25, 28, 258, 8, 7
images/train/8564.jpg False, 0, 0, 0, 0, 0
images/train/8565.jpg True, 18, 16, 34, 23, 15
images/train/8566.jpg False, 0, 0, 0, 0, 0
images/train/8567.jpg False, 0, 0, 0, 0, 0
images/train/8568.jpg True, 24, 17, 130, 10, 20
images/train/8569.jpg True, 26, 29, 236, 19, 5
images/train/8570.jpg False, 0, 0, 0, 0, 0
images/train/8571.jpg True, 17, 23, 188, 4, 12
images/train/8572.jpg False, 0, 0, 0, 0, 0
images/train/8573.jpg True, 31, 34, 292, 20, 4
images/train/8574.jpg True, 28, 19, 184, 21, 19
images/train/8575.jpg True, 31, 17, 358, 23, 7
images/train/8576.jpg True, 33, 16, 242, 4, 18
images/train/8577.jpg False, 0, 0, 0, 0, 0
images/train/8578.jpg True, 17, 19, 135, 3, 23
images/train/8579.jpg True, 21, 32, 138, 20, 8
images/train/8580.jpg True, 18, 16, 307, 6, 21
images/train/8581.jpg True, 29, 23, 253, 18, 12
images/train/8582.jpg True, 26, 17, 247, 9, 19
images/train/8583.jpg True, 31, 33, 279, 7, 5
images/train/8584.jpg False, 0, 0, 0, 0, 0
images/train/8585.jpg True, 34, 17, 359, 7, 6
images/train/8586.jpg False, 0, 0, 0, 0, 0
images/train/8587.jpg True, 30, 21, 353, 16, 22
images/train/8588.jpg True, 22, 30, 24, 14, 12
images/train/8589.jpg False, 0, 0, 0, 0, 0
images/train/8590.jpg True, 27, 24, 307, 6, 7
images/train/8591.jpg False, 0, 0, 0, 0, 0
images/train/8592.jpg True, 20, 29, 6, 6, 22
images/train/8593.jpg True, 23, 32, 167, 3, 10
images/train/8594.jpg False, 0, 0, 0, 0, 0
images/train/8595.jpg False, 0, 0, 0, 0, 0
images/train/8596.jpg True, 16, 27, 90, 23, 17
images/train/8597.jpg False, 0, 0, 0, 0, 0
images/train/8598.jpg True, 24, 30, 305, 7, 14
images/train/8599.jpg True, 20, 29, 156, 4, 15
images/train/8600.jpg True, 26, 19, 207, 24, 8
images/train/8601.jpg False, 0, 0, 0, 0, 0
images/train/8602.jpg False, 0, 0, 0, 0, 0
images/train/8603.jpg True, 30, 28, 208, 8, 23
images/train/8604.jpg False, 0, 0, 0, 0, 0
images/train/8605.jpg True, 20, 20, 266, 7, 15
images/train/8606.jpg False, 0, 0, 0, 0, 0
images/train/8607.jpg True, 30, 32, 323, 13, 5
images/train/8608.jpg False, 0, 0, 0, 0, 0
images/train/8609.jpg True, 20, 31, 234, 5, 15
images/train/8610.jpg True, 34, 24, 102, 8, 3
images/train/8611.jpg True, 16, 31, 348, 24, 19
images/train/8612.jpg False, 0, 0, 0, 0, 0
images/train/8613.jpg True, 22, 31, 23, 23, 13
images/train/8614.jpg True, 31, 30, 42, 5, 9
images/train/8615.jpg True, 17, 34, 121, 10, 18
images/train/8616.jpg True, 22, 34, 347, 10, 12
images/train/8617.jpg False, 0, 0, 0, 0, 0
images/train/8618.jpg True, 23, 31, 25, 12, 3
images/train/8619.jpg True, 15, 29, 52, 5, 13
images/train/8620.jpg True, 22, 15, 272, 4, 15
images/train/8621.jpg True, 31, 19, 312, 10, 11
images/train/8622.jpg True, 18, 16, 163, 18, 16
images/train/8623.jpg True, 23, 34, 97, 8, 21
images/train/8624.jpg True, 17, 31, 222, 12, 21
images/train/8625.jpg True, 17, 34, 173, 7, 20
images/train/8626.jpg True, 29, 31, 262, 13, 13
images/train/8627.jpg True, 22, 26, 307, 22, 23
images/train/8628.jpg True, 16, 31, 107, 15, 12
images/train/8629.jpg True, 23, 23, 7, 3, 19
images/train/8630.jpg True, 18, 29, 123, 10, 5
images/train/8631.jpg True, 25, 22, 44, 20, 22
images/train/8632.jpg True, 19, 33, 237, 18, 4
images/train/8633.jpg False, 0, 0, 0, 0, 0
images/train/8634.jpg True, 28, 26, 259, 7, 19
images/train/8635.jpg True, 21, 33, 201, 10, 12
images/train/8636.jpg True, 30, 33, 271, 6, 21
images/train/8637.jpg False, 0, 0, 0, 0, 0
images/train/8638.jpg True, 15, 34, 32, 23, 20
images/train/8639.jpg False, 0, 0, 0, 0, 0
images/train/8640.jpg True, 27, 23, 112, 9, 23
images/train/8641.jpg False, 0, 0, 0, 0, 0
images/train/8642.jpg True, 25, 33, 204, 5, 21
images/train/8643.jpg False, 0, 0, 0, 0, 0
images/train/8644.jpg False, 0, 0, 0, 0, 0
images/train/8645.jpg False, 0, 0, 0, 0, 0
images/train/8646.jpg True, 16, 29, 200, 19, 12
images/train/8647.jpg True, 20, 28, 249, 9, 8
images/train/8648.jpg True, 29, 34, 119, 15, 23
images/train/8649.jpg True, 18, 23, 325, 17, 3
images/train/8650.jpg False, 0, 0, 0, 0, 0
images/train/8651.jpg False, 0, 0, 0, 0, 0
images/train/8652.jpg False, 0, 0, 0, 0, 0
images/train/8653.jpg True, 18, 31, 53, 5, 4
images/train/8654.jpg False, 0, 0, 0, 0, 0
images/train/8655.jpg True, 17, 31, 141, 9, 20
images/train/8656.jpg False, 0, 0, 0, 0, 0
images/train/8657.jpg True, 22, 31, 137, 13, 15
images/train/8658.jpg True, 15, 20, 329, 3, 13
images/train/8659.jpg True, 20, 26, 238, 16, 13
images/train/8660.jpg True, 19, 18, 110, 8, 20
images/train/8661.jpg True, 16, 19, 298, 6, 12
images/train/8662.jpg False, 0, 0, 0, 0, 0
images/train/8663.jpg False, 0, 0, 0, 0, 0
images/train/8664.jpg True, 28, 24, 87, 17, 3
images/train/8665.jpg True, 25, 32, 24, 15, 5
images/train/8666.jpg True, 23, 24, 179, 23, 5
images/train/8667.jpg True, 25, 30, 75, 22, 16
images/train/8668.jpg True, 25, 28, 1, 3, 20
images/train/8669.jpg True, 19, 26, 271, 3, 3
images/train/8670.jpg True, 30, 34, 212, 7, 3
images/train/8671.jpg True, 23, 21, 289, 9, 12
images/train/8672.jpg True, 27, 29, 89, 9, 8
images/train/8673.jpg True, 21, 31, 196, 11, 10
images/train/8674.jpg True, 32, 24, 266, 11, 6
images/train/8675.jpg True, 20, 18, 189, 22, 20
images/train/8676.jpg False, 0, 0, 0, 0, 0
images/train/8677.jpg True, 22, 28, 76, 4, 7
images/train/8678.jpg True, 32, 26, 88, 8, 15
images/train/8679.jpg True, 29, 23, 97, 13, 13
images/train/8680.jpg False, 0, 0, 0, 0, 0
images/train/8681.jpg True, 23, 30, 84, 11, 21
images/train/8682.jpg True, 16, 31, 167, 8, 15
images/train/8683.jpg True, 22, 28, 214, 10, 23
images/train/8684.jpg True, 16, 16, 321, 22, 11
images/train/8685.jpg True, 17, 33, 343, 22, 6
images/train/8686.jpg True, 18, 23, 90, 18, 17
images/train/8687.jpg False, 0, 0, 0, 0, 0
images/train/8688.jpg True, 27, 33, 4, 23, 16
images/train/8689.jpg True, 25, 29, 330, 9, 6
images/train/8690.jpg True, 15, 33, 318, 20, 16
images/train/8691.jpg False, 0, 0, 0, 0, 0
images/train/8692.jpg False, 0, 0, 0, 0, 0
images/train/8693.jpg True, 30, 30, 121, 15, 15
images/train/8694.jpg True, 27, 18, 252, 15, 15
images/train/8695.jpg True, 27, 27, 198, 12, 21
images/train/8696.jpg True, 25, 24, 314, 23, 4
images/train/8697.jpg True, 23, 20, 134, 5, 23
images/train/8698.jpg False, 0, 0, 0, 0, 0
images/train/8699.jpg True, 28, 29, 158, 24, 20
images/train/8700.jpg False, 0, 0, 0, 0, 0
images/train/8701.jpg False, 0, 0, 0, 0, 0
images/train/8702.jpg True, 31, 15, 137, 15, 19
images/train/8703.jpg True, 21, 26, 17, 23, 22
images/train/8704.jpg True, 23, 23, 89, 3, 8
images/train/8705.jpg True, 27, 23, 160, 13, 7
images/train/8706.jpg True, 23, 15, 323, 21, 16
images/train/8707.jpg True, 24, 23, 121, 16, 11
images/train/8708.jpg True, 29, 22, 55, 12, 13
images/train/8709.jpg True, 27, 25, 127, 22, 12
images/train/8710.jpg False, 0, 0, 0, 0, 0
images/train/8711.jpg False, 0, 0, 0, 0, 0
images/train/8712.jpg False, 0, 0, 0, 0, 0
images/train/8713.jpg True, 24, 30, 221, 3, 15
images/train/8714.jpg True, 33, 26, 230, 13, 21
images/train/8715.jpg True, 20, 28, 73, 14, 8
images/train/8716.jpg True, 29, 27, 325, 10, 3
images/train/8717.jpg True, 26, 23, 201, 10, 6
images/train/8718.jpg True, 28, 33, 125, 10, 10
images/train/8719.jpg False, 0, 0, 0, 0, 0
images/train/8720.jpg True, 31, 29, 53, 6, 7
images/train/8721.jpg True, 26, 25, 238, 8, 8
images/train/8722.jpg True, 27, 19, 310, 19, 10
images/train/8723.jpg False, 0, 0, 0, 0, 0
images/train/8724.jpg True, 29, 27, 68, 4, 21
images/train/8725.jpg False, 0, 0, 0, 0, 0
images/train/8726.jpg True, 19, 22, 127, 20, 5
images/train/8727.jpg False, 0, 0, 0, 0, 0
images/train/8728.jpg False, 0, 0, 0, 0, 0
images/train/8729.jpg True, 23, 34, 334, 15, 7
images/train/8730.jpg True, 30, 32, 275, 20, 22
images/train/8731.jpg True, 34, 16, 184, 8, 6
images/train/8732.jpg True, 33, 18, 98, 17, 11
images/train/8733.jpg True, 15, 26, 335, 14, 12
images/train/8734.jpg True, 24, 28, 202, 21, 12
images/train/8735.jpg True, 24, 28, 5, 22, 5
images/train/8736.jpg True, 16, 33, 31, 9, 15
images/train/8737.jpg True, 31, 16, 173, 3, 7
images/train/8738.jpg False, 0, 0, 0, 0, 0
images/train/8739.jpg True, 25, 33, 296, 22, 11
images/train/8740.jpg False, 0, 0, 0, 0, 0
images/train/8741.jpg True, 18, 33, 47, 22, 10
images/train/8742.jpg False, 0, 0, 0, 0, 0
images/train/8743.jpg True, 21, 26, 124, 4, 17
images/train/8744.jpg True, 25, 30, 357, 14, 6
images/train/8745.jpg False, 0, 0, 0, 0, 0
images/train/8746.jpg False, 0, 0, 0, 0, 0
images/train/8747.jpg True, 31, 15, 192, 21, 22
images/train/8748.jpg True, 21, 32, 218, 11, 6
images/train/8749.jpg True, 23, 23, 248, 22, 8
images/train/8750.jpg True, 25, 23, 150, 16, 3
images/train/8751.jpg False, 0, 0, 0, 0, 0
images/train/8752.jpg False, 0, 0, 0, 0, 0
images/train/8753.jpg False, 0, 0, 0, 0, 0
images/train/8754.jpg False, 0, 0, 0, 0, 0
images/train/8755.jpg False, 0, 0, 0, 0, 0
images/train/8756.jpg True, 18, 31, 320, 13, 20
images/train/8757.jpg True, 18, 30, 316, 6, 3
images/train/8758.jpg True, 32, 32, 143, 12, 17
images/train/8759.jpg True, 25, 25, 11, 12, 4
images/train/8760.jpg True, 22, 17, 31, 8, 17
images/train/8761.jpg True, 34, 24, 126, 22, 15
images/train/8762.jpg True, 26, 32, 255, 3, 5
images/train/8763.jpg False, 0, 0, 0, 0, 0
images/train/8764.jpg True, 21, 16, 236, 7, 15
images/train/8765.jpg False, 0, 0, 0, 0, 0
images/train/8766.jpg True, 31, 15, 210, 14, 14
images/train/8767.jpg False, 0, 0, 0, 0, 0
images/train/8768.jpg True, 34, 29, 354, 17, 17
images/train/8769.jpg False, 0, 0, 0, 0, 0
images/train/8770.jpg False, 0, 0, 0, 0, 0
images/train/8771.jpg True, 18, 20, 351, 13, 23
images/train/8772.jpg False, 0, 0, 0, 0, 0
images/train/8773.jpg True, 19, 25, 243, 5, 4
images/train/8774.jpg True, 22, 29, 174, 3, 7
images/train/8775.jpg False, 0, 0, 0, 0, 0
images/train/8776.jpg False, 0, 0, 0, 0, 0
images/train/8777.jpg True, 21, 34, 17, 8, 20
images/train/8778.jpg True, 18, 22, 269, 5, 8
images/train/8779.jpg True, 33, 32, 302, 5, 6
images/train/8780.jpg False, 0, 0, 0, 0, 0
images/train/8781.jpg True, 28, 30, 185, 21, 11
images/train/8782.jpg True, 23, 27, 9, 17, 3
images/train/8783.jpg False, 0, 0, 0, 0, 0
images/train/8784.jpg True, 21, 29, 283, 4, 22
images/train/8785.jpg False, 0, 0, 0, 0, 0
images/train/8786.jpg True, 33, 29, 335, 7, 8
images/train/8787.jpg True, 24, 28, 29, 9, 4
images/train/8788.jpg False, 0, 0, 0, 0, 0
images/train/8789.jpg False, 0, 0, 0, 0, 0
images/train/8790.jpg True, 24, 16, 14, 21, 16
images/train/8791.jpg True, 30, 26, 184, 11, 18
images/train/8792.jpg True, 16, 28, 237, 21, 21
images/train/8793.jpg False, 0, 0, 0, 0, 0
images/train/8794.jpg False, 0, 0, 0, 0, 0
images/train/8795.jpg True, 25, 22, 150, 8, 23
images/train/8796.jpg True, 34, 21, 219, 17, 22
images/train/8797.jpg True, 25, 20, 128, 24, 3
images/train/8798.jpg True, 22, 21, 215, 3, 11
images/train/8799.jpg True, 24, 29, 98, 4, 7
images/train/8800.jpg False, 0, 0, 0, 0, 0
images/train/8801.jpg True, 18, 15, 122, 13, 16
images/train/8802.jpg True, 32, 34, 63, 12, 18
images/train/8803.jpg True, 20, 21, 120, 11, 4
images/train/8804.jpg True, 32, 15, 173, 21, 11
images/train/8805.jpg False, 0, 0, 0, 0, 0
images/train/8806.jpg False, 0, 0, 0, 0, 0
images/train/8807.jpg False, 0, 0, 0, 0, 0
images/train/8808.jpg False, 0, 0, 0, 0, 0
images/train/8809.jpg True, 18, 15, 53, 8, 16
images/train/8810.jpg True, 26, 27, 248, 19, 19
images/train/8811.jpg True, 24, 26, 31, 8, 11
images/train/8812.jpg True, 15, 26, 28, 20, 17
images/train/8813.jpg True, 20, 31, 64, 12, 15
images/train/8814.jpg True, 21, 17, 79, 9, 17
images/train/8815.jpg False, 0, 0, 0, 0, 0
images/train/8816.jpg True, 29, 30, 34, 3, 4
images/train/8817.jpg False, 0, 0, 0, 0, 0
images/train/8818.jpg True, 15, 16, 316, 20, 15
images/train/8819.jpg True, 26, 19, 79, 18, 10
images/train/8820.jpg True, 16, 26, 138, 10, 13
images/train/8821.jpg True, 30, 18, 225, 24, 15
images/train/8822.jpg False, 0, 0, 0, 0, 0
images/train/8823.jpg True, 19, 26, 78, 17, 13
images/train/8824.jpg True, 24, 31, 69, 10, 18
images/train/8825.jpg True, 15, 17, 265, 16, 20
images/train/8826.jpg True, 32, 25, 264, 23, 9
images/train/8827.jpg True, 34, 27, 32, 18, 7
images/train/8828.jpg False, 0, 0, 0, 0, 0
images/train/8829.jpg True, 28, 18, 267, 4, 18
images/train/8830.jpg False, 0, 0, 0, 0, 0
images/train/8831.jpg False, 0, 0, 0, 0, 0
images/train/8832.jpg True, 24, 33, 170, 4, 20
images/train/8833.jpg True, 21, 18, 309, 5, 21
images/train/8834.jpg True, 23, 29, 105, 9, 4
images/train/8835.jpg True, 22, 15, 170, 13, 20
images/train/8836.jpg False, 0, 0, 0, 0, 0
images/train/8837.jpg False, 0, 0, 0, 0, 0
images/train/8838.jpg False, 0, 0, 0, 0, 0
images/train/8839.jpg True, 34, 15, 333, 12, 13
images/train/8840.jpg False, 0, 0, 0, 0, 0
images/train/8841.jpg True, 33, 24, 132, 7, 14
images/train/8842.jpg True, 16, 33, 145, 18, 6
images/train/8843.jpg True, 17, 26, 54, 15, 20
images/train/8844.jpg True, 20, 16, 98, 16, 8
images/train/8845.jpg True, 28, 19, 154, 22, 5
images/train/8846.jpg True, 27, 19, 142, 16, 23
images/train/8847.jpg True, 21, 27, 11, 22, 3
images/train/8848.jpg True, 19, 25, 108, 12, 12
images/train/8849.jpg False, 0, 0, 0, 0, 0
images/train/8850.jpg False, 0, 0, 0, 0, 0
images/train/8851.jpg True, 15, 22, 131, 24, 20
images/train/8852.jpg False, 0, 0, 0, 0, 0
images/train/8853.jpg False, 0, 0, 0, 0, 0
images/train/8854.jpg True, 30, 34, 59, 23, 23
images/train/8855.jpg False, 0, 0, 0, 0, 0
images/train/8856.jpg True, 18, 25, 233, 12, 5
images/train/8857.jpg True, 18, 23, 84, 13, 11
images/train/8858.jpg True, 32, 34, 345, 21, 9
images/train/8859.jpg True, 24, 21, 73, 12, 23
images/train/8860.jpg False, 0, 0, 0, 0, 0
images/train/8861.jpg False, 0, 0, 0, 0, 0
images/train/8862.jpg True, 33, 31, 25, 5, 19
images/train/8863.jpg True, 25, 27, 357, 22, 24
images/train/8864.jpg True, 32, 18, 27, 10, 4
images/train/8865.jpg True, 18, 26, 304, 17, 6
images/train/8866.jpg True, 26, 32, 224, 23, 6
images/train/8867.jpg True, 21, 32, 111, 13, 5
images/train/8868.jpg True, 29, 16, 336, 4, 11
images/train/8869.jpg False, 0, 0, 0, 0, 0
images/train/8870.jpg True, 27, 25, 255, 6, 13
images/train/8871.jpg False, 0, 0, 0, 0, 0
images/train/8872.jpg True, 25, 26, 214, 15, 23
images/train/8873.jpg False, 0, 0, 0, 0, 0
images/train/8874.jpg True, 24, 26, 333, 4, 8
images/train/8875.jpg True, 26, 28, 170, 8, 11
images/train/8876.jpg True, 27, 25, 202, 7, 6
images/train/8877.jpg True, 29, 20, 273, 24, 11
images/train/8878.jpg True, 31, 20, 174, 8, 14
images/train/8879.jpg True, 34, 15, 222, 8, 24
images/train/8880.jpg True, 32, 29, 259, 18, 10
images/train/8881.jpg False, 0, 0, 0, 0, 0
images/train/8882.jpg True, 28, 19, 153, 19, 3
images/train/8883.jpg True, 34, 32, 13, 17, 14
images/train/8884.jpg True, 20, 15, 91, 17, 6
images/train/8885.jpg True, 25, 31, 188, 22, 9
images/train/8886.jpg True, 17, 19, 282, 4, 9
images/train/8887.jpg True, 31, 18, 93, 16, 10
images/train/8888.jpg False, 0, 0, 0, 0, 0
images/train/8889.jpg False, 0, 0, 0, 0, 0
images/train/8890.jpg False, 0, 0, 0, 0, 0
images/train/8891.jpg False, 0, 0, 0, 0, 0
images/train/8892.jpg True, 27, 34, 240, 7, 19
images/train/8893.jpg True, 25, 20, 302, 19, 10
images/train/8894.jpg True, 27, 26, 71, 6, 20
images/train/8895.jpg True, 32, 18, 87, 16, 15
images/train/8896.jpg True, 33, 34, 77, 4, 22
images/train/8897.jpg True, 17, 17, 212, 18, 23
images/train/8898.jpg False, 0, 0, 0, 0, 0
images/train/8899.jpg True, 18, 29, 40, 15, 3
images/train/8900.jpg False, 0, 0, 0, 0, 0
images/train/8901.jpg True, 25, 20, 290, 14, 18
images/train/8902.jpg False, 0, 0, 0, 0, 0
images/train/8903.jpg True, 24, 32, 330, 12, 19
images/train/8904.jpg True, 24, 23, 168, 8, 10
images/train/8905.jpg False, 0, 0, 0, 0, 0
images/train/8906.jpg True, 30, 31, 183, 19, 17
images/train/8907.jpg False, 0, 0, 0, 0, 0
images/train/8908.jpg True, 26, 26, 85, 7, 6
images/train/8909.jpg True, 26, 25, 151, 10, 13
images/train/8910.jpg False, 0, 0, 0, 0, 0
images/train/8911.jpg True, 34, 27, 15, 13, 18
images/train/8912.jpg True, 17, 23, 34, 16, 8
images/train/8913.jpg True, 31, 33, 91, 4, 20
images/train/8914.jpg False, 0, 0, 0, 0, 0
images/train/8915.jpg True, 26, 21, 196, 12, 17
images/train/8916.jpg False, 0, 0, 0, 0, 0
images/train/8917.jpg True, 31, 26, 180, 21, 8
images/train/8918.jpg True, 31, 28, 179, 6, 7
images/train/8919.jpg True, 23, 27, 252, 24, 24
images/train/8920.jpg False, 0, 0, 0, 0, 0
images/train/8921.jpg True, 18, 31, 44, 10, 20
images/train/8922.jpg True, 27, 30, 99, 15, 19
images/train/8923.jpg True, 20, 17, 141, 4, 18
images/train/8924.jpg True, 22, 15, 71, 14, 7
images/train/8925.jpg True, 31, 29, 4, 6, 19
images/train/8926.jpg False, 0, 0, 0, 0, 0
images/train/8927.jpg True, 18, 30, 32, 8, 5
images/train/8928.jpg True, 28, 15, 200, 4, 21
images/train/8929.jpg False, 0, 0, 0, 0, 0
images/train/8930.jpg False, 0, 0, 0, 0, 0
images/train/8931.jpg True, 25, 31, 261, 18, 11
images/train/8932.jpg False, 0, 0, 0, 0, 0
images/train/8933.jpg True, 18, 21, 146, 18, 5
images/train/8934.jpg True, 15, 22, 305, 16, 18
images/train/8935.jpg False, 0, 0, 0, 0, 0
images/train/8936.jpg True, 15, 29, 109, 11, 13
images/train/8937.jpg True, 23, 33, 177, 4, 13
images/train/8938.jpg True, 22, 17, 274, 11, 12
images/train/8939.jpg True, 29, 27, 246, 3, 16
images/train/8940.jpg True, 27, 25, 61, 8, 13
images/train/8941.jpg True, 27, 30, 20, 17, 23
images/train/8942.jpg False, 0, 0, 0, 0, 0
images/train/8943.jpg True, 27, 18, 176, 5, 21
images/train/8944.jpg True, 26, 19, 177, 8, 19
images/train/8945.jpg False, 0, 0, 0, 0, 0
images/train/8946.jpg True, 34, 23, 235, 16, 14
images/train/8947.jpg True, 19, 23, 31, 20, 18
images/train/8948.jpg False, 0, 0, 0, 0, 0
images/train/8949.jpg True, 29, 22, 10, 4, 24
images/train/8950.jpg True, 23, 29, 228, 10, 10
images/train/8951.jpg True, 19, 19, 107, 18, 19
images/train/8952.jpg True, 26, 30, 67, 5, 17
images/train/8953.jpg False, 0, 0, 0, 0, 0
images/train/8954.jpg True, 19, 17, 333, 23, 17
images/train/8955.jpg True, 25, 31, 55, 20, 14
images/train/8956.jpg False, 0, 0, 0, 0, 0
images/train/8957.jpg True, 34, 16, 313, 24, 18
images/train/8958.jpg True, 23, 34, 235, 11, 22
images/train/8959.jpg True, 26, 30, 107, 20, 10
images/train/8960.jpg True, 33, 34, 57, 21, 4
images/train/8961.jpg False, 0, 0, 0, 0, 0
images/train/8962.jpg False, 0, 0, 0, 0, 0
images/train/8963.jpg True, 25, 26, 283, 21, 4
images/train/8964.jpg True, 32, 34, 106, 18, 22
images/train/8965.jpg False, 0, 0, 0, 0, 0
images/train/8966.jpg True, 15, 19, 219, 9, 10
images/train/8967.jpg True, 18, 31, 265, 8, 11
images/train/8968.jpg True, 30, 24, 78, 3, 5
images/train/8969.jpg True, 20, 17, 231, 3, 13
images/train/8970.jpg True, 33, 25, 217, 12, 18
images/train/8971.jpg False, 0, 0, 0, 0, 0
images/train/8972.jpg True, 24, 34, 290, 5, 7
images/train/8973.jpg True, 25, 22, 44, 13, 24
images/train/8974.jpg True, 25, 20, 64, 9, 22
images/train/8975.jpg True, 20, 19, 355, 18, 7
images/train/8976.jpg True, 29, 24, 139, 14, 10
images/train/8977.jpg False, 0, 0, 0, 0, 0
images/train/8978.jpg True, 17, 27, 100, 10, 15
images/train/8979.jpg True, 20, 22, 234, 6, 14
images/train/8980.jpg True, 30, 30, 97, 16, 10
images/train/8981.jpg True, 23, 28, 294, 13, 14
images/train/8982.jpg True, 34, 17, 359, 21, 6
images/train/8983.jpg True, 29, 28, 153, 3, 16
images/train/8984.jpg True, 31, 18, 35, 8, 19
images/train/8985.jpg True, 24, 19, 130, 11, 10
images/train/8986.jpg True, 33, 27, 106, 16, 13
images/train/8987.jpg True, 24, 30, 211, 21, 7
images/train/8988.jpg True, 28, 34, 91, 21, 4
images/train/8989.jpg False, 0, 0, 0, 0, 0
images/train/8990.jpg True, 34, 19, 181, 3, 11
images/train/8991.jpg False, 0, 0, 0, 0, 0
images/train/8992.jpg False, 0, 0, 0, 0, 0
images/train/8993.jpg False, 0, 0, 0, 0, 0
images/train/8994.jpg True, 20, 19, 129, 8, 20
images/train/8995.jpg True, 19, 21, 285, 8, 13
images/train/8996.jpg False, 0, 0, 0, 0, 0
images/train/8997.jpg True, 26, 31, 252, 17, 8
images/train/8998.jpg True, 27, 34, 54, 9, 5
images/train/8999.jpg False, 0, 0, 0, 0, 0
images/train/9000.jpg True, 31, 29, 146, 18, 20
images/train/9001.jpg True, 30, 17, 280, 18, 8
images/train/9002.jpg True, 19, 29, 176, 16, 11
images/train/9003.jpg True, 20, 29, 248, 7, 12
images/train/9004.jpg True, 21, 26, 174, 3, 4
images/train/9005.jpg True, 29, 16, 257, 3, 11
images/train/9006.jpg True, 26, 24, 275, 7, 23
images/train/9007.jpg True, 27, 34, 74, 3, 17
images/train/9008.jpg False, 0, 0, 0, 0, 0
images/train/9009.jpg False, 0, 0, 0, 0, 0
images/train/9010.jpg True, 21, 19, 261, 16, 15
images/train/9011.jpg True, 27, 28, 289, 24, 8
images/train/9012.jpg False, 0, 0, 0, 0, 0
images/train/9013.jpg True, 20, 33, 62, 14, 6
images/train/9014.jpg True, 30, 33, 79, 9, 3
images/train/9015.jpg True, 22, 18, 162, 16, 20
images/train/9016.jpg True, 17, 25, 6, 17, 10
images/train/9017.jpg True, 24, 27, 304, 4, 11
images/train/9018.jpg True, 16, 21, 330, 11, 24
images/train/9019.jpg True, 24, 26, 117, 12, 4
images/train/9020.jpg True, 31, 33, 9, 13, 5
images/train/9021.jpg True, 22, 30, 54, 18, 9
images/train/9022.jpg False, 0, 0, 0, 0, 0
images/train/9023.jpg True, 17, 20, 274, 16, 21
images/train/9024.jpg False, 0, 0, 0, 0, 0
images/train/9025.jpg True, 21, 31, 204, 8, 16
images/train/9026.jpg True, 21, 31, 207, 22, 24
images/train/9027.jpg True, 26, 16, 9, 11, 10
images/train/9028.jpg True, 23, 30, 11, 24, 23
images/train/9029.jpg True, 16, 30, 108, 3, 23
images/train/9030.jpg False, 0, 0, 0, 0, 0
images/train/9031.jpg False, 0, 0, 0, 0, 0
images/train/9032.jpg True, 24, 30, 136, 15, 17
images/train/9033.jpg True, 29, 22, 314, 24, 19
images/train/9034.jpg True, 21, 23, 69, 22, 21
images/train/9035.jpg True, 30, 27, 57, 4, 6
images/train/9036.jpg True, 31, 17, 225, 12, 15
images/train/9037.jpg True, 24, 21, 346, 13, 4
images/train/9038.jpg True, 22, 20, 91, 21, 6
images/train/9039.jpg True, 26, 25, 222, 24, 5
images/train/9040.jpg False, 0, 0, 0, 0, 0
images/train/9041.jpg False, 0, 0, 0, 0, 0
images/train/9042.jpg False, 0, 0, 0, 0, 0
images/train/9043.jpg True, 23, 29, 195, 21, 22
images/train/9044.jpg True, 20, 30, 213, 23, 19
images/train/9045.jpg True, 22, 31, 126, 18, 10
images/train/9046.jpg True, 15, 28, 330, 6, 6
images/train/9047.jpg True, 27, 32, 336, 19, 22
images/train/9048.jpg False, 0, 0, 0, 0, 0
images/train/9049.jpg True, 22, 27, 350, 3, 18
images/train/9050.jpg True, 19, 34, 186, 6, 12
images/train/9051.jpg False, 0, 0, 0, 0, 0
images/train/9052.jpg False, 0, 0, 0, 0, 0
images/train/9053.jpg False, 0, 0, 0, 0, 0
images/train/9054.jpg False, 0, 0, 0, 0, 0
images/train/9055.jpg False, 0, 0, 0, 0, 0
images/train/9056.jpg True, 24, 21, 154, 16, 22
images/train/9057.jpg True, 15, 30, 92, 20, 18
images/train/9058.jpg False, 0, 0, 0, 0, 0
images/train/9059.jpg True, 22, 31, 303, 16, 23
images/train/9060.jpg True, 17, 30, 347, 5, 16
images/train/9061.jpg False, 0, 0, 0, 0, 0
images/train/9062.jpg False, 0, 0, 0, 0, 0
images/train/9063.jpg False, 0, 0, 0, 0, 0
images/train/9064.jpg True, 34, 30, 213, 22, 23
images/train/9065.jpg True, 15, 30, 64, 14, 8
images/train/9066.jpg True, 18, 31, 269, 17, 5
images/train/9067.jpg True, 21, 33, 235, 5, 16
images/train/9068.jpg False, 0, 0, 0, 0, 0
images/train/9069.jpg True, 28, 18, 164, 21, 14
images/train/9070.jpg False, 0, 0, 0, 0, 0
images/train/9071.jpg False, 0, 0, 0, 0, 0
images/train/9072.jpg True, 20, 22, 96, 16, 17
images/train/9073.jpg False, 0, 0, 0, 0, 0
images/train/9074.jpg True, 30, 25, 42, 10, 14
images/train/9075.jpg True, 19, 22, 49, 8, 21
images/train/9076.jpg True, 20, 25, 177, 8, 10
images/train/9077.jpg True, 28, 28, 297, 19, 23
images/train/9078.jpg True, 25, 32, 138, 24, 19
images/train/9079.jpg True, 16, 32, 16, 22, 24
images/train/9080.jpg True, 20, 32, 127, 15, 18
images/train/9081.jpg True, 32, 16, 346, 3, 15
images/train/9082.jpg False, 0, 0, 0, 0, 0
images/train/9083.jpg True, 30, 33, 281, 3, 14
images/train/9084.jpg True, 22, 23, 334, 8, 15
images/train/9085.jpg False, 0, 0, 0, 0, 0
images/train/9086.jpg False, 0, 0, 0, 0, 0
images/train/9087.jpg True, 24, 27, 17, 8, 17
images/train/9088.jpg True, 20, 20, 178, 10, 24
images/train/9089.jpg True, 15, 32, 279, 20, 8
images/train/9090.jpg True, 21, 32, 198, 17, 15
images/train/9091.jpg False, 0, 0, 0, 0, 0
images/train/9092.jpg True, 18, 20, 245, 10, 16
images/train/9093.jpg True, 16, 32, 219, 5, 21
images/train/9094.jpg True, 34, 21, 319, 19, 20
images/train/9095.jpg True, 26, 18, 84, 3, 20
images/train/9096.jpg True, 17, 21, 16, 13, 14
images/train/9097.jpg True, 15, 29, 102, 12, 8
images/train/9098.jpg False, 0, 0, 0, 0, 0
images/train/9099.jpg True, 16, 15, 310, 13, 12
images/train/9100.jpg True, 24, 15, 35, 16, 24
images/train/9101.jpg False, 0, 0, 0, 0, 0
images/train/9102.jpg True, 33, 30, 123, 22, 11
images/train/9103.jpg True, 21, 17, 30, 4, 21
images/train/9104.jpg True, 32, 29, 166, 23, 8
images/train/9105.jpg True, 17, 28, 128, 14, 5
images/train/9106.jpg False, 0, 0, 0, 0, 0
images/train/9107.jpg True, 22, 18, 295, 24, 14
images/train/9108.jpg False, 0, 0, 0, 0, 0
images/train/9109.jpg True, 28, 29, 123, 8, 21
images/train/9110.jpg True, 15, 29, 60, 16, 24
images/train/9111.jpg False, 0, 0, 0, 0, 0
images/train/9112.jpg True, 28, 17, 80, 6, 11
images/train/9113.jpg True, 29, 33, 233, 12, 12
images/train/9114.jpg True, 23, 31, 268, 23, 20
images/train/9115.jpg True, 22, 17, 244, 15, 6
images/train/9116.jpg True, 34, 17, 286, 15, 17
images/train/9117.jpg True, 16, 24, 189, 4, 9
images/train/9118.jpg True, 26, 31, 8, 22, 20
images/train/9119.jpg False, 0, 0, 0, 0, 0
images/train/9120.jpg True, 31, 20, 233, 22, 7
images/train/9121.jpg True, 24, 31, 284, 13, 21
images/train/9122.jpg False, 0, 0, 0, 0, 0
images/train/9123.jpg True, 29, 22, 217, 18, 13
images/train/9124.jpg False, 0, 0, 0, 0, 0
images/train/9125.jpg True, 32, 16, 130, 4, 20
images/train/9126.jpg True, 27, 21, 126, 3, 8
images/train/9127.jpg False, 0, 0, 0, 0, 0
images/train/9128.jpg True, 17, 20, 24, 4, 16
images/train/9129.jpg True, 19, 27, 202, 17, 3
images/train/9130.jpg False, 0, 0, 0, 0, 0
images/train/9131.jpg True, 17, 22, 200, 11, 18
images/train/9132.jpg True, 25, 32, 209, 17, 10
images/train/9133.jpg True, 33, 20, 41, 7, 22
images/train/9134.jpg True, 28, 19, 341, 18, 16
images/train/9135.jpg True, 15, 33, 113, 16, 22
images/train/9136.jpg True, 17, 19, 88, 9, 20
images/train/9137.jpg True, 29, 22, 167, 3, 15
images/train/9138.jpg True, 15, 21, 355, 8, 9
images/train/9139.jpg False, 0, 0, 0, 0, 0
images/train/9140.jpg True, 25, 30, 310, 15, 16
images/train/9141.jpg True, 34, 16, 210, 23, 3
images/train/9142.jpg False, 0, 0, 0, 0, 0
images/train/9143.jpg False, 0, 0, 0, 0, 0
images/train/9144.jpg False, 0, 0, 0, 0, 0
images/train/9145.jpg True, 27, 33, 336, 4, 12
images/train/9146.jpg True, 29, 16, 36, 3, 24
images/train/9147.jpg False, 0, 0, 0, 0, 0
images/train/9148.jpg True, 18, 32, 293, 10, 10
images/train/9149.jpg True, 24, 26, 59, 10, 15
images/train/9150.jpg False, 0, 0, 0, 0, 0
images/train/9151.jpg False, 0, 0, 0, 0, 0
images/train/9152.jpg True, 26, 16, 255, 24, 7
images/train/9153.jpg True, 27, 34, 203, 15, 3
images/train/9154.jpg True, 18, 31, 325, 12, 14
images/train/9155.jpg True, 32, 22, 88, 4, 12
images/train/9156.jpg True, 33, 17, 110, 15, 23
images/train/9157.jpg False, 0, 0, 0, 0, 0
images/train/9158.jpg True, 18, 20, 52, 12, 17
images/train/9159.jpg True, 16, 25, 284, 17, 21
images/train/9160.jpg False, 0, 0, 0, 0, 0
images/train/9161.jpg False, 0, 0, 0, 0, 0
images/train/9162.jpg True, 24, 21, 234, 22, 5
images/train/9163.jpg True, 20, 17, 141, 19, 24
images/train/9164.jpg False, 0, 0, 0, 0, 0
images/train/9165.jpg True, 17, 21, 144, 3, 15
images/train/9166.jpg False, 0, 0, 0, 0, 0
images/train/9167.jpg False, 0, 0, 0, 0, 0
images/train/9168.jpg False, 0, 0, 0, 0, 0
images/train/9169.jpg True, 29, 33, 95, 17, 9
images/train/9170.jpg True, 19, 23, 22, 6, 19
images/train/9171.jpg True, 31, 20, 331, 10, 12
images/train/9172.jpg True, 19, 29, 227, 7, 12
images/train/9173.jpg False, 0, 0, 0, 0, 0
images/train/9174.jpg True, 34, 26, 49, 13, 10
images/train/9175.jpg True, 28, 19, 265, 11, 14
images/train/9176.jpg True, 21, 28, 346, 19, 12
images/train/9177.jpg True, 25, 24, 267, 4, 21
images/train/9178.jpg False, 0, 0, 0, 0, 0
images/train/9179.jpg False, 0, 0, 0, 0, 0
images/train/9180.jpg False, 0, 0, 0, 0, 0
images/train/9181.jpg True, 29, 23, 88, 18, 9
images/train/9182.jpg False, 0, 0, 0, 0, 0
images/train/9183.jpg False, 0, 0, 0, 0, 0
images/train/9184.jpg True, 24, 20, 234, 18, 24
images/train/9185.jpg False, 0, 0, 0, 0, 0
images/train/9186.jpg True, 18, 15, 140, 11, 21
images/train/9187.jpg True, 22, 30, 279, 16, 15
images/train/9188.jpg True, 33, 20, 76, 7, 24
images/train/9189.jpg True, 29, 19, 54, 20, 18
images/train/9190.jpg True, 31, 16, 199, 7, 14
images/train/9191.jpg False, 0, 0, 0, 0, 0
images/train/9192.jpg True, 27, 25, 277, 16, 15
images/train/9193.jpg True, 17, 16, 188, 15, 3
images/train/9194.jpg False, 0, 0, 0, 0, 0
images/train/9195.jpg True, 33, 16, 260, 6, 16
images/train/9196.jpg True, 33, 22, 95, 11, 20
images/train/9197.jpg True, 26, 28, 263, 13, 20
images/train/9198.jpg True, 17, 32, 324, 19, 5
images/train/9199.jpg True, 32, 16, 122, 17, 6
images/train/9200.jpg False, 0, 0, 0, 0, 0
images/train/9201.jpg True, 32, 25, 297, 17, 17
images/train/9202.jpg False, 0, 0, 0, 0, 0
images/train/9203.jpg True, 26, 21, 135, 17, 3
images/train/9204.jpg True, 28, 24, 63, 10, 16
images/train/9205.jpg False, 0, 0, 0, 0, 0
images/train/9206.jpg False, 0, 0, 0, 0, 0
images/train/9207.jpg False, 0, 0, 0, 0, 0
images/train/9208.jpg True, 29, 19, 163, 22, 12
images/train/9209.jpg True, 26, 16, 83, 13, 9
images/train/9210.jpg True, 27, 19, 170, 7, 20
images/train/9211.jpg False, 0, 0, 0, 0, 0
images/train/9212.jpg True, 31, 21, 320, 18, 9
images/train/9213.jpg True, 20, 19, 252, 21, 15
images/train/9214.jpg True, 32, 24, 193, 24, 18
images/train/9215.jpg True, 28, 29, 298, 12, 24
images/train/9216.jpg True, 21, 16, 352, 13, 20
images/train/9217.jpg True, 29, 20, 40, 14, 5
images/train/9218.jpg True, 21, 26, 133, 18, 18
images/train/9219.jpg True, 26, 20, 258, 21, 5
images/train/9220.jpg False, 0, 0, 0, 0, 0
images/train/9221.jpg True, 18, 28, 157, 12, 13
images/train/9222.jpg True, 16, 20, 225, 6, 13
images/train/9223.jpg True, 32, 33, 156, 11, 7
images/train/9224.jpg True, 23, 24, 32, 10, 16
images/train/9225.jpg False, 0, 0, 0, 0, 0
images/train/9226.jpg True, 24, 34, 233, 23, 19
images/train/9227.jpg False, 0, 0, 0, 0, 0
images/train/9228.jpg True, 27, 15, 253, 19, 12
images/train/9229.jpg True, 26, 19, 301, 7, 8
images/train/9230.jpg False, 0, 0, 0, 0, 0
images/train/9231.jpg True, 15, 24, 328, 6, 11
images/train/9232.jpg True, 21, 15, 242, 19, 23
images/train/9233.jpg True, 27, 27, 263, 21, 5
images/train/9234.jpg True, 27, 33, 172, 3, 9
images/train/9235.jpg True, 19, 31, 150, 3, 10
images/train/9236.jpg True, 27, 24, 111, 22, 14
images/train/9237.jpg True, 33, 27, 157, 17, 6
images/train/9238.jpg False, 0, 0, 0, 0, 0
images/train/9239.jpg True, 27, 29, 312, 7, 15
images/train/9240.jpg True, 31, 17, 159, 4, 15
images/train/9241.jpg True, 24, 20, 7, 19, 18
images/train/9242.jpg True, 22, 29, 316, 14, 11
images/train/9243.jpg True, 32, 19, 335, 4, 5
images/train/9244.jpg True, 26, 33, 255, 11, 21
images/train/9245.jpg False, 0, 0, 0, 0, 0
images/train/9246.jpg True, 15, 18, 188, 3, 3
images/train/9247.jpg True, 17, 23, 115, 21, 12
images/train/9248.jpg True, 15, 34, 94, 5, 24
images/train/9249.jpg True, 26, 20, 110, 16, 12
images/train/9250.jpg True, 26, 21, 98, 9, 4
images/train/9251.jpg True, 28, 27, 216, 5, 5
images/train/9252.jpg True, 25, 28, 337, 14, 9
images/train/9253.jpg False, 0, 0, 0, 0, 0
images/train/9254.jpg True, 15, 21, 229, 22, 9
images/train/9255.jpg False, 0, 0, 0, 0, 0
images/train/9256.jpg True, 18, 31, 142, 23, 12
images/train/9257.jpg True, 22, 24, 43, 11, 21
images/train/9258.jpg False, 0, 0, 0, 0, 0
images/train/9259.jpg True, 23, 29, 256, 22, 11
images/train/9260.jpg False, 0, 0, 0, 0, 0
images/train/9261.jpg True, 24, 30, 315, 5, 20
images/train/9262.jpg True, 22, 26, 216, 3, 21
images/train/9263.jpg False, 0, 0, 0, 0, 0
images/train/9264.jpg True, 29, 23, 223, 8, 22
images/train/9265.jpg True, 22, 22, 308, 5, 21
images/train/9266.jpg False, 0, 0, 0, 0, 0
images/train/9267.jpg True, 25, 20, 7, 3, 3
images/train/9268.jpg True, 31, 25, 28, 9, 21
images/train/9269.jpg True, 33, 30, 255, 23, 20
images/train/9270.jpg True, 23, 15, 179, 11, 22
images/train/9271.jpg False, 0, 0, 0, 0, 0
images/train/9272.jpg False, 0, 0, 0, 0, 0
images/train/9273.jpg True, 17, 16, 302, 7, 19
images/train/9274.jpg False, 0, 0, 0, 0, 0
images/train/9275.jpg False, 0, 0, 0, 0, 0
images/train/9276.jpg False, 0, 0, 0, 0, 0
images/train/9277.jpg False, 0, 0, 0, 0, 0
images/train/9278.jpg True, 15, 20, 310, 17, 19
images/train/9279.jpg False, 0, 0, 0, 0, 0
images/train/9280.jpg True, 25, 34, 292, 8, 7
images/train/9281.jpg False, 0, 0, 0, 0, 0
images/train/9282.jpg True, 17, 23, 163, 20, 18
images/train/9283.jpg True, 28, 20, 325, 14, 7
images/train/9284.jpg False, 0, 0, 0, 0, 0
images/train/9285.jpg True, 30, 16, 358, 17, 20
images/train/9286.jpg False, 0, 0, 0, 0, 0
images/train/9287.jpg False, 0, 0, 0, 0, 0
images/train/9288.jpg False, 0, 0, 0, 0, 0
images/train/9289.jpg False, 0, 0, 0, 0, 0
images/train/9290.jpg True, 25, 31, 136, 12, 9
images/train/9291.jpg False, 0, 0, 0, 0, 0
images/train/9292.jpg True, 32, 25, 110, 5, 19
images/train/9293.jpg True, 29, 29, 119, 3, 9
images/train/9294.jpg False, 0, 0, 0, 0, 0
images/train/9295.jpg True, 29, 19, 296, 9, 4
images/train/9296.jpg True, 19, 21, 53, 21, 20
images/train/9297.jpg True, 34, 28, 138, 9, 23
images/train/9298.jpg True, 19, 24, 14, 10, 14
images/train/9299.jpg True, 16, 15, 257, 4, 19
images/train/9300.jpg False, 0, 0, 0, 0, 0
images/train/9301.jpg True, 21, 22, 191, 6, 8
images/train/9302.jpg True, 33, 34, 27, 18, 3
images/train/9303.jpg True, 23, 21, 239, 10, 18
images/train/9304.jpg True, 24, 34, 135, 11, 8
images/train/9305.jpg False, 0, 0, 0, 0, 0
images/train/9306.jpg True, 20, 20, 145, 12, 12
images/train/9307.jpg False, 0, 0, 0, 0, 0
images/train/9308.jpg True, 23, 18, 257, 18, 15
images/train/9309.jpg True, 28, 17, 155, 5, 18
images/train/9310.jpg False, 0, 0, 0, 0, 0
images/train/9311.jpg True, 34, 30, 41, 16, 6
images/train/9312.jpg True, 15, 21, 149, 10, 15
images/train/9313.jpg False, 0, 0, 0, 0, 0
images/train/9314.jpg False, 0, 0, 0, 0, 0
images/train/9315.jpg True, 27, 33, 198, 21, 23
images/train/9316.jpg False, 0, 0, 0, 0, 0
images/train/9317.jpg False, 0, 0, 0, 0, 0
images/train/9318.jpg False, 0, 0, 0, 0, 0
images/train/9319.jpg True, 27, 30, 218, 21, 8
images/train/9320.jpg True, 21, 20, 150, 21, 14
images/train/9321.jpg True, 26, 17, 297, 12, 3
images/train/9322.jpg True, 27, 34, 284, 7, 7
images/train/9323.jpg False, 0, 0, 0, 0, 0
images/train/9324.jpg True, 16, 16, 85, 21, 4
images/train/9325.jpg False, 0, 0, 0, 0, 0
images/train/9326.jpg True, 28, 34, 349, 16, 5
images/train/9327.jpg True, 19, 17, 88, 12, 4
images/train/9328.jpg True, 29, 24, 297, 11, 16
images/train/9329.jpg True, 27, 25, 337, 12, 23
images/train/9330.jpg False, 0, 0, 0, 0, 0
images/train/9331.jpg False, 0, 0, 0, 0, 0
images/train/9332.jpg True, 18, 22, 159, 23, 19
images/train/9333.jpg False, 0, 0, 0, 0, 0
images/train/9334.jpg True, 26, 26, 294, 17, 23
images/train/9335.jpg True, 15, 32, 146, 8, 7
images/train/9336.jpg True, 18, 34, 17, 6, 17
images/train/9337.jpg True, 31, 22, 127, 14, 12
images/train/9338.jpg True, 34, 26, 225, 14, 7
images/train/9339.jpg False, 0, 0, 0, 0, 0
images/train/9340.jpg True, 17, 24, 163, 11, 23
images/train/9341.jpg True, 15, 27, 311, 16, 15
images/train/9342.jpg True, 23, 34, 322, 6, 23
images/train/9343.jpg False, 0, 0, 0, 0, 0
images/train/9344.jpg True, 25, 23, 335, 20, 15
images/train/9345.jpg True, 20, 30, 133, 11, 21
images/train/9346.jpg True, 34, 27, 302, 11, 17
images/train/9347.jpg True, 31, 28, 248, 12, 9
images/train/9348.jpg False, 0, 0, 0, 0, 0
images/train/9349.jpg False, 0, 0, 0, 0, 0
images/train/9350.jpg True, 34, 15, 55, 7, 11
images/train/9351.jpg False, 0, 0, 0, 0, 0
images/train/9352.jpg True, 18, 16, 243, 4, 17
images/train/9353.jpg True, 31, 19, 64, 22, 9
images/train/9354.jpg True, 21, 16, 298, 24, 3
images/train/9355.jpg True, 34, 21, 268, 16, 20
images/train/9356.jpg True, 21, 20, 355, 11, 11
images/train/9357.jpg False, 0, 0, 0, 0, 0
images/train/9358.jpg False, 0, 0, 0, 0, 0
images/train/9359.jpg True, 26, 18, 260, 20, 24
images/train/9360.jpg True, 25, 25, 190, 4, 23
images/train/9361.jpg True, 25, 31, 55, 19, 20
images/train/9362.jpg True, 29, 24, 84, 3, 7
images/train/9363.jpg False, 0, 0, 0, 0, 0
images/train/9364.jpg True, 19, 25, 110, 14, 11
images/train/9365.jpg True, 23, 25, 27, 5, 24
images/train/9366.jpg True, 30, 20, 325, 10, 7
images/train/9367.jpg False, 0, 0, 0, 0, 0
images/train/9368.jpg True, 25, 18, 166, 10, 23
images/train/9369.jpg False, 0, 0, 0, 0, 0
images/train/9370.jpg False, 0, 0, 0, 0, 0
images/train/9371.jpg True, 15, 30, 188, 12, 20
images/train/9372.jpg False, 0, 0, 0, 0, 0
images/train/9373.jpg True, 31, 22, 334, 15, 8
images/train/9374.jpg True, 16, 16, 246, 5, 4
images/train/9375.jpg False, 0, 0, 0, 0, 0
images/train/9376.jpg True, 18, 15, 15, 21, 16
images/train/9377.jpg True, 17, 34, 17, 19, 22
images/train/9378.jpg True, 26, 15, 329, 3, 19
images/train/9379.jpg True, 17, 33, 118, 6, 20
images/train/9380.jpg True, 34, 21, 20, 8, 19
images/train/9381.jpg False, 0, 0, 0, 0, 0
images/train/9382.jpg False, 0, 0, 0, 0, 0
images/train/9383.jpg True, 19, 29, 34, 20, 24
images/train/9384.jpg True, 21, 15, 140, 21, 10
images/train/9385.jpg False, 0, 0, 0, 0, 0
images/train/9386.jpg True, 27, 18, 205, 13, 6
images/train/9387.jpg True, 33, 31, 165, 23, 15
images/train/9388.jpg False, 0, 0, 0, 0, 0
images/train/9389.jpg True, 21, 26, 181, 5, 6
images/train/9390.jpg True, 19, 24, 104, 14, 18
images/train/9391.jpg True, 33, 26, 348, 11, 11
images/train/9392.jpg True, 23, 27, 319, 5, 23
images/train/9393.jpg True, 24, 26, 25, 14, 7
images/train/9394.jpg True, 20, 22, 234, 8, 19
images/train/9395.jpg False, 0, 0, 0, 0, 0
images/train/9396.jpg True, 32, 32, 68, 7, 19
images/train/9397.jpg True, 21, 31, 195, 8, 18
images/train/9398.jpg True, 24, 16, 230, 20, 12
images/train/9399.jpg True, 32, 34, 300, 24, 12
images/train/9400.jpg True, 17, 24, 66, 8, 15
images/train/9401.jpg True, 17, 34, 16, 8, 24
images/train/9402.jpg True, 32, 16, 73, 9, 17
images/train/9403.jpg True, 16, 17, 223, 16, 17
images/train/9404.jpg True, 30, 29, 71, 23, 23
images/train/9405.jpg True, 25, 28, 62, 6, 8
images/train/9406.jpg True, 29, 17, 307, 4, 14
images/train/9407.jpg False, 0, 0, 0, 0, 0
images/train/9408.jpg False, 0, 0, 0, 0, 0
images/train/9409.jpg True, 20, 34, 158, 19, 3
images/train/9410.jpg True, 31, 15, 316, 10, 13
images/train/9411.jpg True, 16, 22, 203, 13, 11
images/train/9412.jpg False, 0, 0, 0, 0, 0
images/train/9413.jpg True, 23, 29, 26, 12, 20
images/train/9414.jpg True, 26, 28, 254, 18, 24
images/train/9415.jpg True, 27, 24, 279, 16, 7
images/train/9416.jpg True, 28, 27, 42, 9, 9
images/train/9417.jpg True, 29, 23, 66, 4, 3
images/train/9418.jpg True, 24, 29, 311, 17, 10
images/train/9419.jpg False, 0, 0, 0, 0, 0
images/train/9420.jpg False, 0, 0, 0, 0, 0
images/train/9421.jpg True, 25, 32, 245, 23, 21
images/train/9422.jpg True, 25, 26, 157, 10, 9
images/train/9423.jpg True, 25, 22, 64, 6, 15
images/train/9424.jpg False, 0, 0, 0, 0, 0
images/train/9425.jpg True, 33, 28, 182, 21, 6
images/train/9426.jpg True, 20, 18, 76, 3, 3
images/train/9427.jpg True, 22, 21, 142, 19, 10
images/train/9428.jpg True, 22, 27, 143, 17, 9
images/train/9429.jpg False, 0, 0, 0, 0, 0
images/train/9430.jpg True, 22, 26, 355, 4, 19
images/train/9431.jpg True, 21, 32, 193, 18, 8
images/train/9432.jpg True, 33, 26, 309, 11, 10
images/train/9433.jpg False, 0, 0, 0, 0, 0
images/train/9434.jpg True, 32, 20, 330, 4, 10
images/train/9435.jpg False, 0, 0, 0, 0, 0
images/train/9436.jpg True, 30, 33, 213, 20, 12
images/train/9437.jpg True, 28, 28, 46, 22, 21
images/train/9438.jpg True, 33, 25, 103, 5, 15
images/train/9439.jpg True, 26, 21, 54, 10, 16
images/train/9440.jpg True, 25, 22, 155, 4, 20
images/train/9441.jpg False, 0, 0, 0, 0, 0
images/train/9442.jpg True, 15, 27, 196, 8, 5
images/train/9443.jpg True, 33, 17, 317, 18, 5
images/train/9444.jpg False, 0, 0, 0, 0, 0
images/train/9445.jpg True, 30, 29, 261, 9, 8
images/train/9446.jpg False, 0, 0, 0, 0, 0
images/train/9447.jpg False, 0, 0, 0, 0, 0
images/train/9448.jpg True, 16, 19, 211, 24, 22
images/train/9449.jpg True, 18, 29, 179, 9, 21
images/train/9450.jpg False, 0, 0, 0, 0, 0
images/train/9451.jpg True, 27, 23, 174, 3, 14
images/train/9452.jpg False, 0, 0, 0, 0, 0
images/train/9453.jpg True, 32, 16, 346, 17, 6
images/train/9454.jpg False, 0, 0, 0, 0, 0
images/train/9455.jpg True, 18, 24, 250, 9, 23
images/train/9456.jpg True, 17, 22, 305, 6, 4
images/train/9457.jpg False, 0, 0, 0, 0, 0
images/train/9458.jpg True, 21, 22, 244, 15, 14
images/train/9459.jpg True, 23, 30, 112, 19, 22
images/train/9460.jpg True, 34, 18, 67, 22, 19
images/train/9461.jpg False, 0, 0, 0, 0, 0
images/train/9462.jpg True, 31, 31, 328, 9, 17
images/train/9463.jpg False, 0, 0, 0, 0, 0
images/train/9464.jpg True, 30, 16, 202, 17, 3
images/train/9465.jpg True, 30, 32, 206, 24, 15
images/train/9466.jpg False, 0, 0, 0, 0, 0
images/train/9467.jpg True, 32, 29, 147, 17, 24
images/train/9468.jpg False, 0, 0, 0, 0, 0
images/train/9469.jpg True, 24, 30, 304, 4, 8
images/train/9470.jpg True, 20, 22, 166, 8, 15
images/train/9471.jpg True, 31, 32, 263, 24, 21
images/train/9472.jpg False, 0, 0, 0, 0, 0
images/train/9473.jpg False, 0, 0, 0, 0, 0
images/train/9474.jpg True, 26, 15, 350, 8, 12
images/train/9475.jpg True, 24, 28, 178, 22, 19
images/train/9476.jpg True, 28, 26, 164, 16, 14
images/train/9477.jpg False, 0, 0, 0, 0, 0
images/train/9478.jpg False, 0, 0, 0, 0, 0
images/train/9479.jpg True, 33, 26, 241, 19, 21
images/train/9480.jpg True, 19, 15, 63, 19, 22
images/train/9481.jpg True, 27, 17, 241, 5, 9
images/train/9482.jpg True, 17, 21, 93, 3, 17
images/train/9483.jpg True, 24, 19, 55, 8, 10
images/train/9484.jpg True, 33, 17, 60, 21, 14
images/train/9485.jpg False, 0, 0, 0, 0, 0
images/train/9486.jpg True, 21, 18, 181, 6, 7
images/train/9487.jpg True, 21, 28, 224, 24, 11
images/train/9488.jpg False, 0, 0, 0, 0, 0
images/train/9489.jpg False, 0, 0, 0, 0, 0
images/train/9490.jpg True, 20, 27, 43, 14, 15
images/train/9491.jpg False, 0, 0, 0, 0, 0
images/train/9492.jpg True, 21, 23, 191, 24, 18
images/train/9493.jpg True, 26, 34, 44, 7, 14
images/train/9494.jpg False, 0, 0, 0, 0, 0
images/train/9495.jpg True, 24, 18, 66, 9, 11
images/train/9496.jpg True, 15, 18, 288, 24, 23
images/train/9497.jpg True, 20, 32, 350, 19, 22
images/train/9498.jpg True, 22, 20, 269, 18, 15
images/train/9499.jpg False, 0, 0, 0, 0, 0
images/train/9500.jpg True, 30, 32, 28, 21, 24
images/train/9501.jpg True, 23, 30, 68, 18, 19
images/train/9502.jpg False, 0, 0, 0, 0, 0
images/train/9503.jpg True, 25, 23, 317, 16, 7
images/train/9504.jpg True, 32, 18, 239, 17, 17
images/train/9505.jpg True, 15, 33, 192, 10, 23
images/train/9506.jpg True, 19, 22, 267, 19, 4
images/train/9507.jpg False, 0, 0, 0, 0, 0
images/train/9508.jpg False, 0, 0, 0, 0, 0
images/train/9509.jpg True, 32, 23, 4, 6, 19
images/train/9510.jpg True, 23, 28, 69, 21, 8
images/train/9511.jpg False, 0, 0, 0, 0, 0
images/train/9512.jpg True, 25, 19, 255, 3, 12
images/train/9513.jpg False, 0, 0, 0, 0, 0
images/train/9514.jpg False, 0, 0, 0, 0, 0
images/train/9515.jpg True, 15, 21, 43, 3, 23
images/train/9516.jpg True, 20, 16, 168, 20, 16
images/train/9517.jpg True, 16, 15, 112, 18, 21
images/train/9518.jpg True, 33, 33, 325, 12, 16
images/train/9519.jpg True, 34, 21, 233, 14, 4
images/train/9520.jpg True, 23, 23, 295, 18, 16
images/train/9521.jpg False, 0, 0, 0, 0, 0
images/train/9522.jpg True, 23, 29, 316, 19, 5
images/train/9523.jpg True, 29, 33, 134, 14, 7
images/train/9524.jpg True, 18, 22, 327, 5, 22
images/train/9525.jpg False, 0, 0, 0, 0, 0
images/train/9526.jpg True, 23, 30, 320, 3, 15
images/train/9527.jpg True, 19, 16, 301, 16, 4
images/train/9528.jpg False, 0, 0, 0, 0, 0
images/train/9529.jpg True, 20, 33, 29, 18, 9
images/train/9530.jpg True, 15, 16, 211, 10, 18
images/train/9531.jpg True, 24, 34, 148, 19, 18
images/train/9532.jpg True, 23, 18, 84, 11, 13
images/train/9533.jpg True, 30, 27, 325, 24, 13
images/train/9534.jpg True, 20, 22, 267, 12, 7
images/train/9535.jpg True, 19, 17, 222, 3, 16
images/train/9536.jpg True, 18, 30, 219, 24, 5
images/train/9537.jpg True, 28, 16, 358, 18, 7
images/train/9538.jpg True, 31, 28, 165, 3, 23
images/train/9539.jpg True, 31, 20, 4, 24, 7
images/train/9540.jpg True, 33, 27, 229, 13, 18
images/train/9541.jpg True, 26, 25, 100, 4, 12
images/train/9542.jpg True, 24, 24, 75, 12, 21
images/train/9543.jpg False, 0, 0, 0, 0, 0
images/train/9544.jpg False, 0, 0, 0, 0, 0
images/train/9545.jpg False, 0, 0, 0, 0, 0
images/train/9546.jpg True, 33, 28, 108, 4, 4
images/train/9547.jpg True, 30, 15, 285, 3, 12
images/train/9548.jpg True, 23, 28, 145, 23, 11
images/train/9549.jpg True, 15, 23, 111, 7, 12
images/train/9550.jpg True, 34, 32, 212, 5, 24
images/train/9551.jpg True, 30, 22, 142, 23, 22
images/train/9552.jpg True, 28, 18, 212, 3, 23
images/train/9553.jpg True, 27, 31, 184, 3, 10
images/train/9554.jpg True, 16, 24, 269, 6, 12
images/train/9555.jpg False, 0, 0, 0, 0, 0
images/train/9556.jpg False, 0, 0, 0, 0, 0
images/train/9557.jpg False, 0, 0, 0, 0, 0
images/train/9558.jpg False, 0, 0, 0, 0, 0
images/train/9559.jpg True, 27, 26, 262, 19, 20
images/train/9560.jpg True, 20, 29, 205, 15, 5
images/train/9561.jpg True, 24, 32, 253, 7, 8
images/train/9562.jpg True, 30, 28, 85, 3, 14
images/train/9563.jpg False, 0, 0, 0, 0, 0
images/train/9564.jpg True, 20, 16, 34, 19, 23
images/train/9565.jpg True, 27, 28, 123, 4, 6
images/train/9566.jpg True, 33, 28, 338, 11, 17
images/train/9567.jpg False, 0, 0, 0, 0, 0
images/train/9568.jpg True, 17, 32, 336, 24, 23
images/train/9569.jpg True, 21, 20, 179, 18, 20
images/train/9570.jpg True, 34, 30, 109, 18, 22
images/train/9571.jpg True, 15, 21, 197, 18, 12
images/train/9572.jpg False, 0, 0, 0, 0, 0
images/train/9573.jpg True, 15, 34, 259, 11, 9
images/train/9574.jpg True, 31, 17, 264, 9, 10
images/train/9575.jpg True, 17, 22, 349, 17, 24
images/train/9576.jpg True, 31, 30, 294, 18, 6
images/train/9577.jpg False, 0, 0, 0, 0, 0
images/train/9578.jpg False, 0, 0, 0, 0, 0
images/train/9579.jpg False, 0, 0, 0, 0, 0
images/train/9580.jpg True, 28, 21, 147, 18, 4
images/train/9581.jpg True, 15, 15, 352, 20, 21
images/train/9582.jpg True, 21, 28, 352, 22, 7
images/train/9583.jpg False, 0, 0, 0, 0, 0
images/train/9584.jpg True, 29, 22, 23, 14, 12
images/train/9585.jpg True, 22, 34, 142, 9, 3
images/train/9586.jpg True, 30, 31, 264, 21, 5
images/train/9587.jpg True, 17, 20, 94, 9, 7
images/train/9588.jpg False, 0, 0, 0, 0, 0
images/train/9589.jpg False, 0, 0, 0, 0, 0
images/train/9590.jpg True, 26, 18, 236, 14, 8
images/train/9591.jpg False, 0, 0, 0, 0, 0
images/train/9592.jpg True, 24, 22, 90, 8, 4
images/train/9593.jpg True, 21, 27, 83, 20, 15
images/train/9594.jpg True, 23, 21, 111, 5, 21
images/train/9595.jpg True, 17, 27, 11, 11, 13
images/train/9596.jpg True, 17, 30, 341, 9, 7
images/train/9597.jpg True, 22, 30, 45, 7, 14
images/train/9598.jpg True, 32, 15, 235, 5, 6
images/train/9599.jpg True, 31, 15, 201, 17, 23
images/train/9600.jpg False, 0, 0, 0, 0, 0
images/train/9601.jpg False, 0, 0, 0, 0, 0
images/train/9602.jpg True, 31, 30, 135, 22, 4
images/train/9603.jpg True, 15, 24, 142, 19, 18
images/train/9604.jpg True, 16, 28, 245, 15, 11
images/train/9605.jpg True, 19, 21, 127, 10, 14
images/train/9606.jpg True, 23, 25, 256, 16, 6
images/train/9607.jpg True, 23, 34, 242, 19, 19
images/train/9608.jpg True, 26, 23, 223, 7, 24
images/train/9609.jpg True, 16, 22, 117, 11, 3
images/train/9610.jpg False, 0, 0, 0, 0, 0
images/train/9611.jpg False, 0, 0, 0, 0, 0
images/train/9612.jpg True, 19, 23, 8, 15, 12
images/train/9613.jpg True, 25, 18, 97, 22, 21
images/train/9614.jpg False, 0, 0, 0, 0, 0
images/train/9615.jpg False, 0, 0, 0, 0, 0
images/train/9616.jpg True, 16, 15, 13, 17, 5
images/train/9617.jpg False, 0, 0, 0, 0, 0
images/train/9618.jpg True, 20, 17, 118, 17, 24
images/train/9619.jpg True, 27, 31, 202, 16, 5
images/train/9620.jpg True, 23, 20, 266, 22, 17
images/train/9621.jpg True, 18, 32, 122, 4, 24
images/train/9622.jpg True, 34, 18, 23, 23, 17
images/train/9623.jpg True, 30, 33, 164, 22, 12
images/train/9624.jpg True, 27, 18, 277, 18, 8
images/train/9625.jpg True, 20, 26, 26, 11, 14
images/train/9626.jpg True, 25, 16, 49, 16, 7
images/train/9627.jpg False, 0, 0, 0, 0, 0
images/train/9628.jpg True, 16, 31, 265, 20, 17
images/train/9629.jpg False, 0, 0, 0, 0, 0
images/train/9630.jpg False, 0, 0, 0, 0, 0
images/train/9631.jpg True, 25, 21, 145, 17, 20
images/train/9632.jpg False, 0, 0, 0, 0, 0
images/train/9633.jpg True, 18, 25, 287, 23, 16
images/train/9634.jpg True, 16, 29, 125, 8, 9
images/train/9635.jpg True, 18, 26, 107, 16, 14
images/train/9636.jpg True, 34, 25, 229, 9, 6
images/train/9637.jpg False, 0, 0, 0, 0, 0
images/train/9638.jpg True, 18, 33, 136, 12, 10
images/train/9639.jpg True, 30, 25, 104, 21, 18
images/train/9640.jpg True, 23, 20, 22, 4, 21
images/train/9641.jpg True, 19, 32, 340, 7, 11
images/train/9642.jpg False, 0, 0, 0, 0, 0
images/train/9643.jpg True, 24, 33, 290, 4, 8
images/train/9644.jpg True, 32, 24, 118, 12, 4
images/train/9645.jpg True, 21, 23, 286, 22, 13
images/train/9646.jpg False, 0, 0, 0, 0, 0
images/train/9647.jpg False, 0, 0, 0, 0, 0
images/train/9648.jpg True, 32, 18, 247, 5, 8
images/train/9649.jpg False, 0, 0, 0, 0, 0
images/train/9650.jpg False, 0, 0, 0, 0, 0
images/train/9651.jpg True, 16, 31, 191, 11, 24
images/train/9652.jpg True, 28, 34, 173, 22, 8
images/train/9653.jpg True, 23, 31, 13, 17, 23
images/train/9654.jpg True, 33, 19, 137, 6, 5
images/train/9655.jpg False, 0, 0, 0, 0, 0
images/train/9656.jpg False, 0, 0, 0, 0, 0
images/train/9657.jpg True, 18, 34, 88, 22, 13
images/train/9658.jpg True, 27, 28, 257, 3, 5
images/train/9659.jpg True, 17, 33, 54, 19, 17
images/train/9660.jpg False, 0, 0, 0, 0, 0
images/train/9661.jpg True, 29, 30, 28, 10, 9
images/train/9662.jpg True, 34, 23, 53, 23, 4
images/train/9663.jpg True, 31, 20, 75, 22, 6
images/train/9664.jpg True, 34, 24, 51, 11, 24
images/train/9665.jpg False, 0, 0, 0, 0, 0
images/train/9666.jpg True, 20, 28, 277, 5, 20
images/train/9667.jpg True, 20, 22, 106, 14, 22
images/train/9668.jpg True, 33, 21, 81, 18, 23
images/train/9669.jpg False, 0, 0, 0, 0, 0
images/train/9670.jpg True, 29, 33, 324, 14, 3
images/train/9671.jpg True, 26, 15, 167, 12, 17
images/train/9672.jpg True, 34, 20, 10, 14, 22
images/train/9673.jpg True, 30, 18, 98, 9, 6
images/train/9674.jpg True, 26, 28, 296, 15, 14
images/train/9675.jpg True, 25, 32, 327, 7, 5
images/train/9676.jpg True, 21, 34, 87, 10, 21
images/train/9677.jpg False, 0, 0, 0, 0, 0
images/train/9678.jpg True, 26, 23, 132, 3, 4
images/train/9679.jpg True, 34, 31, 190, 20, 5
images/train/9680.jpg False, 0, 0, 0, 0, 0
images/train/9681.jpg True, 24, 17, 23, 14, 18
images/train/9682.jpg False, 0, 0, 0, 0, 0
images/train/9683.jpg True, 22, 17, 351, 17, 14
images/train/9684.jpg True, 33, 32, 35, 21, 19
images/train/9685.jpg True, 15, 26, 327, 17, 17
images/train/9686.jpg True, 17, 30, 159, 3, 15
images/train/9687.jpg False, 0, 0, 0, 0, 0
images/train/9688.jpg False, 0, 0, 0, 0, 0
images/train/9689.jpg True, 26, 30, 267, 6, 11
images/train/9690.jpg True, 27, 19, 149, 18, 17
images/train/9691.jpg True, 18, 32, 222, 17, 3
images/train/9692.jpg False, 0, 0, 0, 0, 0
images/train/9693.jpg True, 30, 23, 78, 22, 13
images/train/9694.jpg False, 0, 0, 0, 0, 0
images/train/9695.jpg True, 17, 25, 219, 15, 7
images/train/9696.jpg True, 25, 23, 61, 15, 11
images/train/9697.jpg True, 32, 22, 245, 22, 24
images/train/9698.jpg True, 28, 31, 271, 21, 4
images/train/9699.jpg True, 21, 16, 207, 21, 4
images/train/9700.jpg True, 30, 24, 298, 4, 22
images/train/9701.jpg True, 25, 31, 122, 5, 15
images/train/9702.jpg True, 19, 16, 302, 24, 16
images/train/9703.jpg False, 0, 0, 0, 0, 0
images/train/9704.jpg False, 0, 0, 0, 0, 0
images/train/9705.jpg True, 22, 17, 161, 15, 17
images/train/9706.jpg False, 0, 0, 0, 0, 0
images/train/9707.jpg True, 22, 16, 151, 9, 18
images/train/9708.jpg False, 0, 0, 0, 0, 0
images/train/9709.jpg True, 28, 18, 90, 4, 3
images/train/9710.jpg True, 25, 34, 63, 10, 13
images/train/9711.jpg True, 19, 34, 171, 23, 14
images/train/9712.jpg True, 28, 30, 185, 14, 17
images/train/9713.jpg True, 28, 20, 13, 3, 21
images/train/9714.jpg True, 25, 16, 47, 11, 10
images/train/9715.jpg True, 28, 18, 328, 13, 3
images/train/9716.jpg True, 18, 29, 109, 18, 16
images/train/9717.jpg False, 0, 0, 0, 0, 0
images/train/9718.jpg True, 19, 25, 13, 20, 14
images/train/9719.jpg True, 18, 23, 307, 14, 18
images/train/9720.jpg False, 0, 0, 0, 0, 0
images/train/9721.jpg True, 16, 27, 277, 24, 15
images/train/9722.jpg True, 34, 32, 42, 10, 10
images/train/9723.jpg True, 22, 25, 143, 23, 10
images/train/9724.jpg False, 0, 0, 0, 0, 0
images/train/9725.jpg True, 19, 15, 253, 12, 10
images/train/9726.jpg False, 0, 0, 0, 0, 0
images/train/9727.jpg False, 0, 0, 0, 0, 0
images/train/9728.jpg True, 27, 25, 243, 21, 18
images/train/9729.jpg False, 0, 0, 0, 0, 0
images/train/9730.jpg False, 0, 0, 0, 0, 0
images/train/9731.jpg True, 30, 34, 350, 8, 19
images/train/9732.jpg True, 18, 27, 16, 7, 10
images/train/9733.jpg True, 19, 28, 62, 6, 16
images/train/9734.jpg True, 31, 23, 357, 20, 3
images/train/9735.jpg True, 27, 23, 332, 7, 17
images/train/9736.jpg False, 0, 0, 0, 0, 0
images/train/9737.jpg False, 0, 0, 0, 0, 0
images/train/9738.jpg True, 22, 31, 105, 15, 6
images/train/9739.jpg True, 28, 33, 128, 18, 14
images/train/9740.jpg True, 27, 22, 120, 21, 11
images/train/9741.jpg True, 20, 31, 312, 14, 19
images/train/9742.jpg True, 15, 26, 10, 24, 24
images/train/9743.jpg True, 23, 32, 19, 13, 9
images/train/9744.jpg True, 20, 25, 260, 7, 21
images/train/9745.jpg True, 22, 27, 196, 6, 11
images/train/9746.jpg True, 18, 33, 263, 14, 8
images/train/9747.jpg True, 21, 28, 144, 14, 14
images/train/9748.jpg True, 17, 15, 328, 23, 4
images/train/9749.jpg True, 15, 20, 278, 10, 21
images/train/9750.jpg False, 0, 0, 0, 0, 0
images/train/9751.jpg True, 29, 34, 324, 5, 12
images/train/9752.jpg True, 27, 21, 17, 18, 10
images/train/9753.jpg False, 0, 0, 0, 0, 0
images/train/9754.jpg True, 22, 30, 178, 13, 20
images/train/9755.jpg True, 34, 21, 273, 6, 17
images/train/9756.jpg False, 0, 0, 0, 0, 0
images/train/9757.jpg True, 26, 27, 261, 15, 23
images/train/9758.jpg False, 0, 0, 0, 0, 0
images/train/9759.jpg True, 18, 31, 358, 17, 4
images/train/9760.jpg True, 33, 32, 159, 11, 11
images/train/9761.jpg True, 24, 28, 125, 23, 8
images/train/9762.jpg True, 23, 23, 199, 20, 9
images/train/9763.jpg True, 17, 24, 240, 12, 19
images/train/9764.jpg True, 22, 26, 184, 13, 24
images/train/9765.jpg True, 20, 21, 241, 22, 23
images/train/9766.jpg False, 0, 0, 0, 0, 0
images/train/9767.jpg True, 25, 25, 37, 16, 3
images/train/9768.jpg True, 24, 15, 325, 12, 5
images/train/9769.jpg False, 0, 0, 0, 0, 0
images/train/9770.jpg True, 16, 25, 311, 15, 16
images/train/9771.jpg True, 15, 23, 299, 10, 8
images/train/9772.jpg True, 33, 24, 96, 22, 4
images/train/9773.jpg False, 0, 0, 0, 0, 0
images/train/9774.jpg True, 28, 26, 202, 22, 10
images/train/9775.jpg False, 0, 0, 0, 0, 0
images/train/9776.jpg True, 15, 18, 158, 9, 6
images/train/9777.jpg True, 15, 25, 243, 21, 24
images/train/9778.jpg True, 20, 27, 201, 16, 13
images/train/9779.jpg True, 21, 20, 229, 22, 7
images/train/9780.jpg False, 0, 0, 0, 0, 0
images/train/9781.jpg True, 20, 27, 230, 5, 10
images/train/9782.jpg True, 25, 25, 150, 13, 11
images/train/9783.jpg True, 24, 20, 102, 11, 11
images/train/9784.jpg True, 18, 19, 211, 22, 23
images/train/9785.jpg True, 24, 31, 244, 24, 16
images/train/9786.jpg True, 21, 34, 11, 5, 8
images/train/9787.jpg False, 0, 0, 0, 0, 0
images/train/9788.jpg True, 22, 20, 221, 3, 20
images/train/9789.jpg True, 15, 28, 189, 14, 19
images/train/9790.jpg True, 23, 24, 167, 14, 17
images/train/9791.jpg False, 0, 0, 0, 0, 0
images/train/9792.jpg False, 0, 0, 0, 0, 0
images/train/9793.jpg False, 0, 0, 0, 0, 0
images/train/9794.jpg True, 22, 34, 216, 11, 23
images/train/9795.jpg True, 32, 17, 137, 4, 10
images/train/9796.jpg True, 22, 30, 76, 14, 10
images/train/9797.jpg True, 27, 26, 81, 12, 23
images/train/9798.jpg False, 0, 0, 0, 0, 0
images/train/9799.jpg True, 21, 29, 127, 16, 18
images/train/9800.jpg True, 32, 26, 345, 23, 3
images/train/9801.jpg True, 27, 15, 343, 9, 4
images/train/9802.jpg False, 0, 0, 0, 0, 0
images/train/9803.jpg True, 33, 24, 79, 20, 18
images/train/9804.jpg False, 0, 0, 0, 0, 0
images/train/9805.jpg True, 33, 24, 39, 21, 23
images/train/9806.jpg False, 0, 0, 0, 0, 0
images/train/9807.jpg False, 0, 0, 0, 0, 0
images/train/9808.jpg False, 0, 0, 0, 0, 0
images/train/9809.jpg True, 16, 29, 304, 18, 13
images/train/9810.jpg False, 0, 0, 0, 0, 0
images/train/9811.jpg True, 24, 20, 187, 14, 21
images/train/9812.jpg True, 30, 28, 256, 18, 10
images/train/9813.jpg False, 0, 0, 0, 0, 0
images/train/9814.jpg False, 0, 0, 0, 0, 0
images/train/9815.jpg True, 29, 28, 93, 23, 11
images/train/9816.jpg True, 19, 25, 188, 19, 4
images/train/9817.jpg True, 26, 20, 17, 20, 5
images/train/9818.jpg True, 19, 22, 16, 24, 11
images/train/9819.jpg False, 0, 0, 0, 0, 0
images/train/9820.jpg False, 0, 0, 0, 0, 0
images/train/9821.jpg True, 31, 21, 37, 24, 7
images/train/9822.jpg True, 27, 21, 21, 9, 17
images/train/9823.jpg False, 0, 0, 0, 0, 0
images/train/9824.jpg False, 0, 0, 0, 0, 0
images/train/9825.jpg True, 19, 16, 336, 20, 16
images/train/9826.jpg False, 0, 0, 0, 0, 0
images/train/9827.jpg True, 22, 18, 150, 14, 22
images/train/9828.jpg True, 26, 22, 71, 13, 12
images/train/9829.jpg True, 21, 23, 285, 5, 21
images/train/9830.jpg True, 21, 15, 33, 7, 8
images/train/9831.jpg True, 31, 15, 119, 23, 9
images/train/9832.jpg True, 31, 17, 206, 11, 20
images/train/9833.jpg False, 0, 0, 0, 0, 0
images/train/9834.jpg False, 0, 0, 0, 0, 0
images/train/9835.jpg True, 22, 30, 91, 22, 15
images/train/9836.jpg True, 17, 17, 178, 21, 10
images/train/9837.jpg False, 0, 0, 0, 0, 0
images/train/9838.jpg True, 29, 29, 83, 19, 13
images/train/9839.jpg True, 27, 19, 27, 7, 12
images/train/9840.jpg True, 28, 30, 243, 13, 4
images/train/9841.jpg True, 22, 24, 263, 22, 17
images/train/9842.jpg False, 0, 0, 0, 0, 0
images/train/9843.jpg True, 16, 15, 52, 15, 6
images/train/9844.jpg False, 0, 0, 0, 0, 0
images/train/9845.jpg False, 0, 0, 0, 0, 0
images/train/9846.jpg True, 18, 34, 95, 11, 16
images/train/9847.jpg True, 15, 28, 242, 23, 18
images/train/9848.jpg False, 0, 0, 0, 0, 0
images/train/9849.jpg True, 31, 18, 327, 6, 5
images/train/9850.jpg True, 27, 20, 124, 19, 5
images/train/9851.jpg False, 0, 0, 0, 0, 0
images/train/9852.jpg False, 0, 0, 0, 0, 0
images/train/9853.jpg True, 20, 31, 338, 19, 23
images/train/9854.jpg False, 0, 0, 0, 0, 0
images/train/9855.jpg True, 24, 16, 54, 5, 23
images/train/9856.jpg True, 19, 26, 295, 11, 16
images/train/9857.jpg True, 22, 26, 313, 5, 20
images/train/9858.jpg True, 16, 24, 262, 11, 5
images/train/9859.jpg True, 24, 30, 143, 11, 20
images/train/9860.jpg True, 17, 15, 176, 11, 24
images/train/9861.jpg False, 0, 0, 0, 0, 0
images/train/9862.jpg True, 20, 18, 124, 24, 11
images/train/9863.jpg False, 0, 0, 0, 0, 0
images/train/9864.jpg True, 26, 24, 309, 20, 19
images/train/9865.jpg True, 17, 31, 307, 21, 12
images/train/9866.jpg False, 0, 0, 0, 0, 0
images/train/9867.jpg True, 26, 29, 160, 6, 21
images/train/9868.jpg True, 17, 16, 143, 15, 10
images/train/9869.jpg True, 20, 16, 35, 3, 10
images/train/9870.jpg True, 20, 30, 48, 4, 14
images/train/9871.jpg True, 31, 22, 272, 20, 12
images/train/9872.jpg True, 31, 28, 302, 8, 3
images/train/9873.jpg False, 0, 0, 0, 0, 0
images/train/9874.jpg True, 16, 23, 5, 9, 12
images/train/9875.jpg True, 17, 23, 182, 15, 24
images/train/9876.jpg True, 34, 33, 164, 4, 8
images/train/9877.jpg True, 20, 19, 234, 4, 14
images/train/9878.jpg False, 0, 0, 0, 0, 0
images/train/9879.jpg True, 28, 23, 252, 9, 21
images/train/9880.jpg False, 0, 0, 0, 0, 0
images/train/9881.jpg False, 0, 0, 0, 0, 0
images/train/9882.jpg True, 30, 24, 244, 11, 17
images/train/9883.jpg True, 28, 23, 193, 20, 9
images/train/9884.jpg True, 16, 33, 185, 21, 12
images/train/9885.jpg True, 22, 18, 55, 11, 6
images/train/9886.jpg False, 0, 0, 0, 0, 0
images/train/9887.jpg True, 32, 32, 187, 15, 4
images/train/9888.jpg True, 30, 33, 200, 21, 8
images/train/9889.jpg False, 0, 0, 0, 0, 0
images/train/9890.jpg True, 26, 21, 52, 20, 20
images/train/9891.jpg True, 31, 21, 129, 6, 17
images/train/9892.jpg False, 0, 0, 0, 0, 0
images/train/9893.jpg True, 24, 19, 253, 15, 19
images/train/9894.jpg True, 34, 22, 153, 13, 4
images/train/9895.jpg True, 30, 18, 354, 19, 19
images/train/9896.jpg True, 17, 34, 296, 7, 8
images/train/9897.jpg True, 33, 21, 185, 8, 21
images/train/9898.jpg False, 0, 0, 0, 0, 0
images/train/9899.jpg True, 22, 27, 339, 3, 3
images/train/9900.jpg True, 22, 29, 36, 18, 7
images/train/9901.jpg False, 0, 0, 0, 0, 0
images/train/9902.jpg True, 20, 27, 106, 18, 23
images/train/9903.jpg True, 15, 32, 34, 12, 3
images/train/9904.jpg True, 23, 34, 2, 10, 22
images/train/9905.jpg False, 0, 0, 0, 0, 0
images/train/9906.jpg True, 22, 22, 253, 3, 20
images/train/9907.jpg True, 17, 30, 53, 24, 8
images/train/9908.jpg True, 17, 33, 296, 20, 8
images/train/9909.jpg False, 0, 0, 0, 0, 0
images/train/9910.jpg True, 28, 16, 59, 12, 12
images/train/9911.jpg False, 0, 0, 0, 0, 0
images/train/9912.jpg False, 0, 0, 0, 0, 0
images/train/9913.jpg True, 32, 30, 86, 10, 9
images/train/9914.jpg True, 27, 34, 129, 5, 6
images/train/9915.jpg True, 22, 24, 24, 13, 12
images/train/9916.jpg True, 19, 25, 25, 16, 20
images/train/9917.jpg True, 28, 26, 312, 16, 23
images/train/9918.jpg True, 32, 22, 149, 9, 22
images/train/9919.jpg False, 0, 0, 0, 0, 0
images/train/9920.jpg False, 0, 0, 0, 0, 0
images/train/9921.jpg True, 16, 29, 311, 5, 18
images/train/9922.jpg False, 0, 0, 0, 0, 0
images/train/9923.jpg True, 32, 32, 305, 8, 5
images/train/9924.jpg True, 20, 30, 168, 3, 23
images/train/9925.jpg True, 18, 24, 198, 15, 21
images/train/9926.jpg True, 22, 22, 152, 10, 5
images/train/9927.jpg False, 0, 0, 0, 0, 0
images/train/9928.jpg True, 28, 26, 237, 18, 4
images/train/9929.jpg False, 0, 0, 0, 0, 0
images/train/9930.jpg True, 27, 23, 96, 13, 17
images/train/9931.jpg False, 0, 0, 0, 0, 0
images/train/9932.jpg True, 31, 26, 268, 4, 16
images/train/9933.jpg True, 17, 23, 182, 21, 14
images/train/9934.jpg True, 15, 30, 145, 24, 5
images/train/9935.jpg True, 29, 26, 42, 11, 3
images/train/9936.jpg True, 34, 15, 10, 22, 10
images/train/9937.jpg True, 17, 20, 305, 8, 5
images/train/9938.jpg False, 0, 0, 0, 0, 0
images/train/9939.jpg True, 33, 22, 357, 22, 14
images/train/9940.jpg True, 19, 27, 26, 19, 13
images/train/9941.jpg True, 27, 31, 250, 10, 15
images/train/9942.jpg True, 25, 24, 96, 12, 16
images/train/9943.jpg True, 20, 22, 69, 24, 17
images/train/9944.jpg False, 0, 0, 0, 0, 0
images/train/9945.jpg True, 19, 24, 143, 20, 3
images/train/9946.jpg True, 22, 30, 75, 5, 12
images/train/9947.jpg True, 29, 27, 173, 3, 23
images/train/9948.jpg True, 25, 15, 243, 7, 8
images/train/9949.jpg True, 30, 27, 86, 10, 10
images/train/9950.jpg True, 27, 28, 238, 4, 11
images/train/9951.jpg True, 15, 27, 357, 17, 3
images/train/9952.jpg True, 33, 22, 239, 11, 13
images/train/9953.jpg True, 34, 33, 143, 19, 21
images/train/9954.jpg True, 21, 16, 16, 22, 11
images/train/9955.jpg True, 22, 27, 262, 13, 12
images/train/9956.jpg False, 0, 0, 0, 0, 0
images/train/9957.jpg True, 24, 24, 285, 3, 6
images/train/9958.jpg True, 26, 20, 28, 8, 17
images/train/9959.jpg True, 28, 27, 208, 7, 19
images/train/9960.jpg False, 0, 0, 0, 0, 0
images/train/9961.jpg False, 0, 0, 0, 0, 0
images/train/9962.jpg False, 0, 0, 0, 0, 0
images/train/9963.jpg True, 29, 23, 287, 5, 24
images/train/9964.jpg True, 27, 31, 249, 24, 16
images/train/9965.jpg True, 16, 19, 254, 9, 10
images/train/9966.jpg False, 0, 0, 0, 0, 0
images/train/9967.jpg True, 34, 24, 179, 9, 15
images/train/9968.jpg True, 32, 15, 43, 15, 22
images/train/9969.jpg False, 0, 0, 0, 0, 0
images/train/9970.jpg True, 23, 23, 171, 8, 4
images/train/9971.jpg True, 32, 21, 266, 24, 12
images/train/9972.jpg True, 25, 18, 226, 10, 18
images/train/9973.jpg True, 16, 21, 211, 12, 5
images/train/9974.jpg True, 24, 20, 223, 23, 12
images/train/9975.jpg False, 0, 0, 0, 0, 0
images/train/9976.jpg False, 0, 0, 0, 0, 0
images/train/9977.jpg True, 30, 20, 56, 11, 20
images/train/9978.jpg True, 16, 19, 7, 19, 19
images/train/9979.jpg True, 33, 34, 230, 23, 9
images/train/9980.jpg True, 27, 34, 143, 22, 4
images/train/9981.jpg True, 15, 32, 177, 24, 23
images/train/9982.jpg True, 20, 25, 196, 20, 22
images/train/9983.jpg True, 27, 19, 158, 11, 15
images/train/9984.jpg True, 26, 15, 3, 3, 17
images/train/9985.jpg True, 18, 21, 334, 4, 11
images/train/9986.jpg True, 22, 24, 193, 3, 14
images/train/9987.jpg False, 0, 0, 0, 0, 0
images/train/9988.jpg True, 32, 30, 291, 3, 24
images/train/9989.jpg False, 0, 0, 0, 0, 0
images/train/9990.jpg True, 30, 16, 267, 21, 10
images/train/9991.jpg True, 26, 26, 331, 19, 15
images/train/9992.jpg True, 31, 32, 126, 7, 19
images/train/9993.jpg True, 24, 32, 272, 10, 10
images/train/9994.jpg False, 0, 0, 0, 0, 0
images/train/9995.jpg False, 0, 0, 0, 0, 0
images/train/9996.jpg True, 30, 22, 321, 6, 10
images/train/9997.jpg True, 19, 26, 342, 10, 14
images/train/9998.jpg True, 31, 17, 52, 17, 21
images/train/9999.jpg True, 27, 34, 194, 23, 12
